ScannerAge,OperatingHours,ScansPerformed,DaysSinceMaintenance,TubeWear,HeatLoad,TubeArcs,FilamentCurrent,FocalSpotDrift,GantryVibration,BearingTemperature,DetectorTemperature,DetectorDropouts,SNR,CoolantFlow,CoolantTemperature,ChillerCycles,Voltage,UPSHealth,WarningCodes,ErrorCodes,HealthScore,RULDays,FailureProbability,ComponentAtRisk
4.8,10917.0,37907.0,165,56.5,64.5,12,4.6,0.63,0.39,41.4,30.1,1,25.9,5.1,38.5,107,412.4,81.4,8,4,17.9,59.0,0.83,X-Ray Tube Anode
11.4,26956.0,74360.0,79,98.0,89.9,20,5.57,1.02,0.85,52.4,32.3,0,23.1,4.4,44.1,126,397.9,55.7,19,5,5.0,19.0,0.95,X-Ray Tube Anode
8.9,17616.0,67092.0,61,66.2,58.0,13,4.93,0.68,0.52,47.4,29.7,0,25.6,6.6,32.7,96,404.3,65.7,13,2,16.1,49.0,0.83,X-Ray Tube Anode
7.4,16522.0,56501.0,113,56.4,53.2,13,4.93,0.61,0.41,41.0,24.5,0,26.7,5.8,33.3,90,408.5,72.2,11,1,29.8,103.0,0.71,X-Ray Tube Anode
2.3,5048.0,13810.0,121,26.4,32.9,6,4.78,0.34,0.14,46.0,26.3,3,29.1,6.4,26.0,74,401.5,85.4,6,2,49.9,170.0,0.52,Coolant Loop Unit
2.3,5466.0,21557.0,34,26.0,33.3,3,4.43,0.33,0.22,42.0,24.4,1,29.5,6.7,28.4,85,399.7,94.1,6,0,63.3,215.0,0.38,Coolant Loop Unit
1.2,2843.0,9318.0,70,5.0,24.8,1,4.17,0.11,0.07,32.8,26.2,3,29.1,7.3,22.9,68,401.2,94.7,3,1,72.8,248.0,0.28,Detector Array
10.5,18919.0,49366.0,17,58.4,60.9,15,4.88,0.56,0.61,40.9,26.0,2,29.8,6.5,32.2,94,384.5,60.7,17,0,17.4,58.0,0.86,X-Ray Tube Anode
7.4,16841.0,57936.0,20,70.7,63.5,16,5.05,0.72,0.56,45.2,28.7,1,25.2,6.3,36.5,104,378.8,70.0,14,1,16.5,57.0,0.86,X-Ray Tube Anode
8.6,15871.0,45704.0,59,67.7,58.8,17,5.3,0.69,0.47,47.5,29.0,2,26.6,6.5,30.3,87,406.0,69.5,11,1,16.9,56.0,0.83,X-Ray Tube Anode
0.7,1609.0,5963.0,69,5.0,16.9,3,4.49,0.11,0.01,36.7,22.9,2,31.1,7.8,20.2,62,397.4,91.4,3,1,74.2,247.0,0.28,Coolant Loop Unit
11.7,23324.0,86921.0,161,83.8,88.3,18,5.3,0.9,0.81,52.5,32.0,0,23.8,4.5,43.8,120,393.2,60.4,18,4,5.0,11.0,0.96,X-Ray Tube Anode
10.1,20295.0,80538.0,102,86.4,79.9,16,5.45,0.82,0.57,45.8,32.9,0,24.0,5.3,39.5,106,401.8,66.2,14,4,5.0,15.0,0.94,X-Ray Tube Anode
2.9,6022.0,19589.0,120,38.9,54.6,7,4.64,0.44,0.43,41.7,28.5,4,28.5,5.9,32.5,95,398.7,86.7,4,4,30.2,101.0,0.73,Coolant Loop Unit
2.6,5791.0,18428.0,145,19.2,40.4,4,4.48,0.33,0.26,39.4,25.5,1,29.6,6.7,26.3,82,389.7,83.1,4,1,58.3,183.0,0.45,Coolant Loop Unit
2.6,5307.0,19264.0,57,14.2,30.2,4,4.33,0.27,0.17,35.8,27.0,1,32.0,6.7,23.9,70,407.6,88.1,2,1,65.0,221.0,0.37,Coolant Loop Unit
4.0,9249.0,24960.0,83,39.4,51.7,6,4.48,0.52,0.33,41.1,28.6,0,25.2,5.7,31.8,88,409.0,84.1,9,1,42.1,154.0,0.59,Coolant Loop Unit
6.5,13613.0,45200.0,129,59.5,55.5,15,5.09,0.61,0.25,44.5,29.1,0,24.1,5.2,30.7,81,401.7,75.7,12,2,25.4,90.0,0.76,X-Ray Tube Anode
5.5,10103.0,33535.0,13,37.5,50.0,12,4.73,0.48,0.4,41.5,26.7,2,28.8,7.0,30.5,85,401.3,85.2,8,1,34.8,117.0,0.65,X-Ray Tube Anode
3.8,9040.0,23814.0,155,52.4,52.1,11,4.83,0.52,0.5,47.8,24.4,2,24.9,5.5,34.8,100,399.9,86.5,8,2,25.6,83.0,0.77,X-Ray Tube Anode
7.5,15073.0,47132.0,6,67.5,73.9,13,5.01,0.69,0.28,43.6,29.5,2,24.6,5.6,39.9,109,401.0,77.7,10,1,21.8,66.0,0.76,X-Ray Tube Anode
2.1,4425.0,16726.0,97,14.6,21.9,5,4.15,0.22,0.15,35.0,23.1,0,31.2,6.9,24.6,77,402.8,94.0,3,1,65.0,225.0,0.34,Coolant Loop Unit
3.9,8799.0,33299.0,94,22.5,41.2,3,4.32,0.27,0.28,38.5,26.0,0,32.7,7.3,28.4,80,396.2,86.7,3,2,60.0,206.0,0.35,Coolant Loop Unit
4.7,9581.0,25377.0,110,48.9,46.2,7,4.84,0.52,0.38,46.5,26.3,1,27.2,6.3,30.1,83,406.4,82.9,7,1,36.5,118.0,0.64,X-Ray Tube Anode
5.7,10568.0,27859.0,151,51.8,63.9,10,4.74,0.54,0.5,43.2,29.8,2,26.1,5.8,35.3,93,401.4,73.0,15,0,23.4,84.0,0.79,X-Ray Tube Anode
9.5,19647.0,56861.0,138,76.2,69.4,16,5.08,0.74,0.6,48.1,31.6,2,21.6,4.6,36.0,101,406.2,59.5,14,3,5.0,21.0,0.98,X-Ray Tube Anode
2.8,6882.0,26235.0,51,30.3,44.3,4,4.55,0.42,0.4,50.0,28.9,2,29.0,6.8,28.2,83,410.1,91.5,8,1,47.0,156.0,0.53,Coolant Loop Unit
6.4,14426.0,38854.0,147,56.5,59.3,11,4.78,0.6,0.45,47.8,30.4,0,26.4,5.6,31.2,92,400.3,76.3,8,1,31.0,104.0,0.69,X-Ray Tube Anode
7.3,16600.0,59429.0,51,70.6,66.7,12,4.9,0.75,0.53,46.9,28.7,1,24.1,6.2,37.1,107,402.7,76.5,14,1,16.3,57.0,0.84,X-Ray Tube Anode
1.0,2319.0,6150.0,87,5.0,26.4,1,4.02,0.15,0.14,40.6,25.3,0,33.4,6.8,24.6,76,405.2,90.7,3,0,77.6,267.0,0.26,Coolant Loop Unit
7.5,14519.0,49869.0,68,48.7,63.1,7,4.76,0.54,0.53,46.6,31.9,1,27.8,6.3,38.1,104,400.6,73.8,11,4,20.3,64.0,0.8,X-Ray Tube Anode
2.5,5151.0,15627.0,84,27.1,29.8,5,4.62,0.35,0.15,41.4,23.2,1,30.0,7.0,24.3,68,397.2,91.8,5,1,61.8,213.0,0.42,Coolant Loop Unit
1.2,2903.0,10691.0,42,19.1,41.8,3,4.18,0.26,0.19,33.1,29.0,1,26.9,6.8,28.6,88,401.5,92.7,3,2,61.2,208.0,0.41,Coolant Loop Unit
11.4,21352.0,60864.0,57,81.5,79.2,16,5.17,0.9,0.52,46.0,30.0,1,22.9,5.3,40.8,109,410.4,55.9,15,3,5.0,23.0,0.97,X-Ray Tube Anode
11.6,23146.0,80056.0,166,86.6,86.8,16,5.28,0.92,0.64,42.9,32.9,2,25.5,3.7,43.7,112,380.6,55.3,13,3,5.0,21.0,0.94,X-Ray Tube Anode
9.8,19529.0,55726.0,62,87.3,78.8,16,5.1,0.89,0.52,46.9,32.1,1,23.6,4.7,39.9,108,406.0,62.6,15,3,5.0,17.0,0.93,X-Ray Tube Anode
4.0,8416.0,30050.0,7,27.9,39.0,4,4.75,0.33,0.28,40.5,27.0,1,28.5,6.9,31.0,88,401.2,83.5,4,1,56.9,198.0,0.43,Coolant Loop Unit
1.6,4036.0,15378.0,112,16.6,39.0,1,4.34,0.24,0.13,42.0,30.0,1,31.7,6.3,26.8,79,395.8,91.5,4,0,65.8,216.0,0.34,Coolant Loop Unit
8.4,15459.0,41588.0,178,61.3,61.2,17,4.92,0.67,0.55,49.3,28.9,0,26.2,4.8,36.7,102,406.9,70.6,14,1,13.3,43.0,0.84,X-Ray Tube Anode
5.6,12031.0,45715.0,26,36.4,46.2,6,4.61,0.5,0.3,40.0,25.1,1,29.6,6.9,28.8,90,390.4,79.1,5,0,56.4,187.0,0.46,X-Ray Tube Anode
1.9,3665.0,12426.0,154,16.2,21.7,5,4.13,0.18,0.01,34.0,25.1,1,34.7,6.9,23.3,68,396.8,88.6,6,0,67.0,225.0,0.33,Coolant Loop Unit
6.2,15359.0,41326.0,19,62.2,56.7,12,5.1,0.69,0.35,43.9,28.5,0,27.8,6.0,33.6,97,410.5,79.0,8,0,34.7,115.0,0.66,X-Ray Tube Anode
0.9,1683.0,5286.0,9,9.6,29.6,4,4.17,0.24,0.17,37.1,26.4,0,30.9,7.7,24.5,70,384.9,92.3,4,2,64.8,214.0,0.39,Coolant Loop Unit
11.0,22819.0,62552.0,61,92.5,89.1,20,5.28,0.86,0.58,47.7,34.0,2,22.9,5.1,41.9,112,404.0,59.6,16,5,5.0,22.0,0.93,X-Ray Tube Anode
3.5,8052.0,28589.0,20,49.3,56.2,9,4.88,0.53,0.3,45.5,28.7,1,28.3,5.8,30.4,91,411.5,83.8,7,0,36.4,128.0,0.59,X-Ray Tube Anode
8.1,18618.0,67739.0,106,83.8,71.5,17,5.42,0.8,0.52,44.0,31.2,0,25.2,5.7,38.8,111,408.8,68.5,15,5,5.0,14.0,0.94,X-Ray Tube Anode
4.1,8561.0,22761.0,50,34.6,43.1,9,4.45,0.43,0.34,41.2,27.4,0,27.5,6.3,26.7,75,403.2,83.2,7,2,46.0,145.0,0.57,X-Ray Tube Anode
6.5,13237.0,43144.0,81,54.0,54.9,9,4.78,0.57,0.38,42.5,31.3,0,28.7,7.1,34.2,99,392.3,74.9,8,2,30.1,100.0,0.7,X-Ray Tube Anode
6.8,14106.0,52502.0,150,70.5,69.3,14,5.25,0.73,0.65,58.7,29.8,2,27.6,5.5,36.6,103,407.1,74.5,12,0,9.5,32.0,0.9,X-Ray Tube Anode
2.6,5212.0,20350.0,141,27.8,46.8,6,4.6,0.33,0.34,44.3,26.6,1,28.4,5.8,32.6,92,395.0,89.7,4,1,51.0,180.0,0.48,Coolant Loop Unit
11.7,22645.0,74055.0,140,80.7,82.0,20,5.27,0.86,0.63,52.2,33.2,0,23.6,4.7,36.4,94,398.8,61.3,20,5,5.0,14.0,0.95,X-Ray Tube Anode
9.4,20128.0,79012.0,10,88.1,73.4,17,5.1,0.9,0.55,49.4,29.4,1,24.2,5.5,37.8,104,399.6,62.9,16,4,5.0,22.0,0.94,X-Ray Tube Anode
11.3,22473.0,74239.0,65,98.0,96.4,21,5.32,0.99,0.9,57.3,34.2,2,22.2,5.6,43.5,117,390.2,52.0,23,3,5.0,14.0,0.94,X-Ray Tube Anode
10.8,21594.0,66754.0,158,98.0,88.0,19,5.35,0.99,0.54,48.3,32.3,1,23.6,4.0,41.4,111,410.4,58.0,17,5,5.0,20.0,0.97,X-Ray Tube Anode
7.4,16667.0,62875.0,8,63.5,69.3,14,4.83,0.7,0.49,46.9,30.2,0,25.4,6.2,37.6,107,399.3,76.4,9,3,20.6,74.0,0.85,X-Ray Tube Anode
11.1,27509.0,89116.0,149,98.0,81.4,22,5.12,0.97,0.79,47.9,35.4,4,22.2,4.4,39.8,111,399.4,62.1,17,4,5.0,20.0,0.93,X-Ray Tube Anode
1.5,3373.0,10820.0,22,6.0,27.6,0,4.19,0.24,0.14,39.1,27.2,3,32.3,7.6,22.7,67,395.1,91.3,1,0,71.2,237.0,0.28,Detector Array
2.8,5105.0,16518.0,18,22.9,30.7,3,4.68,0.24,0.05,35.7,27.2,1,30.7,7.4,24.7,81,394.3,88.2,7,2,60.6,204.0,0.38,Coolant Loop Unit
1.0,1890.0,7126.0,176,13.4,28.2,1,4.37,0.13,0.14,39.7,26.2,0,31.8,5.9,27.9,80,404.9,89.4,2,2,66.3,228.0,0.37,Coolant Loop Unit
4.2,10459.0,39200.0,172,37.7,36.7,5,4.86,0.35,0.25,40.3,25.4,3,30.2,6.1,28.6,85,405.1,81.5,4,0,53.2,173.0,0.48,Coolant Loop Unit
5.0,9980.0,30990.0,9,38.8,40.2,6,4.69,0.35,0.43,46.8,27.2,1,29.1,7.7,28.0,79,423.8,79.2,3,1,50.7,176.0,0.49,X-Ray Tube Anode
3.6,6750.0,20250.0,54,10.6,19.2,4,4.21,0.23,0.11,40.3,25.2,4,28.7,7.5,23.7,66,397.5,88.6,4,0,69.3,230.0,0.3,Detector Array
10.0,22261.0,72079.0,26,98.0,83.4,21,5.57,1.01,0.65,40.5,32.3,1,20.9,4.7,40.7,113,396.6,63.3,17,3,5.0,10.0,0.98,X-Ray Tube Anode
4.6,10294.0,34580.0,94,28.7,32.1,8,4.58,0.42,0.15,36.9,26.0,2,28.0,6.8,28.0,74,408.9,79.6,5,2,52.8,177.0,0.47,Coolant Loop Unit
3.7,8409.0,24029.0,100,36.6,49.5,7,4.78,0.38,0.1,31.7,27.3,1,27.3,5.5,32.6,103,406.7,81.7,5,2,47.1,157.0,0.53,Coolant Loop Unit
6.7,13396.0,49442.0,26,55.5,49.4,11,4.71,0.64,0.34,43.2,28.3,0,25.6,6.2,32.7,95,397.7,77.9,7,1,35.4,121.0,0.6,X-Ray Tube Anode
2.1,3840.0,12401.0,34,15.7,33.4,3,4.54,0.24,0.1,36.2,25.2,0,32.7,6.6,25.4,68,402.8,91.1,6,1,63.5,217.0,0.38,Coolant Loop Unit
9.7,24075.0,72251.0,8,96.9,80.6,20,5.52,0.98,0.81,56.9,32.7,1,24.4,6.1,39.2,109,412.5,62.0,18,4,5.0,17.0,0.95,X-Ray Tube Anode
1.4,2682.0,7134.0,138,5.0,32.4,2,4.3,0.18,0.12,38.2,22.9,0,33.7,5.7,29.1,82,390.5,97.1,3,1,73.5,245.0,0.27,Coolant Loop Unit
11.8,26936.0,76990.0,48,98.0,97.3,20,5.25,0.94,0.87,52.7,35.7,2,20.0,5.4,47.2,129,394.1,59.7,19,9,5.0,23.0,0.95,X-Ray Tube Anode
9.4,21526.0,84465.0,107,93.9,80.2,18,5.32,1.07,0.59,50.9,29.7,0,22.2,5.4,41.6,117,403.4,64.6,15,4,5.0,17.0,0.97,X-Ray Tube Anode
2.8,6203.0,18345.0,54,34.9,46.7,9,4.71,0.48,0.26,39.9,26.0,0,28.4,6.2,32.5,93,394.6,85.6,8,0,51.1,178.0,0.44,Coolant Loop Unit
0.6,1138.0,3133.0,168,5.0,14.1,1,4.3,0.12,0.02,34.0,24.3,2,31.2,6.8,18.9,62,395.0,100.0,2,1,72.1,234.0,0.26,Coolant Loop Unit
9.9,19655.0,62718.0,119,66.1,74.9,14,5.08,0.64,0.51,47.4,31.8,0,27.1,5.6,37.6,102,409.8,66.2,12,5,5.0,20.0,0.98,X-Ray Tube Anode
8.6,19142.0,56672.0,143,70.3,69.7,13,5.2,0.73,0.41,49.0,33.5,1,22.3,4.8,38.7,108,403.3,68.3,8,0,21.9,72.0,0.76,X-Ray Tube Anode
8.9,21376.0,54568.0,81,98.0,79.5,21,5.28,0.99,0.65,51.8,32.0,1,23.0,5.8,36.6,99,399.6,64.2,18,3,5.0,21.0,0.93,X-Ray Tube Anode
9.4,23075.0,68871.0,146,86.5,77.4,18,5.07,0.93,0.69,51.8,31.2,0,21.8,4.9,40.3,112,393.8,67.5,15,3,5.0,26.0,0.98,X-Ray Tube Anode
1.4,2533.0,8400.0,96,9.4,18.1,1,4.31,0.13,0.18,47.2,24.5,2,32.7,6.8,22.0,71,402.9,91.1,1,1,72.0,239.0,0.28,Coolant Loop Unit
4.6,8821.0,29353.0,102,46.6,50.5,9,4.71,0.53,0.3,39.5,30.4,3,26.6,6.4,30.7,87,409.4,84.6,11,0,36.8,129.0,0.63,X-Ray Tube Anode
1.8,4510.0,13688.0,151,13.8,33.1,1,4.48,0.15,0.33,40.0,29.6,2,28.3,5.9,27.5,88,389.7,94.1,6,1,56.7,190.0,0.46,Coolant Loop Unit
10.4,24141.0,76551.0,62,95.2,86.1,20,5.18,0.98,0.71,51.0,32.1,1,21.9,5.8,41.4,112,390.2,60.3,20,3,5.0,8.0,0.94,X-Ray Tube Anode
7.7,18542.0,73208.0,46,80.5,74.0,16,5.32,0.82,0.62,53.3,31.7,2,24.8,5.3,39.7,109,405.4,73.6,15,5,5.0,22.0,0.94,X-Ray Tube Anode
4.3,8360.0,25633.0,87,47.1,45.4,8,4.97,0.62,0.25,37.6,27.3,2,25.6,6.8,27.3,73,395.5,82.4,8,1,40.6,147.0,0.61,X-Ray Tube Anode
1.2,2722.0,7859.0,99,5.7,18.9,0,4.27,0.07,0.05,41.4,24.1,0,31.4,7.2,24.5,73,393.5,97.7,3,0,78.0,276.0,0.22,Coolant Loop Unit
4.1,9338.0,26755.0,39,48.5,45.9,10,4.79,0.6,0.36,38.5,30.3,1,26.7,7.0,30.8,97,394.6,83.2,6,0,44.8,154.0,0.57,X-Ray Tube Anode
4.2,9650.0,30750.0,143,36.3,51.6,6,4.52,0.34,0.3,41.2,26.8,0,27.0,5.5,31.9,91,406.1,86.2,6,0,47.0,153.0,0.52,Coolant Loop Unit
8.9,18543.0,67483.0,53,67.1,59.7,13,4.92,0.64,0.61,49.0,25.7,1,25.5,6.3,35.5,95,405.8,75.6,13,0,15.0,50.0,0.85,X-Ray Tube Anode
7.8,14182.0,39837.0,80,58.7,63.0,10,4.84,0.54,0.46,42.4,30.0,1,28.5,4.8,32.6,97,403.2,69.1,8,1,26.7,90.0,0.73,X-Ray Tube Anode
10.7,23633.0,84225.0,16,85.3,76.5,21,5.44,0.88,0.62,46.7,33.0,0,21.3,6.0,38.5,109,396.6,57.4,17,4,5.0,22.0,0.94,X-Ray Tube Anode
5.9,11726.0,29686.0,104,50.7,50.0,9,4.8,0.5,0.45,47.3,28.3,0,26.6,5.5,30.9,88,393.5,78.4,8,0,35.2,120.0,0.62,X-Ray Tube Anode
1.9,3967.0,12409.0,70,41.1,51.5,10,4.49,0.4,0.09,41.2,28.9,1,28.8,6.6,29.2,83,395.2,93.9,10,3,39.8,125.0,0.59,X-Ray Tube Anode
8.7,21497.0,78762.0,141,94.8,85.5,19,5.38,0.96,0.67,43.5,33.4,1,22.3,4.4,39.0,112,392.9,65.9,15,5,5.0,20.0,0.94,X-Ray Tube Anode
9.2,19232.0,57851.0,108,76.1,71.3,13,5.24,0.81,0.67,50.2,30.7,3,23.8,5.1,39.0,103,396.9,66.3,13,4,5.0,17.0,0.98,X-Ray Tube Anode
7.0,16607.0,55560.0,47,74.8,74.2,16,5.09,0.78,0.46,44.8,31.7,1,25.7,5.3,39.3,107,400.3,72.2,11,0,18.6,68.0,0.83,X-Ray Tube Anode
9.4,18095.0,50802.0,9,64.9,65.3,14,5.2,0.68,0.63,49.1,30.6,0,22.5,6.4,37.3,105,405.9,61.6,13,0,20.3,70.0,0.81,X-Ray Tube Anode
6.2,14030.0,50690.0,34,50.0,51.1,10,4.92,0.64,0.46,44.1,25.2,1,29.5,6.2,32.9,88,400.3,78.1,8,2,31.9,112.0,0.68,X-Ray Tube Anode
6.5,16174.0,41703.0,157,64.1,66.0,14,4.81,0.68,0.55,43.2,30.1,1,24.4,5.1,35.9,105,398.7,76.1,18,1,14.0,48.0,0.84,X-Ray Tube Anode
5.4,10136.0,38304.0,165,41.2,52.3,8,4.61,0.51,0.25,45.2,25.9,1,25.1,5.3,38.2,111,413.6,76.8,7,4,34.3,118.0,0.66,Coolant Loop Unit
0.8,1431.0,4002.0,171,5.0,14.0,2,4.29,0.15,0.11,40.8,23.6,1,35.7,6.2,24.3,71,372.2,93.5,3,0,75.0,250.0,0.28,Coolant Loop Unit
1.7,3662.0,13957.0,86,12.2,27.9,2,4.1,0.15,0.03,35.5,24.6,0,31.7,6.7,22.9,63,405.1,91.7,3,1,75.7,259.0,0.23,Coolant Loop Unit
0.9,1606.0,4866.0,115,5.3,14.8,2,4.31,0.17,0.23,38.6,25.3,0,33.1,6.8,21.6,67,404.2,95.5,3,0,74.8,253.0,0.26,Coolant Loop Unit
7.8,18170.0,65121.0,64,85.0,73.2,19,4.96,0.83,0.37,41.4,31.2,2,25.5,6.0,37.8,109,404.3,67.2,13,4,5.0,19.0,0.94,X-Ray Tube Anode
4.1,10042.0,29912.0,152,29.8,42.1,5,4.71,0.36,0.29,33.6,27.8,1,27.9,6.3,28.7,83,407.4,82.5,4,0,55.0,181.0,0.45,Coolant Loop Unit
6.3,13356.0,51540.0,34,42.3,57.0,8,4.84,0.5,0.33,43.4,28.5,1,27.7,5.9,37.5,102,390.5,80.1,4,1,41.5,148.0,0.58,Coolant Loop Unit
10.9,21667.0,58284.0,176,88.1,89.3,18,5.33,0.8,0.68,52.3,34.3,1,22.6,4.3,42.5,118,407.6,62.4,16,4,5.0,18.0,0.96,X-Ray Tube Anode
3.4,7084.0,19607.0,12,37.5,37.7,7,4.55,0.36,0.39,44.1,24.1,1,28.7,7.1,26.6,75,403.1,86.1,6,1,45.9,160.0,0.54,X-Ray Tube Anode
5.2,12038.0,38998.0,151,52.6,55.2,10,4.86,0.62,0.42,44.1,27.3,1,29.4,5.1,35.2,95,396.8,84.0,10,1,30.9,105.0,0.68,X-Ray Tube Anode
9.2,16598.0,43535.0,97,68.8,69.8,13,4.95,0.69,0.73,51.4,32.3,1,26.8,5.5,37.2,108,405.0,66.2,14,1,9.7,36.0,0.87,X-Ray Tube Anode
3.1,6928.0,19357.0,121,25.4,30.7,5,4.35,0.3,0.12,35.2,25.0,0,30.3,6.7,25.5,81,401.4,86.9,3,0,64.0,206.0,0.36,Coolant Loop Unit
1.4,3088.0,12092.0,141,17.8,37.7,2,4.36,0.27,0.03,34.1,23.3,0,32.3,5.1,33.7,92,392.5,94.9,2,0,70.8,240.0,0.3,Coolant Loop Unit
3.8,8608.0,34130.0,87,41.0,53.6,9,4.8,0.45,0.21,39.1,30.6,0,28.8,6.5,35.0,93,383.8,86.1,7,1,43.7,145.0,0.56,X-Ray Tube Anode
2.4,4636.0,14207.0,102,16.5,39.6,4,4.4,0.27,0.18,41.1,28.4,0,30.6,6.7,25.4,76,389.5,94.8,4,0,64.1,216.0,0.36,Coolant Loop Unit
11.2,25739.0,99993.0,96,95.4,76.9,19,5.56,0.96,0.65,53.5,32.3,0,21.8,5.2,42.7,114,394.3,56.6,16,5,5.0,22.0,0.98,X-Ray Tube Anode
9.8,18255.0,60555.0,173,65.5,60.2,14,5.1,0.7,0.48,44.8,29.4,2,22.2,4.8,34.9,97,403.2,66.8,10,1,20.1,60.0,0.83,X-Ray Tube Anode
7.8,15097.0,43852.0,114,67.4,73.7,17,5.11,0.67,0.5,42.9,33.3,2,24.7,5.4,40.3,110,388.5,70.9,16,0,13.4,49.0,0.89,X-Ray Tube Anode
10.5,25402.0,90269.0,47,89.3,85.9,21,5.03,0.91,0.63,48.9,34.2,2,23.8,5.1,45.3,120,403.3,58.2,22,8,5.0,19.0,0.96,X-Ray Tube Anode
9.7,22574.0,78745.0,58,98.0,96.5,20,5.33,1.04,0.56,53.4,35.9,9,20.0,5.4,45.3,117,402.5,65.8,19,9,5.0,23.0,0.95,X-Ray Tube Anode
2.6,4787.0,19072.0,133,15.5,22.0,2,4.23,0.21,0.15,35.3,25.7,1,31.3,7.0,28.0,88,416.5,88.4,3,6,50.8,162.0,0.47,High Voltage Power Supply
10.8,21248.0,61566.0,121,87.5,83.2,16,5.22,0.93,0.59,50.7,32.2,2,24.0,4.8,42.7,117,402.9,65.2,14,5,5.0,20.0,0.91,X-Ray Tube Anode
6.7,13070.0,45852.0,118,57.9,61.9,9,4.79,0.62,0.48,49.6,28.8,2,27.4,5.2,36.5,97,383.4,73.0,7,1,25.8,89.0,0.77,X-Ray Tube Anode
9.8,19469.0,50192.0,5,72.4,61.4,15,5.01,0.79,0.5,44.9,27.5,2,26.2,6.7,35.7,98,409.2,62.8,10,0,19.1,65.0,0.81,X-Ray Tube Anode
10.8,21322.0,56938.0,96,81.6,77.4,16,5.34,0.84,0.56,45.2,32.0,1,22.4,5.5,36.3,97,392.7,61.5,14,3,5.0,24.0,0.98,X-Ray Tube Anode
4.2,7665.0,19207.0,21,31.7,44.4,6,4.65,0.38,0.3,43.3,28.2,0,30.8,6.8,28.9,84,392.3,79.2,6,1,49.0,156.0,0.5,Coolant Loop Unit
1.8,3745.0,14978.0,152,8.2,19.5,5,4.45,0.19,0.21,40.8,23.8,0,32.1,6.8,21.0,68,398.4,95.8,3,0,66.1,225.0,0.35,Coolant Loop Unit
3.1,7219.0,26736.0,128,20.3,29.7,7,4.2,0.34,0.36,44.9,26.5,2,29.6,6.3,25.8,76,404.4,91.4,9,2,42.6,150.0,0.59,Coolant Loop Unit
5.4,12040.0,44307.0,124,40.3,51.0,8,4.69,0.47,0.41,50.2,27.6,1,26.0,5.1,33.5,91,397.8,82.1,4,1,39.8,127.0,0.59,Coolant Loop Unit
9.9,22499.0,73451.0,146,98.0,88.0,22,5.52,1.01,0.66,50.0,33.9,1,22.6,3.8,42.9,119,400.1,64.7,17,6,5.0,20.0,0.94,X-Ray Tube Anode
10.4,19308.0,56960.0,21,80.4,83.5,17,5.39,0.81,0.61,44.9,30.7,3,28.0,5.7,39.9,107,392.7,64.4,15,3,5.0,19.0,0.95,X-Ray Tube Anode
0.6,1430.0,3900.0,54,5.0,20.3,2,4.03,0.22,0.07,36.7,22.9,0,32.4,8.0,19.4,64,390.7,97.7,4,0,77.7,254.0,0.21,Coolant Loop Unit
6.4,15213.0,44530.0,138,67.8,62.8,12,4.96,0.74,0.43,45.3,29.2,1,25.1,5.0,34.7,100,401.6,79.2,9,0,26.0,94.0,0.75,X-Ray Tube Anode
5.3,12527.0,38383.0,152,44.2,60.6,8,4.89,0.5,0.24,44.1,30.5,1,27.3,5.0,38.5,106,387.8,85.7,6,1,42.6,140.0,0.58,Coolant Loop Unit
3.1,7257.0,26376.0,104,13.4,37.6,2,4.33,0.21,0.31,41.3,24.8,1,31.4,6.5,26.7,78,394.3,87.9,4,0,60.7,214.0,0.35,Coolant Loop Unit
1.9,4608.0,15249.0,111,24.0,27.4,7,4.35,0.36,0.19,37.9,26.9,3,29.5,6.7,24.4,72,397.4,91.6,8,0,57.5,198.0,0.43,Coolant Loop Unit
4.4,9558.0,25007.0,116,51.4,61.4,8,4.58,0.53,0.37,39.0,26.9,2,30.9,5.7,35.1,93,401.9,83.1,5,2,37.6,129.0,0.63,X-Ray Tube Anode
11.3,22009.0,55617.0,57,92.5,77.0,22,5.17,0.84,0.41,45.7,30.9,0,23.4,5.8,39.2,103,397.9,55.7,16,4,5.0,22.0,0.95,X-Ray Tube Anode
4.2,9411.0,24972.0,128,22.5,26.3,8,4.22,0.31,0.3,51.6,23.0,0,29.3,6.6,24.7,67,397.5,84.5,7,0,53.4,186.0,0.5,Coolant Loop Unit
6.5,15001.0,46741.0,151,59.8,57.3,13,4.93,0.7,0.38,42.7,25.0,1,26.0,5.5,31.1,89,390.2,71.5,8,0,34.1,106.0,0.67,X-Ray Tube Anode
8.6,19887.0,77555.0,150,77.4,69.5,16,5.26,0.88,0.7,51.8,30.9,1,26.3,4.6,38.9,100,396.7,72.5,14,3,5.0,8.0,0.95,X-Ray Tube Anode
4.7,10136.0,35031.0,162,43.6,56.9,8,4.53,0.49,0.37,41.5,28.6,2,28.4,5.2,37.9,99,398.0,86.5,8,1,36.8,124.0,0.65,Coolant Loop Unit
11.7,21575.0,79888.0,120,79.5,79.9,15,5.19,0.82,0.64,45.3,29.5,0,24.3,5.4,43.2,118,403.3,55.5,14,4,5.0,12.0,0.98,X-Ray Tube Anode
11.6,23828.0,76239.0,70,92.6,94.5,20,5.44,0.96,0.65,50.6,32.6,0,22.2,5.1,42.1,117,393.6,55.3,17,3,5.0,25.0,0.95,X-Ray Tube Anode
3.4,8300.0,25254.0,156,21.8,39.5,4,4.46,0.28,0.3,41.8,27.4,0,31.1,6.0,29.6,84,392.8,89.7,3,1,56.3,186.0,0.46,Coolant Loop Unit
6.2,13737.0,36576.0,95,56.7,58.1,11,4.64,0.64,0.34,35.4,28.4,2,25.8,5.5,39.1,107,390.3,72.6,6,1,34.9,119.0,0.69,X-Ray Tube Anode
4.0,8620.0,32878.0,99,23.4,40.4,5,4.54,0.31,0.27,45.8,26.5,0,29.9,6.1,29.0,87,401.2,82.4,5,5,40.9,142.0,0.59,High Voltage Power Supply
3.8,7507.0,27585.0,167,33.5,53.5,7,4.59,0.45,0.2,40.7,27.8,1,30.1,5.0,33.9,101,397.2,82.6,5,4,37.7,140.0,0.6,Coolant Loop Unit
0.9,1902.0,5234.0,42,5.0,27.7,2,4.24,0.18,0.28,41.4,24.5,0,31.1,6.5,22.4,74,398.9,96.8,1,3,65.7,229.0,0.35,Coolant Loop Unit
7.5,18225.0,59566.0,151,47.8,58.7,8,4.69,0.57,0.65,48.1,28.1,0,29.6,5.3,36.5,99,396.2,73.8,9,0,31.9,105.0,0.71,Coolant Loop Unit
6.3,14236.0,45996.0,70,63.3,73.1,13,4.97,0.66,0.51,47.5,29.8,0,23.5,5.4,38.4,103,396.5,77.6,18,0,14.6,52.0,0.85,X-Ray Tube Anode
1.1,2567.0,8826.0,2,14.2,22.2,3,4.45,0.32,0.01,36.6,23.5,1,31.9,7.8,20.9,64,395.1,94.7,3,0,74.4,256.0,0.28,Coolant Loop Unit
3.7,7846.0,30751.0,152,42.2,53.6,9,5.07,0.5,0.33,43.4,26.9,2,28.7,5.9,33.9,90,404.0,87.8,9,1,38.9,135.0,0.59,X-Ray Tube Anode
10.9,24530.0,82657.0,145,81.4,84.0,17,5.19,0.84,0.72,54.0,31.5,0,20.8,4.4,43.6,119,400.3,60.6,16,3,5.0,12.0,0.95,X-Ray Tube Anode
3.3,6425.0,21268.0,109,20.5,43.4,5,4.67,0.25,0.32,45.9,26.2,0,29.4,6.7,27.8,81,411.7,92.0,4,1,58.1,208.0,0.42,Coolant Loop Unit
2.2,4969.0,12798.0,65,20.9,28.9,3,4.5,0.28,0.21,45.6,23.9,1,32.1,7.2,21.7,65,397.6,94.2,3,0,66.8,221.0,0.33,Coolant Loop Unit
6.1,12866.0,33379.0,70,56.0,59.3,12,4.86,0.61,0.39,41.1,30.3,0,25.4,6.6,33.5,90,412.6,75.0,11,1,29.9,105.0,0.68,X-Ray Tube Anode
11.8,24969.0,69440.0,69,88.2,85.3,19,5.28,0.85,0.73,49.4,34.1,0,22.3,4.7,43.0,114,397.7,56.3,18,3,5.0,13.0,0.94,X-Ray Tube Anode
3.3,7403.0,18868.0,121,33.1,38.1,8,4.41,0.38,0.1,38.3,26.6,2,28.8,6.7,28.3,81,404.1,86.6,6,1,51.7,178.0,0.44,X-Ray Tube Anode
8.2,20207.0,73048.0,109,76.3,75.4,17,5.16,0.78,0.53,44.3,31.1,0,26.0,4.9,41.3,113,395.1,67.1,17,3,5.0,16.0,0.96,X-Ray Tube Anode
9.3,17080.0,61233.0,60,53.5,52.6,10,4.54,0.58,0.54,44.9,27.3,1,28.1,6.0,28.7,90,403.9,69.6,12,1,27.5,87.0,0.73,X-Ray Tube Anode
3.2,7685.0,20782.0,178,24.7,34.0,4,4.37,0.23,0.35,44.0,27.7,1,29.0,5.9,25.6,74,381.5,89.8,5,0,57.0,181.0,0.45,Coolant Loop Unit
8.9,17790.0,66787.0,93,75.3,71.5,18,5.12,0.77,0.48,48.3,33.2,0,22.9,5.1,38.2,108,390.0,66.9,16,3,5.0,21.0,0.95,X-Ray Tube Anode
4.7,9983.0,27275.0,12,25.4,38.4,3,4.68,0.31,0.31,45.7,26.4,2,31.4,7.3,24.1,76,392.2,83.6,4,1,53.1,178.0,0.43,Coolant Loop Unit
7.8,14108.0,41643.0,103,61.5,62.1,10,5.15,0.65,0.3,41.0,28.7,1,26.7,6.0,33.0,94,416.4,70.2,8,1,32.9,113.0,0.68,X-Ray Tube Anode
7.8,15655.0,44983.0,175,64.9,65.3,14,4.94,0.74,0.58,49.2,30.3,0,27.2,5.2,35.1,98,408.4,74.3,13,1,14.3,58.0,0.84,X-Ray Tube Anode
6.7,14334.0,43841.0,112,55.3,54.7,13,4.89,0.7,0.52,47.2,28.8,0,27.9,5.8,34.9,98,402.1,74.9,12,1,25.7,90.0,0.76,X-Ray Tube Anode
1.5,2829.0,8155.0,65,5.0,16.7,2,4.41,0.18,0.18,39.0,23.3,2,27.7,7.9,23.9,71,396.7,87.4,2,0,74.4,238.0,0.25,Coolant Loop Unit
10.1,21665.0,70052.0,155,74.2,62.9,18,4.89,0.71,0.66,47.1,30.3,0,26.6,5.4,36.8,108,395.3,59.6,14,1,10.5,30.0,0.94,X-Ray Tube Anode
4.2,10259.0,31916.0,48,37.8,40.4,6,4.71,0.42,0.45,42.0,28.3,3,28.7,6.7,32.1,94,395.2,87.9,6,0,45.2,144.0,0.53,Coolant Loop Unit
2.6,4956.0,19724.0,88,10.8,29.2,1,4.21,0.23,0.12,39.6,24.3,2,32.2,6.8,28.3,77,405.4,89.0,3,1,68.3,228.0,0.32,Coolant Loop Unit
1.0,2263.0,5846.0,62,6.4,30.2,3,4.25,0.18,0.04,33.3,29.4,1,27.6,6.7,27.5,78,400.7,96.5,3,0,70.7,239.0,0.3,Coolant Loop Unit
7.3,15224.0,41306.0,44,68.1,61.1,14,4.95,0.76,0.54,41.6,27.0,2,25.7,5.8,36.0,103,407.2,72.8,18,0,10.6,49.0,0.89,X-Ray Tube Anode
8.3,18728.0,48305.0,147,72.7,63.1,15,5.14,0.75,0.63,48.7,28.3,2,25.8,5.1,34.5,94,404.5,65.5,14,3,5.0,22.0,0.92,X-Ray Tube Anode
0.7,1369.0,4708.0,136,5.0,28.5,1,4.34,0.13,0.01,39.6,25.8,0,29.9,6.0,23.3,66,403.3,93.1,0,0,80.0,274.0,0.2,Coolant Loop Unit
6.4,12214.0,31533.0,55,46.5,48.6,9,4.89,0.61,0.33,33.9,31.2,2,28.9,6.0,29.7,81,393.7,79.7,10,1,35.5,123.0,0.61,X-Ray Tube Anode
3.1,5937.0,22292.0,108,31.9,51.3,6,4.63,0.39,0.34,41.7,27.3,0,30.4,5.6,33.9,93,393.7,91.0,5,3,44.4,153.0,0.54,Coolant Loop Unit
7.9,14646.0,47861.0,47,68.9,72.5,17,5.05,0.67,0.47,47.4,29.1,1,25.2,6.2,36.3,101,401.0,67.0,11,1,15.9,45.0,0.84,X-Ray Tube Anode
2.5,4835.0,15909.0,2,22.7,32.4,5,4.75,0.38,0.24,34.9,26.7,1,32.9,7.1,27.2,73,403.0,93.6,6,2,54.0,177.0,0.48,Coolant Loop Unit
8.4,19129.0,63938.0,113,77.6,70.1,14,4.9,0.72,0.47,44.6,30.0,2,25.3,5.6,33.2,95,398.5,67.7,8,4,8.5,31.0,0.92,X-Ray Tube Anode
4.9,11959.0,32961.0,167,49.7,55.2,12,5.05,0.37,0.42,40.9,29.6,0,29.2,5.1,34.8,96,390.0,82.1,11,2,26.6,90.0,0.73,X-Ray Tube Anode
11.3,26714.0,74708.0,173,98.0,80.2,20,5.33,1.02,0.65,46.3,31.5,1,21.5,4.6,38.8,106,401.8,59.4,18,4,5.0,19.0,0.94,X-Ray Tube Anode
2.1,4745.0,14132.0,160,22.8,28.3,7,4.56,0.35,0.02,34.2,24.1,1,31.7,5.9,24.7,71,406.1,93.5,6,0,61.9,218.0,0.37,Coolant Loop Unit
4.4,8302.0,28146.0,166,45.4,45.3,8,4.7,0.53,0.33,38.9,31.0,2,29.1,5.7,33.9,92,391.2,85.9,5,0,46.1,153.0,0.56,X-Ray Tube Anode
1.8,3614.0,10175.0,11,11.1,33.3,6,4.23,0.13,0.26,37.1,21.6,1,34.4,8.3,29.4,86,397.7,91.4,7,1,62.4,210.0,0.35,Coolant Loop Unit
11.1,22456.0,60058.0,138,79.1,75.7,15,5.22,0.81,0.63,48.6,33.8,1,25.0,4.6,37.1,109,392.4,63.2,15,6,5.0,18.0,0.93,X-Ray Tube Anode
10.6,20914.0,82718.0,112,78.3,65.0,15,5.3,0.79,0.56,54.1,31.2,0,26.2,5.4,35.4,106,407.7,66.0,14,4,5.0,8.0,0.92,X-Ray Tube Anode
3.5,7489.0,18969.0,90,25.5,41.3,6,4.58,0.3,0.39,45.8,25.8,1,32.5,6.0,29.1,84,416.0,87.9,6,0,50.1,163.0,0.51,Coolant Loop Unit
8.1,17594.0,65171.0,55,83.2,76.7,16,5.12,0.92,0.5,49.1,34.0,0,19.7,6.0,39.6,109,410.5,67.5,17,3,5.0,24.0,0.98,X-Ray Tube Anode
9.9,20289.0,74706.0,148,87.0,81.2,17,5.79,0.83,0.59,50.3,29.7,0,23.5,5.2,39.2,110,387.3,65.6,16,4,5.0,16.0,0.96,X-Ray Tube Anode
6.9,14098.0,41529.0,17,51.3,50.2,10,5.0,0.58,0.56,45.3,29.5,1,24.4,6.4,29.6,83,402.8,73.3,10,0,29.1,96.0,0.72,X-Ray Tube Anode
6.6,15686.0,42407.0,68,69.2,69.5,15,5.17,0.78,0.44,45.6,27.2,1,23.7,5.6,37.3,113,404.4,74.8,11,1,17.3,60.0,0.82,X-Ray Tube Anode
3.3,7719.0,20984.0,133,29.8,50.5,5,4.51,0.39,0.2,42.8,26.3,1,28.9,5.9,31.8,90,413.9,84.7,4,1,52.6,170.0,0.48,Coolant Loop Unit
1.6,3166.0,11226.0,151,25.7,29.5,7,4.42,0.39,0.2,41.9,23.8,2,30.2,6.3,27.8,85,395.4,97.7,4,0,59.3,200.0,0.39,Coolant Loop Unit
10.8,26392.0,91428.0,174,98.0,84.3,19,5.33,1.01,0.7,50.9,31.0,1,24.9,4.0,40.7,114,399.0,60.8,17,5,5.0,14.0,0.94,X-Ray Tube Anode
10.9,26778.0,98387.0,52,94.8,81.2,20,5.5,0.97,0.75,53.1,31.8,1,21.1,5.1,39.8,108,390.6,65.0,18,4,5.0,19.0,0.95,X-Ray Tube Anode
7.8,15785.0,61659.0,138,61.6,58.1,11,4.79,0.67,0.37,50.4,27.7,1,27.0,5.0,36.1,104,389.2,73.9,9,1,26.9,81.0,0.73,X-Ray Tube Anode
4.4,9009.0,31874.0,174,33.4,40.9,6,4.44,0.43,0.31,44.2,23.9,5,32.6,6.1,29.0,81,400.5,81.2,5,1,46.7,155.0,0.57,Detector Array
4.5,9727.0,26591.0,156,28.2,46.1,5,4.62,0.33,0.31,41.0,28.2,1,29.1,6.0,27.2,78,411.7,80.9,4,0,59.6,200.0,0.42,Coolant Loop Unit
8.8,21757.0,62336.0,97,91.7,92.5,19,5.35,0.86,0.71,50.3,33.2,1,25.6,5.4,46.0,125,400.2,67.5,18,7,5.0,15.0,0.95,X-Ray Tube Anode
10.8,26105.0,98242.0,171,98.0,82.6,22,5.26,1.03,0.81,49.8,32.5,0,19.6,4.0,41.5,111,400.4,61.0,17,3,5.0,22.0,0.98,X-Ray Tube Anode
10.7,20031.0,56367.0,154,71.1,70.7,15,4.89,0.8,0.63,55.9,30.7,2,23.8,5.1,37.5,97,389.9,60.3,14,0,9.8,29.0,0.95,X-Ray Tube Anode
9.5,19646.0,51253.0,48,86.4,83.2,19,5.45,0.89,0.61,53.1,33.4,0,25.4,5.5,45.4,123,401.2,69.1,17,9,5.0,32.0,0.95,X-Ray Tube Anode
7.9,17244.0,61300.0,29,64.1,65.3,13,5.02,0.65,0.5,46.3,29.7,1,24.9,6.3,39.2,108,395.6,71.7,13,1,19.8,71.0,0.81,X-Ray Tube Anode
1.5,3159.0,9804.0,27,12.4,27.4,5,4.14,0.13,0.18,45.6,26.8,3,30.6,7.6,26.1,78,396.4,94.7,4,2,57.5,193.0,0.4,Detector Array
2.4,4566.0,17716.0,146,17.2,25.9,5,4.21,0.26,0.08,38.7,23.9,2,33.9,7.7,21.6,57,413.7,87.5,7,0,64.6,223.0,0.36,Coolant Loop Unit
10.8,26013.0,90404.0,104,98.0,88.4,25,5.32,0.91,0.56,45.9,31.5,1,23.7,6.1,43.8,118,396.5,55.7,19,4,5.0,21.0,0.94,X-Ray Tube Anode
7.5,16995.0,44792.0,60,71.8,68.3,15,5.17,0.67,0.6,50.8,32.3,2,22.1,6.0,32.6,83,397.3,75.4,16,1,11.1,36.0,0.85,X-Ray Tube Anode
0.6,1446.0,5670.0,106,5.0,29.4,1,4.35,0.14,0.14,39.3,27.6,1,32.3,7.3,25.3,81,401.7,93.9,0,2,67.1,234.0,0.35,Coolant Loop Unit
1.7,4003.0,11559.0,69,26.4,43.7,5,4.69,0.3,0.15,40.7,28.1,1,28.4,6.2,28.8,93,371.7,92.3,4,0,62.0,206.0,0.38,Coolant Loop Unit
8.1,18894.0,56791.0,114,79.6,68.4,21,4.93,0.83,0.64,45.0,28.9,1,24.2,5.3,35.4,104,393.8,70.3,19,3,5.0,20.0,0.93,X-Ray Tube Anode
0.6,1176.0,3651.0,21,11.4,19.7,3,4.37,0.19,0.02,33.1,22.9,0,32.1,7.4,23.0,72,385.7,97.4,3,0,75.3,255.0,0.21,Coolant Loop Unit
2.3,5233.0,13484.0,152,14.7,38.4,2,4.59,0.2,0.13,42.4,28.6,0,29.4,6.1,29.7,86,395.6,89.3,4,1,61.6,211.0,0.37,Coolant Loop Unit
6.8,13023.0,42258.0,102,43.2,50.9,11,4.92,0.4,0.33,47.3,30.0,0,28.3,6.2,33.1,94,415.2,72.7,9,0,40.7,140.0,0.58,X-Ray Tube Anode
8.5,19210.0,51579.0,131,86.3,87.6,19,5.29,0.83,0.61,52.6,32.4,1,22.1,5.5,41.2,112,377.8,67.8,15,4,5.0,17.0,0.95,X-Ray Tube Anode
8.0,15399.0,47760.0,95,52.3,47.8,13,5.18,0.53,0.33,49.0,31.2,1,26.9,5.8,30.7,90,386.7,65.8,9,1,28.6,107.0,0.68,X-Ray Tube Anode
3.1,7038.0,21298.0,105,29.3,41.1,6,4.64,0.3,0.18,40.6,27.6,1,30.5,6.8,30.1,85,410.8,89.4,5,1,54.2,181.0,0.47,Coolant Loop Unit
8.7,17039.0,62349.0,125,76.3,74.2,14,5.27,0.77,0.53,48.1,29.2,2,25.0,4.9,40.4,115,398.7,70.1,15,4,5.0,13.0,0.96,X-Ray Tube Anode
3.2,6077.0,22513.0,2,23.3,43.5,3,4.49,0.25,0.12,34.8,26.8,1,30.2,6.9,29.3,84,403.5,88.9,2,0,69.8,237.0,0.28,Coolant Loop Unit
4.2,8127.0,22187.0,66,41.9,41.3,7,4.59,0.47,0.21,38.0,27.0,0,28.7,6.5,27.0,84,400.8,84.5,7,0,52.1,184.0,0.45,X-Ray Tube Anode
9.1,16365.0,49911.0,113,63.3,59.1,13,4.83,0.68,0.31,35.8,29.2,0,26.4,6.5,29.9,88,401.0,70.4,7,1,33.9,115.0,0.68,X-Ray Tube Anode
8.0,18358.0,56175.0,170,63.2,62.4,13,4.99,0.63,0.59,47.0,31.4,2,25.4,4.3,37.6,108,397.2,74.6,14,0,17.5,59.0,0.82,X-Ray Tube Anode
10.3,23742.0,64748.0,162,98.0,95.9,21,5.34,1.0,0.63,42.6,32.1,2,22.3,4.3,46.7,129,374.0,66.2,17,7,5.0,14.0,0.96,X-Ray Tube Anode
8.1,17419.0,64409.0,42,71.3,78.7,14,4.79,0.67,0.43,47.6,29.4,1,25.3,6.1,38.2,103,399.8,70.6,9,1,19.0,62.0,0.81,X-Ray Tube Anode
7.0,13459.0,47924.0,20,75.3,82.6,16,4.95,0.72,0.31,42.9,32.8,0,24.4,5.3,41.1,114,408.8,74.0,10,3,13.0,50.0,0.87,X-Ray Tube Anode
1.6,2931.0,8165.0,97,5.0,32.7,1,4.21,0.14,0.09,31.0,25.2,1,31.4,6.9,29.0,78,408.0,93.7,1,1,73.9,251.0,0.28,Coolant Loop Unit
4.7,8575.0,26155.0,68,32.3,32.7,11,4.7,0.42,0.15,37.8,29.6,0,28.3,6.6,30.6,96,404.6,80.5,10,1,47.7,163.0,0.54,X-Ray Tube Anode
3.5,6802.0,18083.0,173,21.4,25.9,4,4.45,0.34,0.39,49.4,26.5,0,31.8,7.0,23.7,74,399.2,87.1,4,1,55.9,187.0,0.45,Coolant Loop Unit
3.3,8012.0,27580.0,75,30.9,34.6,10,4.56,0.46,0.07,36.2,25.4,3,32.9,6.3,27.2,85,401.2,87.6,8,2,42.9,150.0,0.58,X-Ray Tube Anode
11.7,23018.0,61735.0,125,90.6,80.4,18,5.14,0.9,0.63,45.8,33.5,0,26.4,5.1,40.9,109,406.9,60.7,20,3,5.0,23.0,0.94,X-Ray Tube Anode
5.0,10282.0,40912.0,170,34.2,50.5,4,4.61,0.4,0.33,37.0,29.2,1,28.7,5.3,29.9,89,387.8,85.5,6,3,40.8,134.0,0.6,Coolant Loop Unit
10.8,20159.0,74003.0,47,84.4,86.9,16,5.41,0.81,0.53,41.3,33.4,2,21.7,5.3,37.2,105,414.4,62.1,15,3,5.0,12.0,0.98,X-Ray Tube Anode
7.8,15172.0,46811.0,5,59.0,55.0,16,4.93,0.57,0.47,47.0,28.4,1,26.4,6.6,29.5,84,408.1,73.9,12,2,18.7,59.0,0.83,X-Ray Tube Anode
9.6,20856.0,70241.0,49,94.2,88.3,20,5.1,0.96,0.54,45.6,33.2,0,22.7,5.7,40.8,112,414.8,65.2,19,4,5.0,22.0,0.91,X-Ray Tube Anode
6.3,13976.0,54047.0,124,50.7,63.8,10,4.62,0.52,0.55,45.9,26.5,1,29.6,5.5,34.0,93,402.5,79.3,13,1,23.1,74.0,0.78,X-Ray Tube Anode
7.1,14067.0,46860.0,37,71.2,69.1,13,5.14,0.8,0.34,41.1,32.3,1,23.6,5.4,35.2,99,395.8,76.6,9,0,24.8,83.0,0.76,X-Ray Tube Anode
6.2,11344.0,31330.0,162,47.6,45.4,8,4.74,0.46,0.16,38.2,22.3,2,29.3,5.9,30.6,87,403.7,81.6,4,0,53.2,176.0,0.49,X-Ray Tube Anode
2.7,5693.0,17466.0,146,32.9,42.2,5,4.58,0.42,0.1,33.5,26.4,1,27.9,6.0,29.5,82,406.0,83.6,4,1,56.3,200.0,0.46,Coolant Loop Unit
8.8,17299.0,65125.0,19,70.1,66.6,13,4.95,0.68,0.54,47.9,27.6,0,28.6,6.6,33.5,99,415.4,69.9,14,2,12.3,39.0,0.89,X-Ray Tube Anode
3.7,7285.0,25252.0,40,22.9,37.6,4,4.55,0.27,0.23,35.9,25.8,1,31.3,7.1,24.1,76,397.7,85.1,3,1,57.6,204.0,0.4,Coolant Loop Unit
0.8,1927.0,6699.0,17,5.6,22.7,2,4.22,0.18,0.16,36.3,24.6,1,31.6,7.0,24.5,74,396.7,97.7,3,1,71.9,244.0,0.28,Coolant Loop Unit
7.9,17679.0,67185.0,99,59.6,52.1,12,4.89,0.6,0.56,50.4,26.5,0,27.4,6.5,33.6,89,408.5,72.8,15,0,27.1,90.0,0.71,X-Ray Tube Anode
2.5,5555.0,21337.0,93,21.3,44.8,2,4.33,0.27,0.15,39.4,23.2,0,29.3,6.8,28.2,75,398.1,87.7,3,0,66.2,229.0,0.31,Coolant Loop Unit
11.3,23661.0,91796.0,42,96.0,88.1,19,5.49,0.92,0.64,51.2,32.9,3,23.1,5.5,40.7,115,395.2,54.4,19,3,5.0,17.0,0.98,X-Ray Tube Anode
11.5,24090.0,63653.0,123,96.7,87.2,23,5.33,1.06,0.66,56.0,35.6,2,22.2,4.8,43.6,117,395.7,59.8,17,4,5.0,24.0,0.94,X-Ray Tube Anode
11.0,24011.0,79624.0,107,98.0,97.7,24,5.47,0.95,0.84,53.3,33.2,2,19.5,4.6,46.9,127,383.8,59.2,20,7,5.0,16.0,0.98,X-Ray Tube Anode
4.8,10881.0,39290.0,72,42.3,42.7,8,4.53,0.48,0.4,43.8,28.6,0,26.9,7.0,27.8,81,394.3,84.4,6,1,39.4,132.0,0.6,X-Ray Tube Anode
0.7,1553.0,5646.0,65,5.0,17.3,4,4.52,0.13,0.24,39.5,26.3,0,31.3,8.0,21.2,68,403.4,96.1,3,1,71.7,242.0,0.27,Coolant Loop Unit
11.2,21459.0,73178.0,109,98.0,94.8,19,5.57,0.99,0.69,48.8,30.5,1,22.6,4.8,46.9,129,400.0,62.1,16,7,5.0,23.0,0.96,X-Ray Tube Anode
5.4,11662.0,32073.0,53,41.1,44.0,9,4.41,0.44,0.36,39.8,26.6,1,28.0,6.9,30.8,85,403.8,81.0,9,1,41.0,141.0,0.59,X-Ray Tube Anode
11.6,24260.0,89667.0,135,98.0,94.6,25,5.26,0.97,0.62,48.8,31.4,1,22.9,4.4,41.9,114,410.6,54.1,19,3,5.0,13.0,0.96,X-Ray Tube Anode
11.6,27904.0,99902.0,133,98.0,84.0,19,5.45,1.0,0.81,53.9,30.9,0,25.0,5.7,36.9,100,419.1,58.5,16,4,5.0,10.0,0.94,X-Ray Tube Anode
10.3,23114.0,60772.0,24,94.4,76.8,24,5.14,0.91,0.66,50.8,33.8,2,23.0,5.0,38.6,103,397.8,62.9,19,3,5.0,18.0,0.94,X-Ray Tube Anode
3.9,8444.0,26984.0,28,27.4,39.5,5,4.51,0.4,0.27,41.1,27.1,2,31.5,6.7,26.2,82,390.9,84.4,5,2,49.8,165.0,0.49,Coolant Loop Unit
4.9,9270.0,25593.0,62,14.5,24.1,4,4.44,0.29,0.28,43.9,26.1,3,31.6,6.9,25.1,73,396.5,83.4,5,2,55.7,181.0,0.42,Coolant Loop Unit
10.3,22880.0,68783.0,17,89.3,87.6,20,5.24,0.93,0.5,46.0,32.5,1,22.6,6.4,41.9,114,406.2,60.4,16,4,5.0,22.0,0.97,X-Ray Tube Anode
4.1,7800.0,19712.0,20,30.8,44.4,4,4.65,0.38,0.36,41.7,25.5,2,29.6,6.8,29.8,91,419.7,89.1,3,0,52.5,172.0,0.48,Coolant Loop Unit
2.4,4987.0,15461.0,3,18.2,41.2,3,4.31,0.11,0.18,36.2,28.0,0,31.4,6.4,27.3,78,401.3,86.3,3,0,64.8,211.0,0.36,Coolant Loop Unit
6.9,13116.0,43608.0,165,54.4,63.7,10,4.52,0.61,0.29,36.7,31.5,2,27.0,4.8,33.6,97,403.8,70.6,8,1,30.0,101.0,0.71,X-Ray Tube Anode
11.3,25736.0,88259.0,143,98.0,82.2,20,5.52,0.96,0.77,56.4,32.3,1,24.5,4.9,42.0,117,398.2,61.3,16,3,5.0,16.0,0.96,X-Ray Tube Anode
8.5,16536.0,57796.0,51,66.7,72.7,13,5.15,0.69,0.42,42.2,31.5,0,25.2,5.8,39.1,117,401.2,75.7,8,0,29.9,97.0,0.75,X-Ray Tube Anode
7.1,14636.0,54949.0,176,59.9,64.8,16,5.29,0.54,0.49,42.9,27.9,1,24.7,4.9,38.5,109,409.9,72.4,11,1,21.1,73.0,0.8,X-Ray Tube Anode
1.6,3926.0,11083.0,136,15.4,34.2,3,4.05,0.26,0.23,38.7,27.2,1,30.3,6.4,26.6,77,406.5,94.7,3,0,66.9,226.0,0.29,Coolant Loop Unit
7.6,14714.0,39443.0,141,57.5,66.9,12,5.0,0.54,0.52,45.7,32.0,2,23.5,5.6,35.9,106,399.5,75.7,12,2,20.2,80.0,0.79,X-Ray Tube Anode
11.9,25619.0,96771.0,176,95.3,88.2,20,5.05,0.96,0.72,55.8,33.2,2,22.2,4.6,44.1,124,402.0,56.7,18,4,5.0,16.0,0.93,X-Ray Tube Anode
2.1,4419.0,12086.0,3,22.4,35.0,9,4.73,0.35,0.13,37.0,23.5,0,29.4,7.0,26.7,79,397.1,90.0,6,0,58.8,194.0,0.42,Coolant Loop Unit
6.5,11711.0,46402.0,73,44.6,53.9,9,4.81,0.48,0.31,49.8,30.9,2,27.0,6.3,31.0,90,409.5,80.3,9,1,34.8,120.0,0.64,X-Ray Tube Anode
10.6,24938.0,93863.0,159,96.8,83.7,20,5.22,1.03,0.66,49.6,30.6,1,23.3,5.1,39.1,103,414.9,63.0,17,4,5.0,19.0,0.96,X-Ray Tube Anode
9.0,16670.0,54199.0,105,70.8,63.2,14,5.17,0.7,0.49,52.0,30.2,0,25.1,5.7,36.5,102,393.0,69.1,13,2,11.7,38.0,0.87,X-Ray Tube Anode
8.5,18155.0,72115.0,118,74.3,74.4,15,5.01,0.8,0.52,49.1,32.4,1,23.9,4.9,38.1,106,393.7,65.4,14,1,13.3,37.0,0.87,X-Ray Tube Anode
8.6,18808.0,49768.0,154,69.6,63.4,14,5.08,0.66,0.49,46.8,31.2,1,24.5,4.7,35.0,99,397.1,70.3,9,1,19.1,73.0,0.8,X-Ray Tube Anode
4.6,10380.0,30669.0,34,51.5,47.7,9,4.85,0.62,0.24,44.9,25.0,1,30.1,6.8,31.0,96,406.8,85.7,6,0,45.0,147.0,0.54,X-Ray Tube Anode
3.9,8846.0,30583.0,137,25.9,28.1,4,4.77,0.38,0.28,44.5,25.6,1,30.7,6.4,24.2,67,396.6,86.9,5,1,55.9,194.0,0.45,Coolant Loop Unit
9.8,19393.0,58663.0,62,69.3,70.7,13,5.3,0.75,0.53,48.6,30.6,2,23.0,5.6,35.9,96,407.5,66.3,14,0,14.3,55.0,0.87,X-Ray Tube Anode
9.8,17738.0,69046.0,120,76.3,70.7,15,5.03,0.77,0.43,51.5,32.6,1,24.3,5.3,37.4,108,387.5,69.5,11,3,9.5,31.0,0.93,X-Ray Tube Anode
10.5,24151.0,62755.0,115,98.0,93.6,21,5.53,0.91,0.76,50.2,33.9,1,24.3,4.3,43.2,120,399.4,64.0,19,3,5.0,21.0,0.97,X-Ray Tube Anode
11.0,23929.0,79544.0,13,91.1,81.3,19,5.35,0.9,0.83,50.3,33.9,1,21.8,6.3,41.8,116,401.1,64.1,17,4,5.0,22.0,0.97,X-Ray Tube Anode
6.4,15219.0,51537.0,69,64.2,64.6,13,4.76,0.73,0.53,44.7,30.6,1,25.1,5.8,36.4,98,392.5,79.1,12,0,23.8,76.0,0.77,X-Ray Tube Anode
6.3,14885.0,51786.0,169,50.0,53.1,8,4.7,0.56,0.39,48.8,28.3,1,28.5,6.2,32.4,93,398.9,75.4,6,0,37.2,134.0,0.62,X-Ray Tube Anode
9.7,23139.0,66722.0,77,85.1,82.6,18,5.57,0.79,0.66,53.9,32.2,0,22.2,5.6,42.8,120,408.9,65.9,16,7,5.0,19.0,0.96,X-Ray Tube Anode
8.0,17062.0,51986.0,1,77.3,71.2,19,5.18,0.74,0.63,47.2,32.8,0,22.2,6.2,36.8,101,398.9,72.8,17,4,5.0,6.0,0.97,X-Ray Tube Anode
8.6,17433.0,65643.0,89,72.7,80.1,15,5.22,0.82,0.42,37.2,29.7,0,22.9,4.7,42.5,115,403.3,62.1,13,0,18.3,63.0,0.84,X-Ray Tube Anode
9.7,22721.0,63446.0,47,98.0,97.3,21,5.34,1.01,0.72,50.2,35.0,7,22.7,5.3,42.1,118,411.4,65.8,18,3,5.0,14.0,0.95,X-Ray Tube Anode
10.7,22714.0,84959.0,4,98.0,95.6,21,5.3,0.92,0.54,43.8,32.5,0,23.7,5.6,42.0,113,392.7,65.1,18,3,5.0,19.0,0.94,X-Ray Tube Anode
4.4,8460.0,28290.0,10,17.1,40.4,4,4.41,0.17,0.41,42.5,25.6,2,30.1,6.8,26.3,82,402.1,80.9,4,0,57.3,192.0,0.44,Coolant Loop Unit
4.8,11559.0,42112.0,28,36.7,44.7,7,4.6,0.4,0.32,39.0,28.9,0,26.7,6.4,30.8,85,377.2,78.8,5,2,48.1,160.0,0.47,Coolant Loop Unit
1.6,3822.0,13646.0,121,17.5,33.0,6,4.19,0.16,0.33,37.4,24.6,0,32.5,6.4,23.7,72,388.9,94.5,4,0,62.9,209.0,0.4,Coolant Loop Unit
7.2,15204.0,42743.0,126,47.2,57.9,11,4.62,0.52,0.59,53.7,29.5,2,27.2,5.7,34.4,101,406.0,70.5,10,0,29.0,100.0,0.73,X-Ray Tube Anode
0.9,1692.0,5675.0,134,5.0,27.4,3,4.37,0.27,0.09,34.9,24.6,1,29.2,6.6,24.3,73,395.7,99.2,3,1,70.4,242.0,0.29,Coolant Loop Unit
5.9,12127.0,46103.0,155,59.9,69.8,12,4.86,0.56,0.32,46.2,26.8,0,27.7,5.0,37.7,103,402.3,77.0,9,2,27.2,92.0,0.72,X-Ray Tube Anode
6.7,15924.0,50132.0,140,59.4,65.9,11,4.92,0.62,0.49,45.1,30.6,1,26.5,5.7,35.7,97,387.9,77.4,7,1,25.1,84.0,0.79,X-Ray Tube Anode
3.8,9227.0,36446.0,62,42.6,59.8,7,4.75,0.55,0.28,37.8,29.4,3,29.9,5.8,35.2,99,378.3,83.0,5,0,47.1,161.0,0.51,Coolant Loop Unit
7.3,14169.0,45034.0,176,56.5,56.5,11,4.92,0.65,0.4,45.2,25.9,0,29.0,6.0,37.6,108,394.4,79.5,8,3,28.5,102.0,0.71,X-Ray Tube Anode
0.9,1571.0,4265.0,67,5.0,30.2,3,4.43,0.14,0.01,34.0,24.6,1,33.6,6.3,30.3,91,395.4,100.0,4,0,70.5,234.0,0.33,Coolant Loop Unit
0.9,2244.0,6921.0,174,5.0,27.5,2,4.1,0.14,0.07,35.9,22.6,1,31.5,5.9,27.6,88,397.2,99.1,6,3,62.9,207.0,0.35,Coolant Loop Unit
10.0,20643.0,81075.0,74,84.4,82.9,18,5.3,0.8,0.51,46.7,33.0,2,21.3,4.8,40.3,107,411.7,62.1,16,7,5.0,11.0,0.95,X-Ray Tube Anode
4.6,10116.0,30143.0,95,52.1,53.0,10,4.94,0.56,0.36,40.6,30.4,1,27.5,6.1,32.5,87,383.6,82.5,7,0,39.1,125.0,0.6,X-Ray Tube Anode
2.0,4859.0,18475.0,143,14.2,35.7,5,4.52,0.24,0.26,35.8,27.6,1,30.6,6.3,26.8,81,394.2,86.2,3,0,64.7,215.0,0.39,Coolant Loop Unit
6.5,12014.0,45914.0,36,48.6,62.0,11,4.57,0.59,0.43,44.3,30.9,0,27.8,6.9,32.1,93,397.1,80.1,9,0,35.2,125.0,0.64,X-Ray Tube Anode
9.4,21084.0,63786.0,142,72.2,64.9,17,5.1,0.72,0.64,52.0,29.0,1,25.7,5.3,32.0,93,398.9,66.6,18,0,8.2,19.0,0.89,X-Ray Tube Anode
3.0,5522.0,14495.0,112,16.7,34.2,5,4.66,0.24,0.13,35.1,26.9,0,32.8,6.8,26.3,79,407.9,88.3,5,0,66.6,225.0,0.34,Coolant Loop Unit
7.7,15808.0,56701.0,131,66.0,64.0,12,4.98,0.65,0.49,46.2,29.7,0,25.2,4.9,36.6,98,399.5,69.5,9,2,18.4,66.0,0.81,X-Ray Tube Anode
1.5,3500.0,10386.0,113,20.0,43.8,3,4.51,0.29,0.21,44.1,27.5,0,30.2,5.6,31.6,85,406.4,96.8,5,0,60.8,207.0,0.4,Coolant Loop Unit
1.1,2302.0,8458.0,110,13.7,29.1,1,4.48,0.26,0.06,36.1,26.9,2,29.9,7.2,25.3,78,409.5,96.8,3,1,67.8,235.0,0.33,Coolant Loop Unit
6.6,16513.0,52248.0,114,49.8,49.4,9,4.64,0.58,0.5,46.3,29.7,0,25.8,6.3,29.6,85,388.9,76.0,5,1,39.5,131.0,0.58,X-Ray Tube Anode
6.7,14720.0,47514.0,67,55.2,56.3,11,5.14,0.54,0.43,44.6,28.2,1,29.1,6.2,31.8,90,409.0,76.8,8,0,31.4,104.0,0.72,X-Ray Tube Anode
7.8,15855.0,58139.0,126,55.7,62.1,13,4.94,0.61,0.61,46.3,27.3,1,27.2,5.1,37.2,104,398.4,77.4,13,1,22.7,75.0,0.76,X-Ray Tube Anode
8.9,17294.0,53153.0,86,66.7,58.2,13,5.08,0.67,0.58,44.8,28.7,0,29.8,6.9,29.2,81,400.4,65.3,13,1,20.4,72.0,0.79,X-Ray Tube Anode
11.7,23976.0,75878.0,19,95.0,88.6,20,5.09,1.01,0.74,48.3,32.3,2,20.7,5.8,40.3,111,401.2,54.2,17,3,5.0,31.0,0.96,X-Ray Tube Anode
6.4,13266.0,40651.0,69,61.6,71.7,14,5.06,0.65,0.27,42.0,31.0,1,25.9,5.4,37.6,107,403.3,74.1,8,1,26.7,91.0,0.77,X-Ray Tube Anode
4.2,7788.0,23761.0,10,33.5,50.5,5,4.68,0.33,0.27,43.2,29.3,1,28.8,6.8,30.0,87,388.2,87.9,7,1,47.0,159.0,0.5,Coolant Loop Unit
9.6,19855.0,65303.0,161,90.8,74.9,18,5.53,0.91,0.57,49.9,28.1,0,26.2,4.2,36.5,101,387.5,66.1,18,4,5.0,12.0,0.94,X-Ray Tube Anode
3.6,7681.0,28521.0,141,25.1,47.5,6,4.45,0.35,0.24,39.2,26.7,0,28.7,5.9,32.9,92,395.9,84.0,5,1,55.1,196.0,0.47,Coolant Loop Unit
5.5,12794.0,38927.0,128,39.8,51.9,7,4.53,0.47,0.27,44.1,26.8,1,27.9,5.6,34.7,103,404.9,81.2,5,0,52.4,176.0,0.46,Coolant Loop Unit
1.4,3169.0,10413.0,99,24.3,30.3,5,4.39,0.29,0.05,37.0,27.5,0,27.7,7.7,22.9,65,410.3,92.6,8,3,58.5,196.0,0.42,High Voltage Power Supply
0.8,1817.0,6372.0,179,10.7,17.8,2,4.25,0.17,0.09,37.3,23.8,0,34.2,6.7,18.0,56,394.6,96.8,4,0,74.7,253.0,0.24,Coolant Loop Unit
11.6,20895.0,60681.0,32,77.6,67.8,14,4.96,0.75,0.7,40.3,29.4,1,22.4,5.1,40.9,108,406.9,59.9,15,5,5.0,26.0,0.96,X-Ray Tube Anode
10.1,19746.0,57584.0,112,82.5,84.5,19,5.38,0.82,0.53,44.2,32.9,0,23.7,5.6,39.7,111,398.3,61.8,19,3,5.0,14.0,0.93,X-Ray Tube Anode
8.5,19245.0,75059.0,24,83.7,69.0,16,5.4,0.81,0.53,42.1,29.4,1,28.2,6.3,34.1,97,402.6,63.8,13,4,5.0,17.0,0.96,X-Ray Tube Anode
5.2,11128.0,39897.0,35,45.5,46.5,9,4.72,0.56,0.49,47.6,27.6,0,29.8,7.3,29.1,86,395.2,81.5,6,0,43.2,134.0,0.58,X-Ray Tube Anode
2.5,4496.0,15134.0,83,12.2,33.7,1,4.29,0.16,0.15,38.5,28.8,2,32.2,6.8,27.2,76,401.1,89.7,2,0,71.6,248.0,0.3,Coolant Loop Unit
2.3,5433.0,18861.0,70,18.2,34.5,3,4.15,0.27,0.18,35.8,28.8,3,32.5,6.9,25.5,70,392.6,89.1,5,3,53.9,182.0,0.45,Coolant Loop Unit
3.4,7907.0,20116.0,168,34.0,49.4,5,4.71,0.41,0.25,41.4,27.3,0,29.3,5.2,32.4,88,400.8,87.9,5,2,48.3,169.0,0.55,Coolant Loop Unit
6.8,14886.0,51015.0,109,61.1,67.7,10,5.18,0.7,0.34,38.2,29.9,0,26.4,5.7,36.0,100,406.9,77.0,9,1,29.1,102.0,0.67,X-Ray Tube Anode
8.7,16098.0,52547.0,172,74.1,62.9,13,4.99,0.82,0.53,43.4,28.6,2,25.5,5.5,33.9,88,396.8,61.9,13,2,10.9,38.0,0.88,X-Ray Tube Anode
8.1,18908.0,62749.0,99,73.4,79.2,17,5.06,0.8,0.5,43.9,28.6,0,25.4,4.4,37.1,105,402.0,71.0,16,1,11.7,38.0,0.93,X-Ray Tube Anode
3.7,8214.0,24964.0,33,25.1,32.1,4,4.57,0.34,0.27,42.5,27.4,0,28.8,6.9,28.8,84,403.0,85.6,4,1,59.9,204.0,0.4,Coolant Loop Unit
11.5,26950.0,70669.0,56,98.0,89.7,19,5.63,0.93,0.8,56.9,36.4,5,23.3,4.7,43.9,113,408.9,57.7,18,4,5.0,10.0,0.97,X-Ray Tube Anode
9.0,20903.0,58320.0,164,85.0,82.4,16,5.25,0.81,0.76,50.0,31.2,0,23.0,5.2,38.9,103,385.1,69.5,14,4,5.0,18.0,0.95,X-Ray Tube Anode
6.9,16240.0,63759.0,147,71.6,63.5,16,5.09,0.7,0.38,47.3,28.4,2,25.3,5.7,36.0,95,405.6,69.3,10,1,14.9,53.0,0.89,X-Ray Tube Anode
7.5,16295.0,50726.0,171,69.4,78.1,16,5.06,0.76,0.55,47.3,31.0,0,23.2,4.4,38.3,109,391.3,63.8,14,0,18.5,63.0,0.81,X-Ray Tube Anode
5.3,10109.0,32348.0,12,41.9,49.1,8,4.49,0.48,0.39,44.3,28.0,0,29.5,7.3,29.9,89,390.6,75.5,5,2,43.8,149.0,0.57,X-Ray Tube Anode
3.3,7601.0,19604.0,11,28.6,31.2,5,4.33,0.4,0.2,39.2,24.0,2,32.9,6.9,27.1,72,394.8,89.4,4,1,58.5,196.0,0.43,Coolant Loop Unit
4.6,10264.0,26238.0,70,18.6,41.8,3,4.3,0.32,0.37,42.6,26.3,1,27.3,6.7,29.7,84,392.5,81.5,4,2,52.3,177.0,0.51,Coolant Loop Unit
9.2,21375.0,76434.0,140,77.0,75.6,15,5.28,0.76,0.75,52.9,32.6,0,26.4,5.3,37.8,100,401.6,66.0,15,4,5.0,12.0,0.91,X-Ray Tube Anode
0.7,1277.0,4224.0,41,7.7,29.4,1,4.24,0.17,0.02,37.7,25.7,2,32.8,7.0,27.0,76,392.3,100.0,1,1,71.0,239.0,0.3,Coolant Loop Unit
1.8,3553.0,11594.0,153,5.0,24.0,5,4.18,0.14,0.16,36.0,26.8,0,33.5,6.5,24.6,73,404.6,93.9,5,0,70.7,251.0,0.28,Coolant Loop Unit
1.0,2494.0,7143.0,106,10.5,34.1,1,4.24,0.18,0.15,37.7,26.6,2,31.7,6.7,25.7,80,382.9,98.5,4,2,63.2,215.0,0.37,Coolant Loop Unit
1.0,2251.0,8144.0,3,14.3,20.7,6,4.35,0.2,0.15,43.4,22.8,2,32.9,8.3,25.2,76,408.5,95.4,3,2,60.0,206.0,0.39,Coolant Loop Unit
10.3,25180.0,69305.0,3,98.0,84.0,20,5.63,1.04,0.78,52.8,31.2,1,23.3,5.2,38.6,112,387.6,56.4,17,4,5.0,17.0,0.91,X-Ray Tube Anode
8.6,20029.0,55779.0,84,84.9,78.8,17,5.2,0.87,0.6,49.0,31.8,0,22.2,5.2,40.3,106,403.2,68.3,17,4,5.0,17.0,0.97,X-Ray Tube Anode
6.0,13204.0,42134.0,156,60.5,53.9,10,4.81,0.64,0.44,48.3,26.8,3,26.9,5.1,36.2,107,393.6,75.7,8,0,24.3,83.0,0.73,X-Ray Tube Anode
1.6,3669.0,10749.0,151,27.5,43.4,4,4.53,0.31,0.07,35.1,25.3,1,29.5,6.1,26.4,82,396.6,90.9,7,0,59.0,199.0,0.41,Coolant Loop Unit
6.2,14906.0,42799.0,176,68.4,65.7,14,5.28,0.75,0.46,45.0,28.1,0,27.7,4.8,39.9,110,393.0,78.6,8,1,25.2,89.0,0.75,X-Ray Tube Anode
5.9,13110.0,45462.0,170,54.0,53.3,10,4.77,0.54,0.36,45.4,29.2,0,26.5,5.7,36.0,103,383.0,71.6,6,3,35.6,117.0,0.63,X-Ray Tube Anode
2.5,5588.0,19428.0,107,21.3,25.0,2,4.28,0.31,0.1,40.9,24.4,2,31.7,6.3,24.0,70,396.3,88.2,1,1,68.1,224.0,0.33,Coolant Loop Unit
5.5,10482.0,39169.0,168,42.8,54.4,9,4.64,0.51,0.29,34.3,30.3,0,25.9,5.2,34.0,95,390.2,78.5,5,1,47.3,162.0,0.52,Coolant Loop Unit
5.1,10835.0,33877.0,134,41.1,55.5,9,4.71,0.45,0.36,40.7,27.3,1,31.3,6.4,31.0,88,388.6,83.1,9,1,37.6,133.0,0.61,X-Ray Tube Anode
7.6,17450.0,45539.0,20,78.7,73.0,17,5.25,0.82,0.55,44.1,27.1,0,26.0,5.9,35.7,95,396.6,78.7,15,4,5.0,14.0,0.92,X-Ray Tube Anode
7.8,15526.0,45190.0,139,66.7,68.0,12,5.15,0.71,0.36,42.6,30.0,1,23.6,5.6,34.1,100,397.8,65.4,8,0,30.5,108.0,0.68,X-Ray Tube Anode
1.0,1982.0,7870.0,96,5.0,18.1,1,4.1,0.14,0.03,32.8,26.6,2,33.1,6.7,26.2,75,400.7,95.7,5,2,70.4,243.0,0.3,Coolant Loop Unit
4.8,9711.0,32962.0,124,49.4,57.0,9,4.65,0.55,0.37,45.1,28.9,1,27.8,5.0,33.8,97,404.0,81.1,5,1,38.3,138.0,0.58,X-Ray Tube Anode
7.7,15157.0,54027.0,155,58.3,51.0,9,4.85,0.63,0.49,46.4,26.1,1,28.7,6.1,28.9,79,390.4,72.8,6,1,30.5,113.0,0.73,X-Ray Tube Anode
6.3,12261.0,30787.0,21,41.5,48.8,8,4.8,0.48,0.45,47.5,25.4,0,33.8,7.1,32.2,90,388.9,84.8,6,1,42.7,148.0,0.57,X-Ray Tube Anode
10.3,21707.0,71141.0,114,86.7,83.6,18,5.05,0.88,0.74,54.1,33.8,0,24.6,4.7,42.5,122,406.0,58.6,17,4,5.0,16.0,0.93,X-Ray Tube Anode
8.1,19667.0,50273.0,13,72.1,78.8,14,4.97,0.69,0.62,50.6,30.2,1,26.8,6.5,38.9,111,397.4,68.9,13,0,15.3,44.0,0.86,X-Ray Tube Anode
2.4,5115.0,17156.0,86,28.0,37.2,3,4.45,0.34,0.15,37.4,28.8,0,28.6,6.3,26.6,85,415.7,94.5,5,1,60.6,211.0,0.39,Coolant Loop Unit
1.3,2533.0,9832.0,35,5.0,28.8,3,4.4,0.16,0.13,38.1,26.4,0,31.8,6.9,24.5,77,383.6,95.7,2,0,73.7,256.0,0.28,Coolant Loop Unit
7.9,14623.0,57800.0,47,57.6,62.3,11,4.97,0.62,0.57,46.2,28.3,1,26.4,6.1,38.6,105,402.7,73.8,12,2,21.6,72.0,0.76,X-Ray Tube Anode
0.8,1841.0,6095.0,156,14.9,39.0,2,4.51,0.28,0.32,38.0,28.4,0,28.3,5.8,29.7,88,393.5,94.9,3,2,59.0,202.0,0.39,Coolant Loop Unit
7.2,14965.0,47697.0,149,54.2,55.9,9,5.05,0.62,0.49,48.6,27.3,2,26.8,5.0,32.9,91,393.8,76.6,9,0,29.6,96.0,0.72,X-Ray Tube Anode
11.3,26871.0,105267.0,146,98.0,85.0,20,5.33,0.94,0.81,52.6,30.0,0,24.9,4.5,43.2,117,395.6,62.1,17,4,5.0,14.0,0.97,X-Ray Tube Anode
7.1,16098.0,56512.0,159,56.6,67.4,9,4.7,0.6,0.54,42.3,28.8,2,27.4,5.1,38.4,107,410.7,75.2,11,2,20.6,63.0,0.8,X-Ray Tube Anode
5.0,11702.0,30394.0,125,48.8,45.1,10,4.61,0.52,0.36,44.6,28.6,0,25.8,6.3,33.6,91,386.6,87.6,10,3,30.7,106.0,0.7,X-Ray Tube Anode
7.9,15720.0,50280.0,110,67.4,59.9,14,4.73,0.71,0.56,46.7,30.9,0,25.2,6.7,33.4,95,386.5,72.2,15,1,18.6,61.0,0.8,X-Ray Tube Anode
5.8,13182.0,37706.0,37,52.4,48.3,10,4.76,0.57,0.48,39.4,27.2,3,26.5,7.1,31.4,95,404.9,80.1,10,1,28.7,104.0,0.7,X-Ray Tube Anode
6.8,13447.0,43092.0,21,54.1,64.7,10,4.79,0.62,0.44,40.5,27.0,1,28.3,5.8,36.4,102,413.6,74.0,6,2,28.8,99.0,0.7,X-Ray Tube Anode
11.3,27834.0,88601.0,14,98.0,78.8,20,5.49,0.99,0.77,49.8,29.1,1,22.4,7.0,36.3,98,394.1,60.7,17,3,5.0,19.0,0.98,X-Ray Tube Anode
4.9,11093.0,37419.0,91,42.1,56.7,12,4.71,0.54,0.22,40.6,27.2,0,27.6,5.9,30.5,88,408.7,82.6,9,0,41.9,143.0,0.61,X-Ray Tube Anode
11.6,23421.0,71087.0,60,98.0,87.6,20,5.3,0.99,0.73,53.5,30.6,0,21.1,5.3,42.8,117,407.0,60.6,17,4,5.0,25.0,0.96,X-Ray Tube Anode
10.9,21699.0,59595.0,124,97.8,78.5,22,5.36,0.94,0.65,51.5,31.8,2,25.1,4.7,41.3,106,402.2,61.9,19,4,5.0,24.0,0.98,X-Ray Tube Anode
2.8,5321.0,17322.0,23,13.9,27.7,2,4.21,0.2,0.13,39.7,28.2,0,30.3,7.4,19.7,63,401.5,90.5,3,3,63.1,214.0,0.38,High Voltage Power Supply
1.3,2967.0,11111.0,111,26.0,31.9,5,4.67,0.36,0.04,35.7,27.0,0,29.6,6.5,27.5,77,397.0,93.2,6,4,52.4,180.0,0.5,High Voltage Power Supply
1.7,3240.0,11327.0,124,10.5,29.9,2,4.21,0.11,0.19,44.3,23.9,0,32.5,6.8,25.5,70,407.2,95.2,2,0,69.8,244.0,0.3,Coolant Loop Unit
0.7,1573.0,4730.0,157,22.2,39.2,2,4.3,0.23,0.01,37.3,25.7,0,31.1,6.3,29.4,83,405.3,97.1,4,0,67.1,222.0,0.33,Coolant Loop Unit
1.6,3149.0,12291.0,175,10.3,26.9,3,4.45,0.19,0.16,39.1,24.5,1,30.8,6.0,24.7,76,395.4,92.5,3,1,67.7,232.0,0.32,Coolant Loop Unit
8.4,18910.0,73148.0,30,81.3,67.7,16,5.26,0.88,0.62,50.4,30.7,2,24.6,6.6,38.3,106,387.3,67.4,16,3,5.0,15.0,0.93,X-Ray Tube Anode
1.3,3126.0,8796.0,115,18.1,35.8,4,4.16,0.33,0.18,37.7,28.7,1,30.1,6.2,29.8,96,393.7,96.9,5,0,65.5,230.0,0.34,Coolant Loop Unit
4.2,9773.0,25010.0,90,36.0,52.0,6,4.76,0.41,0.28,41.0,27.5,1,30.4,6.5,28.7,90,391.5,86.9,3,1,52.6,181.0,0.48,Coolant Loop Unit
10.2,23830.0,86073.0,38,95.9,91.5,21,5.24,1.02,0.59,41.6,35.3,10,22.9,5.0,40.9,107,399.6,62.9,17,5,5.0,8.0,0.94,X-Ray Tube Anode
0.8,1483.0,5547.0,83,17.4,38.8,3,4.35,0.26,0.14,36.8,29.8,2,29.6,6.1,28.7,89,403.8,92.5,4,0,61.1,206.0,0.4,Coolant Loop Unit
9.9,18370.0,72594.0,27,70.9,63.6,14,5.08,0.66,0.64,54.3,29.1,1,25.6,6.1,33.6,99,403.1,68.9,13,0,16.0,61.0,0.83,X-Ray Tube Anode
3.7,8565.0,32844.0,104,30.9,49.4,7,4.66,0.38,0.23,40.6,27.4,1,29.0,6.0,33.6,89,403.7,89.9,6,0,50.0,174.0,0.48,Coolant Loop Unit
1.9,3825.0,13009.0,116,6.1,20.7,6,4.34,0.12,0.19,39.6,23.9,1,32.5,6.5,21.7,66,401.5,99.7,5,1,60.1,199.0,0.4,Coolant Loop Unit
8.5,17899.0,58978.0,15,84.1,69.2,19,5.2,0.9,0.65,52.4,30.4,1,24.1,6.0,38.4,109,399.8,63.6,19,8,5.0,12.0,0.91,X-Ray Tube Anode
7.7,14088.0,35808.0,3,52.5,63.6,10,4.77,0.57,0.45,46.0,29.1,0,27.3,6.2,29.8,87,399.5,71.1,6,4,28.0,96.0,0.74,X-Ray Tube Anode
10.6,20988.0,60235.0,10,93.6,94.3,20,5.38,0.88,0.58,45.4,34.6,1,19.9,5.4,42.4,116,409.9,59.7,18,3,5.0,17.0,0.96,X-Ray Tube Anode
9.0,16327.0,52074.0,120,60.5,65.5,10,4.91,0.57,0.57,47.6,27.5,0,25.9,5.6,38.5,104,396.1,62.3,12,0,23.8,80.0,0.78,X-Ray Tube Anode
9.7,23526.0,80996.0,145,98.0,83.2,21,5.65,0.98,0.62,45.2,31.2,0,25.0,4.6,41.1,113,398.2,65.1,18,5,5.0,15.0,0.96,X-Ray Tube Anode
3.7,7376.0,24605.0,128,36.0,40.2,9,4.72,0.3,0.14,38.7,27.3,1,27.9,5.8,29.3,80,382.7,86.6,6,3,44.6,149.0,0.55,Coolant Loop Unit
2.5,5564.0,20109.0,11,20.4,33.6,3,4.31,0.26,0.26,38.3,27.3,1,30.0,7.2,27.8,83,395.7,89.9,3,2,57.1,205.0,0.43,Coolant Loop Unit
9.1,16687.0,48720.0,176,60.9,70.6,12,4.86,0.66,0.46,48.0,33.8,0,25.3,5.2,38.5,102,397.6,62.2,9,1,20.3,67.0,0.8,X-Ray Tube Anode
9.8,22166.0,74199.0,133,83.4,71.4,16,5.21,0.8,0.62,47.0,28.6,1,24.5,4.8,37.8,108,409.6,66.6,15,5,5.0,14.0,0.92,X-Ray Tube Anode
11.9,24092.0,63416.0,69,91.0,90.2,20,5.49,0.97,0.64,46.7,31.9,0,22.3,4.7,45.5,125,389.3,53.8,17,7,5.0,20.0,0.95,X-Ray Tube Anode
5.2,12738.0,39749.0,64,59.5,57.5,14,5.13,0.69,0.35,42.4,25.5,1,29.0,5.5,34.1,98,399.0,83.8,11,0,26.4,89.0,0.73,X-Ray Tube Anode
4.8,11571.0,41949.0,14,47.6,59.5,8,4.71,0.48,0.47,46.5,27.5,0,26.4,6.2,34.7,103,398.8,85.3,7,0,36.1,118.0,0.68,X-Ray Tube Anode
9.4,19119.0,67682.0,50,67.6,75.7,12,4.87,0.69,0.69,46.6,28.4,1,23.0,6.0,39.8,119,405.1,67.2,13,1,11.6,38.0,0.88,X-Ray Tube Anode
4.4,10742.0,42816.0,154,40.9,47.2,8,4.53,0.52,0.48,44.0,26.9,1,30.6,5.4,26.5,72,396.3,82.3,6,0,41.4,140.0,0.58,X-Ray Tube Anode
11.2,27979.0,81611.0,72,98.0,85.9,22,5.41,0.98,0.88,54.7,32.0,1,20.6,5.1,39.9,107,404.9,60.2,19,6,5.0,19.0,0.93,X-Ray Tube Anode
10.4,24662.0,80084.0,69,81.5,83.1,16,5.52,0.76,0.74,55.4,32.7,2,24.8,5.1,39.5,111,402.0,60.9,17,3,5.0,19.0,0.94,X-Ray Tube Anode
5.4,12994.0,38907.0,135,50.4,55.9,11,4.89,0.55,0.28,33.6,28.3,4,26.9,5.4,34.9,102,393.9,81.9,9,1,31.2,101.0,0.65,X-Ray Tube Anode
9.1,18035.0,57008.0,127,77.9,78.2,19,4.9,0.76,0.52,48.2,32.1,1,26.4,5.5,42.6,108,391.1,71.3,19,3,5.0,20.0,0.98,X-Ray Tube Anode
9.2,20224.0,76556.0,16,79.8,78.3,18,5.05,0.87,0.76,50.6,31.6,1,23.8,5.8,35.0,93,416.7,70.8,15,4,5.0,21.0,0.96,X-Ray Tube Anode
1.7,3114.0,10981.0,78,14.5,23.2,2,4.28,0.26,0.1,35.7,23.2,1,31.1,6.6,23.4,82,395.7,93.2,4,0,70.6,235.0,0.29,Coolant Loop Unit
10.9,20306.0,77642.0,101,85.1,86.5,18,5.1,0.85,0.71,48.6,29.8,2,25.6,4.3,44.5,120,386.5,65.2,19,5,5.0,13.0,0.96,X-Ray Tube Anode
6.3,15771.0,44242.0,56,60.3,56.2,11,4.87,0.65,0.47,44.4,29.6,1,28.1,5.8,29.7,90,396.4,77.9,7,1,32.0,108.0,0.66,X-Ray Tube Anode
10.0,20295.0,77325.0,105,87.0,89.6,18,5.3,0.82,0.38,45.2,35.2,2,24.9,4.3,43.9,117,394.6,57.0,12,4,5.0,18.0,0.95,X-Ray Tube Anode
4.2,9715.0,25157.0,132,50.5,50.4,9,4.91,0.52,0.36,41.3,31.8,1,22.6,6.1,32.4,88,390.7,88.3,6,2,34.7,119.0,0.63,X-Ray Tube Anode
10.8,25535.0,97873.0,48,89.9,87.6,18,5.44,0.99,0.83,58.3,33.9,2,19.7,5.2,42.8,124,399.7,61.8,15,4,5.0,17.0,0.92,X-Ray Tube Anode
5.0,11945.0,35759.0,17,45.0,47.2,12,4.82,0.51,0.36,44.9,29.9,2,25.8,6.9,27.7,81,401.5,83.0,11,2,29.0,91.0,0.73,X-Ray Tube Anode
0.6,1561.0,4638.0,111,24.9,33.8,4,4.21,0.37,0.19,39.8,26.7,1,28.3,6.4,27.0,78,383.9,95.6,4,1,57.0,199.0,0.43,Coolant Loop Unit
10.9,21486.0,70219.0,164,87.3,77.3,19,5.09,0.9,0.49,45.3,31.7,2,22.8,4.6,37.3,110,401.0,64.8,18,3,5.0,12.0,0.92,X-Ray Tube Anode
1.5,2833.0,11082.0,70,11.1,32.7,4,4.31,0.27,0.01,38.9,26.1,3,31.4,7.2,28.1,78,405.9,91.4,6,0,67.5,236.0,0.31,Coolant Loop Unit
4.2,8711.0,22401.0,80,32.8,44.1,8,4.62,0.3,0.3,45.6,27.1,0,29.5,6.8,27.1,81,392.3,88.1,5,2,44.8,158.0,0.58,X-Ray Tube Anode
11.4,21607.0,65432.0,93,96.6,95.3,26,5.49,0.96,0.66,46.1,34.3,1,22.8,5.4,43.5,122,389.3,56.1,22,4,5.0,11.0,0.94,X-Ray Tube Anode
11.4,20757.0,78562.0,38,75.5,69.0,15,5.11,0.86,0.71,48.6,29.5,2,24.1,5.6,40.8,115,391.7,59.8,14,5,5.0,19.0,0.96,X-Ray Tube Anode
7.1,14560.0,45050.0,101,65.6,69.8,15,5.0,0.74,0.49,47.7,30.2,0,25.6,5.3,39.4,114,395.8,78.3,10,1,19.7,74.0,0.79,X-Ray Tube Anode
7.8,18240.0,51048.0,62,70.7,74.6,14,5.08,0.8,0.44,47.5,29.2,1,25.5,5.7,34.4,103,399.5,76.3,8,1,22.1,78.0,0.78,X-Ray Tube Anode
5.7,12425.0,38979.0,121,43.7,43.6,8,4.69,0.49,0.4,42.9,27.9,0,28.1,6.7,28.6,82,390.7,81.8,6,1,44.0,141.0,0.57,X-Ray Tube Anode
3.9,7817.0,24064.0,48,29.4,38.6,6,4.57,0.34,0.31,39.5,25.2,1,29.3,6.6,28.2,79,396.4,88.8,3,3,48.1,163.0,0.51,Coolant Loop Unit
4.3,9664.0,37428.0,10,38.3,46.5,6,4.83,0.39,0.16,38.7,27.6,3,29.0,7.3,28.9,85,398.0,86.8,7,0,54.6,190.0,0.45,X-Ray Tube Anode
8.2,16158.0,58864.0,36,60.7,59.6,11,4.92,0.59,0.48,49.9,29.9,3,24.6,6.0,34.6,98,400.9,68.9,7,2,22.3,84.0,0.78,X-Ray Tube Anode
9.2,16566.0,53968.0,157,75.2,69.1,19,5.1,0.82,0.46,45.4,31.2,1,27.2,5.4,38.1,110,388.0,68.5,11,3,5.0,16.0,0.94,X-Ray Tube Anode
9.6,22424.0,89304.0,4,83.8,82.4,17,5.2,0.88,0.6,44.3,33.0,1,22.1,5.9,43.4,118,393.2,66.2,16,5,5.0,9.0,0.95,X-Ray Tube Anode
9.6,21428.0,68526.0,44,86.8,75.1,17,5.44,0.88,0.66,49.9,30.7,1,24.4,5.3,37.5,106,393.7,68.8,18,3,5.0,28.0,0.93,X-Ray Tube Anode
1.5,3614.0,9352.0,56,18.8,37.3,3,4.26,0.29,0.05,38.5,27.2,0,29.9,6.8,29.0,86,412.1,97.1,3,0,68.1,231.0,0.32,Coolant Loop Unit
6.2,11303.0,32705.0,42,46.3,61.1,13,5.02,0.52,0.38,43.2,28.6,0,27.0,6.4,33.5,97,407.7,77.5,11,1,29.9,109.0,0.72,X-Ray Tube Anode
1.2,2772.0,8744.0,114,17.3,33.4,6,4.23,0.3,0.17,42.5,23.1,0,29.4,5.3,31.2,84,398.6,94.7,5,1,58.7,198.0,0.39,Coolant Loop Unit
6.8,15233.0,41667.0,141,57.5,62.5,11,4.79,0.66,0.54,49.5,30.3,1,25.5,5.7,35.7,99,387.1,78.3,11,1,24.1,85.0,0.74,X-Ray Tube Anode
5.6,12239.0,47995.0,174,53.9,49.1,9,4.96,0.53,0.29,41.1,28.3,2,26.8,4.9,32.5,91,406.1,78.9,7,0,36.2,120.0,0.6,X-Ray Tube Anode
10.7,23958.0,87452.0,161,98.0,95.9,21,5.53,1.0,0.57,47.6,35.0,5,20.8,4.0,44.4,110,408.5,64.9,18,3,5.0,14.0,0.96,X-Ray Tube Anode
4.5,10908.0,31661.0,21,51.4,51.7,8,4.61,0.48,0.36,37.5,28.2,2,28.5,6.6,29.6,87,398.4,83.6,5,1,37.5,137.0,0.59,X-Ray Tube Anode
1.8,4082.0,13822.0,79,5.0,25.8,0,4.1,0.15,0.14,41.6,22.7,2,35.3,5.9,27.3,81,395.2,90.9,1,2,67.4,234.0,0.34,Coolant Loop Unit
2.1,4732.0,16951.0,69,23.0,45.7,7,4.52,0.34,0.41,43.0,27.3,2,29.9,6.2,28.6,76,393.5,90.4,6,0,51.4,175.0,0.5,Coolant Loop Unit
9.3,23083.0,90299.0,70,98.0,90.5,19,5.73,0.92,0.7,49.2,34.2,1,22.7,5.2,38.7,118,404.5,58.1,16,5,5.0,22.0,0.97,X-Ray Tube Anode
7.6,17728.0,67764.0,67,67.6,71.8,11,5.2,0.69,0.53,45.0,31.3,1,27.0,6.4,34.6,97,404.0,72.2,14,2,18.2,58.0,0.83,X-Ray Tube Anode
1.7,3508.0,11481.0,48,9.6,25.7,4,4.28,0.19,0.13,39.2,24.9,2,30.2,7.6,24.1,68,390.5,95.1,4,0,66.8,227.0,0.3,Coolant Loop Unit
1.5,3368.0,12332.0,161,7.9,16.7,1,3.93,0.18,0.04,32.5,21.5,1,35.6,7.0,19.7,58,392.3,100.0,1,0,80.4,274.0,0.19,Coolant Loop Unit
8.6,17743.0,59318.0,36,62.7,69.9,12,4.96,0.65,0.57,44.5,28.8,0,24.4,5.1,35.8,101,390.5,67.2,15,0,22.5,73.0,0.78,X-Ray Tube Anode
1.3,2620.0,8723.0,161,15.8,21.8,4,4.44,0.18,0.11,37.3,25.3,2,31.1,6.3,20.3,60,413.2,93.3,4,0,68.8,229.0,0.32,Coolant Loop Unit
10.0,22070.0,58974.0,159,98.0,92.6,22,5.32,0.98,0.63,47.0,30.6,1,24.0,4.9,41.6,129,401.2,62.2,17,4,5.0,8.0,0.96,X-Ray Tube Anode
8.6,21121.0,56799.0,149,80.0,66.5,16,5.03,0.74,0.62,49.7,29.5,0,27.1,5.5,39.5,113,407.8,66.5,13,5,5.0,12.0,0.94,X-Ray Tube Anode
1.4,3518.0,11588.0,27,10.3,34.5,6,4.35,0.18,0.16,36.8,26.2,1,31.3,7.0,25.4,72,400.0,95.7,9,1,56.5,201.0,0.43,Coolant Loop Unit
1.5,3009.0,8737.0,72,12.2,21.7,4,4.2,0.19,0.01,40.0,26.3,1,31.3,7.3,22.9,67,402.2,92.7,3,1,69.6,228.0,0.3,Coolant Loop Unit
11.8,25699.0,65059.0,101,90.0,83.3,17,5.56,0.9,0.8,54.7,32.9,0,25.4,5.4,44.9,121,396.6,55.4,15,4,5.0,17.0,0.92,X-Ray Tube Anode
4.8,9359.0,33545.0,96,31.9,44.3,9,4.81,0.36,0.23,42.1,28.8,1,26.6,6.7,30.1,87,410.6,83.4,5,2,46.3,158.0,0.52,X-Ray Tube Anode
4.8,11891.0,30308.0,128,47.1,52.1,9,4.86,0.45,0.36,41.0,28.7,1,26.1,5.7,32.9,96,401.5,84.0,5,0,45.9,155.0,0.54,X-Ray Tube Anode
9.8,24488.0,83085.0,26,90.8,80.4,20,5.3,0.9,0.81,59.9,30.4,0,21.8,5.6,37.6,113,398.4,62.4,17,5,5.0,21.0,0.93,X-Ray Tube Anode
11.4,25688.0,84997.0,66,98.0,88.0,20,5.28,1.03,0.88,53.0,31.6,2,21.0,5.3,42.1,119,384.1,62.4,20,4,5.0,16.0,0.92,X-Ray Tube Anode
11.8,27977.0,110598.0,140,98.0,84.8,21,5.37,1.05,0.66,47.4,30.8,1,21.5,5.0,44.7,120,403.2,62.6,18,4,5.0,22.0,0.92,X-Ray Tube Anode
9.2,21082.0,68018.0,22,91.5,82.8,17,5.54,1.05,0.61,50.6,32.8,2,24.7,5.5,37.8,103,403.1,69.1,15,3,5.0,20.0,0.96,X-Ray Tube Anode
4.8,10693.0,27752.0,17,54.5,55.3,11,4.98,0.68,0.36,43.4,27.6,1,29.6,5.8,32.6,98,409.1,83.7,9,0,35.7,115.0,0.65,X-Ray Tube Anode
1.5,2683.0,8928.0,7,13.8,31.0,2,4.4,0.16,0.01,32.8,25.1,1,31.9,7.4,23.0,73,396.5,87.0,1,2,67.7,236.0,0.33,Coolant Loop Unit
9.4,19991.0,75200.0,107,78.9,70.0,16,5.28,0.79,0.65,55.8,30.4,0,26.0,4.9,40.9,117,393.3,63.4,14,3,5.0,15.0,0.94,X-Ray Tube Anode
6.9,15728.0,62839.0,68,64.9,75.2,14,5.06,0.68,0.48,48.5,33.5,1,26.0,6.3,35.1,97,413.6,70.6,9,0,22.5,68.0,0.76,X-Ray Tube Anode
5.4,12232.0,38477.0,128,45.4,51.8,9,4.8,0.5,0.39,43.6,29.2,1,27.6,5.4,31.1,89,387.8,83.0,6,1,35.7,124.0,0.6,X-Ray Tube Anode
10.9,22514.0,67103.0,37,73.8,65.5,15,5.23,0.77,0.58,54.9,28.7,2,26.9,6.0,33.0,94,392.6,63.7,14,0,7.4,24.0,0.94,X-Ray Tube Anode
1.8,4374.0,16885.0,38,9.7,26.3,1,4.39,0.31,0.2,41.8,25.4,0,32.7,7.1,21.8,58,411.4,94.1,2,3,62.3,220.0,0.37,Coolant Loop Unit
6.2,11820.0,32940.0,96,47.2,60.4,9,4.9,0.47,0.43,44.5,31.7,0,27.7,5.6,34.7,99,406.7,76.7,6,0,41.0,145.0,0.6,X-Ray Tube Anode
0.6,1356.0,4641.0,139,5.0,13.9,2,4.28,0.11,0.1,44.0,24.6,0,32.4,7.2,20.6,60,397.1,96.0,3,0,76.5,256.0,0.22,Coolant Loop Unit
5.9,13450.0,41809.0,1,50.5,58.9,12,4.77,0.64,0.37,45.1,26.7,0,28.2,7.0,33.4,93,397.4,90.0,13,2,25.7,92.0,0.78,X-Ray Tube Anode
1.1,2625.0,6725.0,153,14.3,31.0,2,4.29,0.2,0.09,38.7,24.3,0,31.3,6.5,27.5,79,397.9,97.4,3,1,66.9,224.0,0.33,Coolant Loop Unit
1.9,4207.0,12709.0,42,18.0,26.0,5,4.32,0.28,0.18,37.8,23.6,0,28.8,7.7,20.4,69,406.2,92.2,5,2,61.5,201.0,0.38,Coolant Loop Unit
1.9,3690.0,10692.0,152,23.2,42.6,3,4.24,0.36,0.15,38.5,29.3,1,29.3,5.7,30.6,90,406.3,94.0,3,0,63.7,214.0,0.34,Coolant Loop Unit
8.0,15210.0,53677.0,63,63.2,61.6,12,4.82,0.69,0.53,45.4,31.3,1,25.6,5.6,33.0,97,404.4,67.3,11,0,26.9,85.0,0.73,X-Ray Tube Anode
9.1,20385.0,79974.0,81,84.4,74.9,17,5.07,0.87,0.56,51.5,30.1,2,22.9,5.1,38.9,107,405.7,68.9,18,3,5.0,17.0,0.96,X-Ray Tube Anode
7.2,16000.0,46433.0,8,58.3,67.4,9,4.82,0.67,0.38,38.5,29.1,0,25.9,6.4,36.1,95,404.1,73.0,8,0,33.7,124.0,0.62,X-Ray Tube Anode
11.6,22269.0,82778.0,173,78.4,77.7,15,5.38,0.76,0.67,53.9,31.4,1,25.4,5.1,38.8,107,380.4,60.0,14,3,5.0,17.0,0.95,X-Ray Tube Anode
4.8,11035.0,28503.0,27,40.8,56.5,9,4.67,0.44,0.31,39.1,28.9,4,29.4,6.0,35.8,98,402.6,79.3,6,1,38.7,134.0,0.61,Coolant Loop Unit
3.8,8020.0,26525.0,52,26.3,41.0,6,4.55,0.36,0.33,42.0,25.5,0,27.8,6.6,25.8,78,396.9,91.2,6,1,54.3,180.0,0.47,Coolant Loop Unit
10.5,23783.0,61974.0,146,93.8,90.5,20,5.37,0.84,0.68,49.2,32.5,1,21.7,4.3,41.1,116,417.1,59.6,17,3,5.0,14.0,0.92,X-Ray Tube Anode
3.1,7329.0,28590.0,91,20.8,41.3,3,4.69,0.36,0.3,40.0,24.8,1,32.1,6.1,29.7,84,388.1,87.2,4,1,56.6,195.0,0.45,Coolant Loop Unit
11.6,22214.0,81071.0,86,95.6,78.0,19,5.26,0.98,0.56,49.4,33.3,0,20.5,5.5,43.2,123,390.2,55.2,16,5,5.0,17.0,0.96,X-Ray Tube Anode
0.6,1160.0,4045.0,16,5.0,29.0,0,4.23,0.15,0.09,37.0,22.8,1,32.6,7.8,22.5,68,400.8,94.6,5,0,69.9,234.0,0.32,Coolant Loop Unit
11.7,27332.0,102108.0,66,98.0,90.9,20,5.36,0.9,0.72,48.9,30.2,1,21.2,6.0,41.6,114,390.2,57.8,18,3,5.0,22.0,0.94,X-Ray Tube Anode
1.0,2219.0,7702.0,5,8.7,17.5,2,4.48,0.11,0.01,35.7,24.8,1,30.5,8.7,23.1,64,420.3,95.7,4,1,77.0,263.0,0.25,Coolant Loop Unit
10.7,24611.0,97296.0,82,98.0,88.8,19,5.58,0.96,0.64,46.9,30.8,2,23.4,5.3,43.7,115,404.4,60.7,20,7,5.0,27.0,0.93,X-Ray Tube Anode
6.6,15677.0,55982.0,131,76.8,65.4,17,5.19,0.83,0.42,42.7,29.1,1,26.1,5.1,37.4,106,395.3,77.5,11,3,7.4,28.0,0.88,X-Ray Tube Anode
11.9,28153.0,109428.0,118,98.0,93.3,21,5.56,0.88,0.9,50.3,33.3,0,23.7,4.8,42.1,114,403.1,64.3,18,3,5.0,11.0,0.96,X-Ray Tube Anode
1.3,3335.0,10924.0,81,5.0,24.4,4,4.29,0.18,0.09,35.7,25.9,0,36.0,6.3,24.8,76,401.8,93.7,3,0,76.5,261.0,0.23,Coolant Loop Unit
6.9,14942.0,39978.0,70,56.8,68.8,10,4.86,0.59,0.35,44.1,29.9,1,26.2,6.0,36.3,109,394.8,73.5,7,1,32.0,103.0,0.7,X-Ray Tube Anode
11.6,24947.0,82133.0,115,95.3,80.4,22,5.52,0.95,0.73,51.1,34.3,0,21.9,5.1,42.1,127,389.7,62.4,19,3,5.0,27.0,0.93,X-Ray Tube Anode
6.5,13561.0,36484.0,7,57.2,62.2,11,4.96,0.63,0.41,49.6,29.5,1,28.5,6.5,33.8,94,391.0,73.4,8,0,29.0,94.0,0.7,X-Ray Tube Anode
7.7,14761.0,50021.0,50,61.5,57.3,11,4.83,0.67,0.4,51.7,30.7,1,27.6,5.9,36.1,103,396.4,76.9,7,5,14.5,55.0,0.85,X-Ray Tube Anode
8.5,18709.0,60314.0,142,70.2,71.4,17,5.19,0.7,0.54,45.4,31.0,0,25.9,5.3,37.4,109,407.9,63.7,15,0,15.5,57.0,0.86,X-Ray Tube Anode
5.7,11420.0,39213.0,166,40.4,52.7,11,4.65,0.49,0.43,42.0,31.5,1,26.7,5.0,33.4,96,404.9,82.0,6,1,36.4,120.0,0.61,Coolant Loop Unit
7.7,18867.0,47452.0,111,67.5,71.7,13,4.96,0.59,0.61,51.7,32.2,3,26.1,5.7,37.0,104,417.5,69.2,11,2,7.6,27.0,0.95,X-Ray Tube Anode
7.2,15943.0,44516.0,47,42.5,56.1,8,4.84,0.46,0.52,47.5,28.8,2,27.1,6.6,32.1,90,393.2,70.8,9,0,40.7,140.0,0.58,X-Ray Tube Anode
10.9,24062.0,77889.0,112,85.9,87.2,19,5.22,0.88,0.6,51.5,33.4,2,22.1,4.9,41.7,112,390.4,62.2,19,3,5.0,21.0,0.94,X-Ray Tube Anode
1.0,2095.0,8224.0,161,15.3,22.3,4,4.44,0.22,0.34,43.6,24.3,1,31.9,6.1,24.6,80,398.7,98.2,4,0,62.1,212.0,0.38,Coolant Loop Unit
3.7,6852.0,21072.0,43,39.1,44.3,7,4.77,0.36,0.32,41.4,26.9,0,31.9,6.5,26.4,77,403.4,88.0,6,0,50.2,167.0,0.48,X-Ray Tube Anode
11.4,20827.0,65327.0,91,94.1,89.6,21,5.21,0.98,0.65,48.7,30.8,1,22.8,4.3,42.6,119,403.7,56.9,17,3,5.0,20.0,0.96,X-Ray Tube Anode
10.7,22511.0,80409.0,29,97.3,88.1,21,5.43,0.91,0.56,48.6,31.4,2,22.9,5.8,44.6,127,402.9,64.0,17,5,5.0,20.0,0.96,X-Ray Tube Anode
5.7,10672.0,36345.0,128,34.6,38.0,5,4.82,0.41,0.41,43.4,29.7,1,26.0,6.2,24.6,74,401.7,76.4,3,2,51.3,170.0,0.47,Coolant Loop Unit
7.6,16979.0,50059.0,133,58.5,62.0,11,4.76,0.63,0.46,48.8,27.6,0,25.7,5.2,34.8,94,395.6,71.5,8,0,31.8,97.0,0.69,X-Ray Tube Anode
3.7,8917.0,27788.0,96,21.2,33.0,6,4.52,0.29,0.27,37.1,25.0,0,31.4,6.6,25.5,69,396.7,84.4,5,0,58.1,200.0,0.43,Coolant Loop Unit
2.7,6440.0,18204.0,117,21.1,32.6,2,4.33,0.35,0.09,40.6,25.8,1,31.3,6.9,26.9,80,412.6,89.2,3,0,67.0,230.0,0.34,Coolant Loop Unit
5.8,13189.0,52085.0,70,53.5,63.6,12,4.99,0.58,0.3,36.0,29.5,2,29.8,5.4,36.5,95,390.5,77.0,9,0,34.0,118.0,0.68,X-Ray Tube Anode
4.6,8889.0,23965.0,130,27.5,37.4,3,4.68,0.37,0.32,42.5,27.1,0,28.1,6.0,28.6,81,402.0,83.6,1,0,59.3,208.0,0.42,Coolant Loop Unit
7.2,17338.0,53017.0,70,72.8,61.5,15,5.02,0.75,0.59,47.0,28.7,0,25.8,5.3,31.0,98,409.3,69.7,13,1,12.9,48.0,0.88,X-Ray Tube Anode
1.4,3374.0,8565.0,110,18.7,24.3,2,4.76,0.3,0.19,34.7,25.6,2,30.1,6.4,20.6,65,391.9,95.9,3,3,56.4,198.0,0.41,Coolant Loop Unit
11.7,22681.0,64249.0,171,86.9,88.0,17,5.41,0.95,0.71,44.4,34.3,2,23.2,4.2,37.5,103,391.8,56.5,17,6,5.0,21.0,0.92,X-Ray Tube Anode
11.8,27427.0,100677.0,132,98.0,97.8,21,5.48,0.99,0.78,48.8,35.6,3,20.7,4.7,44.5,119,402.3,54.4,19,5,5.0,18.0,0.94,X-Ray Tube Anode
8.5,17063.0,47805.0,56,79.3,79.3,15,5.25,0.85,0.47,45.5,31.1,1,21.7,5.8,35.8,97,403.4,72.2,10,7,5.0,11.0,0.96,X-Ray Tube Anode
6.7,15742.0,41245.0,89,63.2,61.6,14,5.11,0.74,0.49,44.0,30.3,2,26.8,6.2,29.5,87,397.5,81.3,10,1,18.6,71.0,0.82,X-Ray Tube Anode
4.1,10141.0,32570.0,137,56.1,68.0,11,4.72,0.67,0.39,40.4,28.4,0,25.9,5.4,34.7,94,403.6,86.5,7,3,26.4,89.0,0.69,X-Ray Tube Anode
9.9,17953.0,45150.0,131,72.6,74.0,13,5.1,0.73,0.53,50.7,29.8,1,24.9,4.7,37.5,105,386.8,65.2,15,1,9.0,28.0,0.91,X-Ray Tube Anode
8.4,20334.0,53421.0,176,82.6,84.7,16,5.25,0.9,0.69,46.5,30.4,3,24.4,5.0,41.0,111,394.9,68.5,16,4,5.0,20.0,0.97,X-Ray Tube Anode
2.4,5299.0,19667.0,171,13.5,34.8,5,4.3,0.23,0.17,40.9,26.1,0,31.1,6.3,27.4,84,409.3,86.7,8,3,51.0,164.0,0.54,Coolant Loop Unit
11.0,27235.0,99603.0,100,98.0,86.2,25,5.45,1.04,0.7,47.7,31.1,2,18.4,5.6,41.0,115,385.2,62.3,22,5,5.0,13.0,0.98,X-Ray Tube Anode
10.0,21168.0,81979.0,129,72.2,70.1,14,5.25,0.78,0.61,45.1,28.1,1,23.4,5.9,38.3,104,416.4,59.5,13,3,7.6,23.0,0.91,X-Ray Tube Anode
11.4,27336.0,103380.0,57,98.0,82.3,22,5.31,1.0,0.79,50.5,31.3,1,22.4,5.4,39.6,109,398.9,60.4,19,4,5.0,14.0,0.94,X-Ray Tube Anode
8.8,16309.0,57484.0,144,71.2,65.7,14,5.05,0.76,0.48,47.4,27.3,2,29.6,5.0,37.9,99,412.9,62.8,8,0,24.6,93.0,0.76,X-Ray Tube Anode
7.6,15371.0,39633.0,51,59.2,67.0,10,4.79,0.65,0.56,43.3,32.0,1,24.3,5.0,36.0,105,409.3,73.2,11,2,21.7,73.0,0.8,X-Ray Tube Anode
5.3,9807.0,36033.0,112,35.8,53.0,9,4.36,0.44,0.38,44.1,27.5,1,28.3,5.9,31.5,89,401.8,84.3,7,0,40.6,135.0,0.62,Coolant Loop Unit
11.2,27872.0,105030.0,104,98.0,93.1,22,5.49,0.97,0.68,47.1,34.6,0,23.8,4.6,42.5,117,402.1,60.8,21,4,5.0,17.0,0.96,X-Ray Tube Anode
10.5,24809.0,91760.0,127,96.2,86.6,18,5.35,0.95,0.83,51.0,31.7,2,23.9,4.4,42.2,114,415.1,65.7,19,4,5.0,21.0,0.93,X-Ray Tube Anode
1.0,2445.0,7977.0,55,18.8,24.9,2,4.43,0.36,0.01,36.4,23.2,2,32.2,7.0,25.5,77,391.5,99.8,2,1,67.8,221.0,0.29,Coolant Loop Unit
0.8,1973.0,5622.0,1,9.0,17.5,2,4.16,0.21,0.27,47.6,25.9,1,31.7,8.1,22.5,67,399.1,96.3,2,2,65.3,223.0,0.38,Coolant Loop Unit
4.8,8980.0,33838.0,90,26.5,36.0,6,4.49,0.31,0.27,38.1,26.5,1,27.1,5.8,29.4,84,395.3,87.7,4,2,52.0,175.0,0.48,Coolant Loop Unit
9.8,20329.0,72998.0,156,89.6,82.0,19,5.44,0.89,0.58,49.9,34.7,1,20.1,5.1,41.0,117,393.3,63.8,20,5,5.0,18.0,0.93,X-Ray Tube Anode
11.9,21926.0,87071.0,53,98.0,90.8,21,5.38,1.03,0.63,47.9,32.2,0,21.1,5.5,39.9,109,409.2,54.6,18,4,5.0,11.0,0.93,X-Ray Tube Anode
2.2,4343.0,11871.0,73,21.3,25.1,3,4.46,0.26,0.2,37.9,24.3,2,30.4,6.9,29.8,86,403.1,88.2,4,1,57.6,195.0,0.41,Coolant Loop Unit
7.3,14376.0,40806.0,108,64.6,75.0,14,5.01,0.61,0.43,47.7,32.5,1,26.9,5.2,35.9,102,402.9,76.2,8,2,18.7,63.0,0.84,X-Ray Tube Anode
4.9,10387.0,29267.0,150,51.3,53.2,11,4.63,0.49,0.32,39.4,29.9,1,27.0,5.7,32.9,96,402.9,81.2,7,2,36.6,118.0,0.63,X-Ray Tube Anode
11.7,23168.0,85463.0,8,79.4,82.6,15,5.25,0.73,0.77,48.5,32.1,2,23.1,6.1,45.5,120,406.2,56.9,15,8,5.0,26.0,0.96,High Voltage Power Supply
10.2,19052.0,52971.0,177,91.1,84.5,18,5.11,0.86,0.6,49.7,37.1,8,21.1,5.1,42.8,116,398.5,65.6,16,5,5.0,19.0,0.96,X-Ray Tube Anode
10.1,19442.0,50550.0,42,86.6,73.2,18,5.1,0.82,0.49,50.6,30.4,2,26.0,5.6,36.3,110,408.6,58.8,14,3,5.0,22.0,0.95,X-Ray Tube Anode
5.9,11209.0,44812.0,155,48.7,60.1,10,4.63,0.61,0.41,46.2,27.3,0,28.1,5.8,36.6,97,399.2,86.3,6,1,37.1,124.0,0.59,X-Ray Tube Anode
5.3,13077.0,33179.0,167,51.3,60.1,10,4.79,0.56,0.44,40.5,27.7,1,28.6,5.1,35.3,99,400.0,77.0,8,1,33.8,116.0,0.68,X-Ray Tube Anode
3.6,8496.0,31886.0,25,23.3,36.9,5,4.43,0.29,0.23,38.3,26.0,1,29.6,7.0,25.6,72,397.0,88.1,4,2,53.8,177.0,0.45,Coolant Loop Unit
1.1,2845.0,8671.0,38,8.7,26.4,1,4.3,0.11,0.19,42.1,27.4,0,28.2,7.2,24.8,77,398.6,96.6,3,3,62.0,208.0,0.35,Coolant Loop Unit
10.4,22015.0,82829.0,85,91.6,75.9,21,5.16,0.92,0.62,53.5,30.8,1,24.4,5.8,37.5,104,402.4,62.0,17,5,5.0,13.0,0.91,X-Ray Tube Anode
9.8,19646.0,65459.0,152,69.7,71.9,13,5.19,0.64,0.56,47.9,33.0,3,25.0,4.7,37.9,102,399.6,67.9,12,1,11.6,41.0,0.9,X-Ray Tube Anode
12.0,28298.0,109017.0,24,98.0,96.8,19,5.5,0.96,0.78,50.5,34.3,0,23.3,5.2,44.0,130,393.4,59.5,16,4,5.0,26.0,0.97,X-Ray Tube Anode
12.0,24262.0,94362.0,60,87.6,73.2,19,5.22,0.99,0.5,51.0,32.4,1,23.4,5.5,39.2,102,398.1,56.8,15,5,5.0,22.0,0.9,X-Ray Tube Anode
6.9,13841.0,34791.0,178,52.3,51.9,8,4.76,0.6,0.38,43.1,28.8,1,30.8,5.2,34.6,98,397.3,76.8,5,0,43.2,156.0,0.56,X-Ray Tube Anode
9.3,18339.0,47921.0,111,62.5,71.8,12,4.86,0.65,0.6,46.3,31.2,1,24.2,5.8,35.7,102,398.6,59.7,13,2,14.1,52.0,0.87,X-Ray Tube Anode
11.4,21488.0,61790.0,66,74.3,67.7,16,5.04,0.8,0.62,46.3,31.3,2,23.1,5.8,36.9,108,384.9,58.0,15,0,7.7,28.0,0.93,X-Ray Tube Anode
10.3,20332.0,71241.0,142,84.0,81.9,18,5.0,0.83,0.49,42.2,31.0,0,23.7,4.4,40.5,114,405.7,64.7,11,4,5.0,12.0,0.94,X-Ray Tube Anode
3.3,6852.0,26260.0,53,22.8,36.6,5,4.33,0.26,0.31,50.3,25.6,1,30.1,6.7,29.0,76,398.5,85.3,7,4,43.2,148.0,0.57,High Voltage Power Supply
5.7,12907.0,41171.0,160,47.7,55.3,8,4.9,0.61,0.37,47.4,29.2,1,27.1,5.5,31.3,90,402.5,78.9,5,1,40.5,135.0,0.61,X-Ray Tube Anode
2.0,3661.0,12484.0,106,9.6,25.0,2,4.36,0.13,0.05,34.1,27.9,1,30.7,6.8,24.4,68,403.9,91.5,1,0,80.6,278.0,0.2,Coolant Loop Unit
11.5,22339.0,62165.0,96,98.0,84.6,21,5.62,0.96,0.82,58.3,29.8,3,22.7,5.0,37.5,108,391.1,53.7,17,4,5.0,10.0,0.96,X-Ray Tube Anode
7.5,17679.0,65543.0,176,75.6,63.9,13,5.06,0.8,0.44,46.2,26.6,0,25.2,4.9,37.5,106,404.8,75.6,8,3,17.7,60.0,0.81,X-Ray Tube Anode
3.1,5955.0,23527.0,39,29.5,45.6,4,4.5,0.32,0.28,42.6,27.1,1,28.0,7.1,32.9,90,391.5,88.4,7,1,51.8,176.0,0.46,Coolant Loop Unit
8.2,16777.0,48702.0,168,60.9,67.6,12,4.87,0.68,0.44,42.4,31.7,0,26.5,5.2,39.8,111,402.5,66.7,8,1,26.9,100.0,0.74,X-Ray Tube Anode
7.6,18300.0,59334.0,42,77.2,77.5,16,5.08,0.78,0.55,45.5,31.4,0,26.2,5.6,40.5,110,385.3,77.9,16,3,5.0,12.0,0.97,X-Ray Tube Anode
4.6,8815.0,23176.0,111,33.4,46.3,7,4.5,0.43,0.21,39.6,25.8,1,34.5,6.1,31.6,91,382.0,83.4,5,1,50.5,178.0,0.48,Coolant Loop Unit
1.8,3355.0,11202.0,104,7.2,19.9,3,4.33,0.19,0.04,30.0,24.5,1,32.6,6.7,27.4,73,407.1,93.4,2,2,71.2,246.0,0.29,Coolant Loop Unit
8.2,17591.0,57243.0,77,85.8,70.5,17,5.23,0.86,0.56,45.9,27.9,4,26.5,5.6,35.9,101,404.0,69.9,16,3,5.0,16.0,0.95,X-Ray Tube Anode
6.5,13043.0,35433.0,8,56.8,65.9,11,4.8,0.7,0.43,44.5,30.9,0,26.5,6.0,34.9,98,398.2,82.0,6,0,36.6,126.0,0.6,X-Ray Tube Anode
9.4,20587.0,65119.0,26,86.5,80.4,17,5.43,0.85,0.69,54.1,31.2,1,24.8,5.8,42.1,117,399.3,69.0,17,6,5.0,16.0,0.95,X-Ray Tube Anode
6.5,15315.0,45961.0,140,53.5,53.6,9,5.13,0.65,0.46,43.2,28.3,0,27.1,5.6,32.5,90,386.8,74.2,6,1,34.5,117.0,0.66,X-Ray Tube Anode
10.3,19529.0,64109.0,43,68.0,59.6,12,5.19,0.77,0.75,53.9,29.8,1,25.2,6.1,31.9,90,399.3,56.7,11,2,12.8,47.0,0.86,X-Ray Tube Anode
6.8,15108.0,51041.0,179,60.0,53.2,13,5.0,0.73,0.47,39.3,28.7,0,26.2,5.4,29.9,85,400.3,77.1,9,1,28.9,111.0,0.73,X-Ray Tube Anode
7.0,14971.0,37618.0,110,55.3,55.7,11,4.98,0.61,0.49,49.4,27.9,4,30.1,5.9,31.3,80,395.9,74.3,6,3,19.0,69.0,0.79,X-Ray Tube Anode
10.6,20114.0,73245.0,100,85.4,85.8,18,5.5,0.83,0.48,42.8,33.9,0,25.7,5.4,44.6,118,398.1,60.9,14,5,5.0,18.0,0.98,X-Ray Tube Anode
5.1,11497.0,41040.0,63,51.4,64.4,8,4.93,0.67,0.31,42.2,30.9,1,25.4,6.2,34.7,94,391.5,80.6,7,3,32.3,117.0,0.68,X-Ray Tube Anode
2.0,4065.0,12396.0,49,16.8,39.7,4,4.31,0.23,0.2,40.6,24.1,5,32.2,7.2,26.2,71,387.5,86.5,2,3,49.9,163.0,0.5,Detector Array
0.8,1780.0,4590.0,115,13.7,38.0,3,4.42,0.18,0.09,37.6,26.2,2,30.6,6.2,28.1,81,400.7,96.5,3,2,60.3,203.0,0.42,Coolant Loop Unit
9.2,17060.0,61970.0,155,69.8,77.0,15,5.13,0.72,0.52,46.1,29.6,1,28.2,4.9,40.0,116,389.4,66.1,14,0,13.0,45.0,0.84,X-Ray Tube Anode
7.6,16196.0,63696.0,137,57.8,61.0,11,4.74,0.57,0.42,40.4,27.4,1,25.4,6.1,30.4,89,403.0,70.9,6,4,29.4,95.0,0.75,X-Ray Tube Anode
8.6,17319.0,49535.0,167,67.7,61.8,17,4.97,0.74,0.52,43.8,30.2,2,27.2,5.1,33.6,96,402.1,69.1,18,1,7.9,24.0,0.91,X-Ray Tube Anode
2.9,7006.0,20915.0,65,29.1,46.3,7,4.71,0.33,0.25,43.4,26.9,1,29.7,6.5,27.1,79,407.6,93.4,8,2,42.8,137.0,0.59,Coolant Loop Unit
2.1,3805.0,10563.0,71,22.7,30.1,2,4.2,0.29,0.06,34.5,25.4,1,27.8,7.0,28.5,79,402.0,90.7,1,2,60.8,200.0,0.39,Coolant Loop Unit
0.7,1397.0,4700.0,7,7.4,20.5,3,4.1,0.21,0.14,37.7,23.5,0,35.3,7.7,22.1,63,423.5,100.0,4,1,67.8,229.0,0.3,Coolant Loop Unit
4.5,9611.0,26261.0,80,33.9,38.4,6,4.58,0.44,0.17,34.3,27.2,2,26.5,7.1,27.1,81,396.8,83.6,6,1,52.2,173.0,0.5,X-Ray Tube Anode
7.3,16808.0,51000.0,67,75.0,72.8,17,5.15,0.78,0.51,48.9,31.8,0,22.9,5.4,37.4,98,402.3,77.5,16,1,11.4,41.0,0.9,X-Ray Tube Anode
5.0,11034.0,39121.0,138,47.2,49.5,9,4.56,0.53,0.49,41.7,31.2,0,25.0,6.2,28.9,85,394.3,81.3,9,1,40.8,140.0,0.65,X-Ray Tube Anode
5.5,12539.0,41882.0,101,62.5,56.8,14,4.93,0.66,0.44,47.4,28.6,1,28.4,6.1,34.1,93,407.5,77.0,12,2,17.9,63.0,0.83,X-Ray Tube Anode
10.9,25544.0,78667.0,95,98.0,87.7,23,5.55,0.96,0.79,49.1,30.3,1,22.1,4.9,45.7,128,400.5,67.2,20,7,5.0,14.0,0.94,X-Ray Tube Anode
4.5,10828.0,33895.0,87,35.0,52.0,7,4.63,0.41,0.27,43.9,27.5,2,27.2,5.9,30.8,87,385.1,86.3,5,0,47.9,168.0,0.48,Coolant Loop Unit
6.4,12948.0,43288.0,91,61.2,64.3,12,5.08,0.68,0.54,46.8,31.0,0,26.7,5.7,37.2,107,392.6,80.9,13,1,21.6,76.0,0.77,X-Ray Tube Anode
9.5,20704.0,51942.0,103,78.2,82.3,17,5.05,0.8,0.71,49.0,30.7,1,22.9,5.5,39.9,115,397.9,67.5,17,4,5.0,18.0,0.96,X-Ray Tube Anode
5.1,12084.0,31634.0,126,50.7,49.4,10,4.69,0.58,0.3,46.5,25.7,1,28.9,6.3,29.5,83,389.2,81.5,8,0,38.0,130.0,0.61,X-Ray Tube Anode
7.7,19078.0,72916.0,155,77.8,67.8,16,5.26,0.76,0.52,46.3,29.0,0,25.6,5.4,38.4,103,403.5,75.2,13,5,5.0,16.0,0.97,X-Ray Tube Anode
10.4,25237.0,66042.0,113,98.0,90.1,22,5.43,0.95,0.82,52.0,32.0,1,22.9,4.6,39.6,110,387.9,64.3,21,5,5.0,24.0,0.96,X-Ray Tube Anode
11.4,23524.0,83752.0,4,92.7,84.2,21,5.14,0.9,0.82,55.8,30.5,3,20.5,5.8,37.4,99,397.5,57.4,17,4,5.0,23.0,0.93,X-Ray Tube Anode
2.2,4244.0,16466.0,88,5.0,26.7,2,4.14,0.12,0.06,31.9,25.5,0,33.7,7.2,28.0,87,396.8,92.7,2,2,72.1,243.0,0.27,Coolant Loop Unit
11.2,23902.0,69460.0,151,87.6,87.2,18,5.49,0.95,0.61,40.8,32.3,2,25.5,4.4,41.6,119,407.2,58.9,15,5,5.0,18.0,0.93,X-Ray Tube Anode
6.2,14284.0,43649.0,176,66.1,71.3,13,4.85,0.73,0.42,47.7,31.7,0,26.6,5.1,40.1,109,397.4,73.6,8,1,24.0,80.0,0.77,X-Ray Tube Anode
3.5,7442.0,24956.0,170,33.2,52.1,8,4.74,0.34,0.07,34.1,27.6,0,30.2,5.5,32.3,96,405.9,86.7,5,1,52.7,192.0,0.48,Coolant Loop Unit
5.8,12359.0,47243.0,3,64.7,63.3,15,4.9,0.7,0.38,46.0,30.4,0,25.4,6.9,28.9,83,402.4,77.0,10,1,26.0,87.0,0.73,X-Ray Tube Anode
11.8,28093.0,109924.0,91,98.0,82.7,22,5.38,0.96,0.89,54.8,31.2,3,25.4,4.5,42.5,119,390.0,64.1,18,3,5.0,23.0,0.92,X-Ray Tube Anode
6.2,12657.0,45683.0,3,50.4,56.3,10,4.85,0.52,0.27,37.5,27.1,1,25.8,6.4,33.4,94,416.8,74.3,7,1,37.4,141.0,0.68,X-Ray Tube Anode
4.3,10281.0,27040.0,156,50.4,47.5,12,4.49,0.48,0.33,44.2,26.9,1,24.5,5.5,29.8,86,407.8,82.7,8,3,27.5,95.0,0.73,X-Ray Tube Anode
7.8,16228.0,56859.0,81,60.4,58.0,12,4.71,0.69,0.44,43.4,26.5,0,29.1,6.1,35.6,103,391.5,70.0,9,3,26.0,80.0,0.75,X-Ray Tube Anode
3.3,6620.0,20626.0,159,22.6,30.0,4,4.48,0.24,0.36,39.6,28.3,1,27.1,6.1,28.3,90,390.6,89.9,2,0,61.7,217.0,0.35,Coolant Loop Unit
1.4,2907.0,9318.0,138,9.3,24.4,6,4.2,0.18,0.08,33.6,25.1,0,33.4,7.4,22.2,66,408.9,95.0,3,0,71.7,241.0,0.3,Coolant Loop Unit
2.0,4626.0,11905.0,177,14.9,22.7,2,4.53,0.19,0.29,36.3,23.5,0,29.6,5.8,27.0,75,406.3,97.8,7,2,59.3,198.0,0.43,Coolant Loop Unit
2.0,3725.0,10379.0,94,19.2,24.0,2,4.19,0.31,0.1,38.4,24.3,0,32.1,7.4,24.1,76,404.5,96.6,3,0,72.0,254.0,0.29,Coolant Loop Unit
2.2,4353.0,16045.0,126,5.0,26.6,1,4.34,0.13,0.23,37.2,21.5,1,32.0,7.1,24.7,68,391.4,91.5,3,2,69.0,228.0,0.31,Coolant Loop Unit
2.1,5170.0,16446.0,113,33.8,45.9,5,4.4,0.4,0.21,39.5,29.7,0,29.0,6.3,28.7,83,394.2,88.4,4,1,54.6,193.0,0.46,Coolant Loop Unit
7.9,15133.0,44680.0,149,52.9,61.2,10,4.78,0.57,0.44,44.2,31.3,0,28.5,5.2,33.3,89,409.6,72.6,8,2,29.1,98.0,0.69,X-Ray Tube Anode
2.6,5695.0,17518.0,100,5.8,27.3,0,4.11,0.17,0.14,35.2,25.4,0,30.6,6.8,27.9,75,403.9,90.6,3,2,70.5,230.0,0.28,Coolant Loop Unit
4.5,9870.0,37325.0,53,39.4,39.9,10,4.96,0.46,0.34,37.9,27.3,1,31.2,7.1,28.6,81,393.3,78.9,10,0,44.6,156.0,0.55,X-Ray Tube Anode
10.8,23170.0,83955.0,87,89.7,78.6,21,5.07,0.9,0.63,56.5,29.5,0,24.0,4.6,41.9,114,410.3,60.5,16,3,5.0,6.0,0.97,X-Ray Tube Anode
6.0,13397.0,38964.0,89,52.2,49.1,11,4.81,0.54,0.35,42.6,26.1,1,28.2,5.9,30.4,96,415.2,78.8,8,1,36.1,123.0,0.64,X-Ray Tube Anode
8.2,16034.0,42911.0,54,66.6,73.5,13,4.74,0.62,0.6,53.6,28.3,1,28.0,5.5,38.9,110,395.4,70.5,13,1,10.4,27.0,0.88,X-Ray Tube Anode
2.5,5427.0,15619.0,20,26.9,43.7,4,4.76,0.29,0.24,43.7,27.0,4,31.7,7.2,28.1,88,393.8,87.4,6,1,49.7,167.0,0.49,Detector Array
2.7,5587.0,21683.0,113,35.8,39.1,7,4.69,0.46,0.25,39.5,28.3,2,28.5,6.7,29.4,84,411.2,89.5,7,0,50.8,176.0,0.45,X-Ray Tube Anode
1.0,2195.0,7403.0,49,5.0,20.3,3,4.28,0.13,0.08,37.2,23.9,0,30.1,8.2,19.0,59,412.3,95.3,1,1,77.3,265.0,0.24,Coolant Loop Unit
2.4,4638.0,15308.0,135,24.7,46.7,7,4.72,0.29,0.16,38.9,28.1,0,29.7,5.1,28.8,85,412.2,91.9,4,1,52.6,180.0,0.47,Coolant Loop Unit
3.7,8147.0,27655.0,29,38.3,48.7,6,4.68,0.37,0.25,46.0,29.3,1,25.9,6.3,28.7,91,402.5,83.3,4,1,48.6,170.0,0.52,Coolant Loop Unit
2.5,4893.0,14919.0,48,5.0,29.5,0,4.29,0.06,0.21,42.1,23.1,1,32.5,7.0,25.3,77,395.3,93.6,0,0,74.2,252.0,0.32,Coolant Loop Unit
1.5,3033.0,11253.0,13,5.5,19.1,1,4.29,0.11,0.18,36.6,27.1,2,30.9,8.0,18.0,62,406.6,95.2,3,2,65.3,221.0,0.34,Detector Array
1.9,3686.0,12109.0,3,5.0,17.7,0,4.34,0.19,0.15,39.3,25.9,2,29.7,8.2,22.1,66,396.7,88.4,1,0,80.0,273.0,0.2,Coolant Loop Unit
5.8,11180.0,29909.0,2,48.3,59.5,9,4.71,0.51,0.28,43.7,29.9,0,25.8,6.1,35.0,99,396.3,79.5,9,1,36.9,122.0,0.62,X-Ray Tube Anode
2.9,6832.0,18402.0,16,30.0,44.7,6,4.53,0.39,0.29,37.9,28.8,2,30.9,7.1,25.6,74,400.8,89.1,6,0,52.3,182.0,0.47,Coolant Loop Unit
4.7,9378.0,30998.0,94,40.4,51.9,6,4.81,0.43,0.3,43.1,29.7,0,27.4,5.0,32.1,88,399.6,82.3,7,1,45.9,156.0,0.52,Coolant Loop Unit
6.3,15402.0,60144.0,102,59.2,62.5,10,4.95,0.66,0.35,46.6,29.9,0,25.6,5.8,38.6,102,395.4,72.6,7,0,37.8,132.0,0.6,X-Ray Tube Anode
8.4,20921.0,61980.0,134,82.0,78.7,15,5.17,0.82,0.44,42.0,33.6,0,24.2,4.9,38.9,106,390.9,68.5,14,3,5.0,16.0,0.91,X-Ray Tube Anode
1.0,2094.0,7968.0,45,8.1,30.4,0,4.09,0.11,0.13,35.7,25.0,1,34.3,7.1,23.5,79,397.8,93.8,2,2,69.4,238.0,0.28,Coolant Loop Unit
9.7,18418.0,67155.0,71,70.5,64.7,14,5.27,0.72,0.47,48.9,30.5,2,24.3,5.7,34.7,103,394.4,63.7,9,1,15.8,57.0,0.85,X-Ray Tube Anode
7.7,15922.0,45723.0,133,69.9,66.0,15,4.94,0.82,0.51,45.1,31.9,0,26.6,5.2,38.6,111,388.6,74.7,16,1,11.0,27.0,0.88,X-Ray Tube Anode
1.4,3397.0,8677.0,56,5.0,31.0,2,4.41,0.23,0.08,33.8,21.7,0,33.1,7.2,23.3,63,400.9,91.9,4,1,75.2,248.0,0.24,Coolant Loop Unit
10.5,21695.0,57553.0,127,80.5,72.5,17,5.19,0.85,0.64,51.7,31.4,1,27.0,5.8,38.5,109,401.1,68.7,16,6,5.0,14.0,0.94,X-Ray Tube Anode
11.1,20638.0,74145.0,32,83.5,79.4,18,5.01,0.84,0.57,49.3,32.6,0,25.1,5.2,40.5,121,405.5,67.6,18,4,5.0,16.0,0.95,X-Ray Tube Anode
1.2,2633.0,7371.0,49,7.6,29.4,2,4.48,0.18,0.26,41.0,23.0,0,32.0,7.0,25.3,73,400.8,95.9,4,0,69.5,243.0,0.31,Coolant Loop Unit
3.7,8811.0,26934.0,13,26.4,48.5,6,4.55,0.35,0.36,46.3,28.2,0,29.8,7.1,29.3,88,399.2,82.3,4,0,55.8,192.0,0.44,Coolant Loop Unit
9.8,23032.0,74914.0,158,96.4,86.2,22,5.56,0.97,0.77,55.6,31.2,0,21.7,4.4,44.0,117,405.5,60.9,20,4,5.0,20.0,0.94,X-Ray Tube Anode
9.1,17505.0,62812.0,25,65.4,64.4,14,4.96,0.71,0.52,46.2,30.3,0,25.9,6.3,32.5,95,400.8,68.6,13,2,17.6,68.0,0.84,X-Ray Tube Anode
2.6,5954.0,15897.0,60,17.1,38.8,4,4.51,0.26,0.27,47.0,26.5,0,29.4,6.5,29.0,82,401.9,89.1,3,1,59.6,210.0,0.36,Coolant Loop Unit
2.9,5682.0,17669.0,59,21.3,41.0,2,4.19,0.28,0.21,44.3,25.5,1,29.6,7.0,25.1,75,404.1,86.6,2,2,57.6,191.0,0.41,Coolant Loop Unit
4.8,9296.0,30004.0,156,30.0,45.6,8,4.49,0.31,0.42,38.2,29.1,2,30.6,4.9,33.5,97,395.1,82.4,6,0,47.8,169.0,0.51,Coolant Loop Unit
6.1,14645.0,48492.0,58,58.3,60.1,10,4.71,0.6,0.43,41.5,28.6,0,27.1,5.7,35.8,99,407.4,73.9,7,0,38.0,130.0,0.63,X-Ray Tube Anode
7.6,15028.0,56017.0,20,57.2,56.5,11,4.83,0.66,0.34,35.7,29.2,0,27.2,7.3,31.0,87,400.0,79.5,6,0,41.0,137.0,0.58,X-Ray Tube Anode
4.7,9410.0,25949.0,162,33.5,45.7,7,4.67,0.4,0.14,37.1,29.4,2,27.7,5.2,30.7,87,398.8,84.1,6,0,49.5,167.0,0.49,Coolant Loop Unit
5.8,10477.0,38888.0,133,37.9,54.0,10,4.56,0.46,0.46,41.5,27.1,0,28.4,5.3,34.1,101,407.3,83.5,7,0,45.5,152.0,0.55,Coolant Loop Unit
9.1,21916.0,77569.0,171,95.6,94.6,19,5.48,0.95,0.67,47.4,33.4,1,21.8,3.7,42.2,111,395.9,70.1,17,6,5.0,18.0,0.97,X-Ray Tube Anode
0.9,2171.0,7237.0,57,11.6,20.3,3,4.21,0.15,0.15,41.6,23.7,2,31.1,7.2,22.3,68,396.5,98.1,2,3,57.3,194.0,0.44,Coolant Loop Unit
3.4,7620.0,27045.0,54,16.8,30.3,3,4.53,0.24,0.37,37.9,25.2,1,30.1,7.1,25.5,80,403.6,84.4,4,0,62.6,219.0,0.39,Coolant Loop Unit
8.7,20237.0,63100.0,112,88.0,80.9,19,5.45,0.84,0.46,45.5,34.9,1,21.2,5.4,36.4,105,401.4,60.6,12,5,5.0,27.0,0.95,X-Ray Tube Anode
10.8,20580.0,55722.0,173,86.5,90.1,19,5.39,0.82,0.57,47.9,33.5,0,21.0,4.4,44.9,123,426.3,64.3,15,3,5.0,15.0,0.96,X-Ray Tube Anode
6.4,13540.0,47372.0,86,57.8,64.0,10,4.84,0.68,0.39,43.4,30.2,1,26.2,5.6,39.5,108,408.0,76.7,10,2,25.0,79.0,0.74,X-Ray Tube Anode
6.6,13542.0,44513.0,37,61.3,61.0,14,4.62,0.63,0.47,45.7,30.1,2,24.6,6.9,38.1,106,380.9,82.5,11,1,20.6,73.0,0.79,X-Ray Tube Anode
1.7,3232.0,11180.0,84,13.0,19.7,3,4.44,0.18,0.08,30.1,25.0,0,33.9,7.0,19.0,60,402.2,91.6,3,0,74.9,259.0,0.23,Coolant Loop Unit
5.6,12082.0,36332.0,48,53.3,58.6,11,4.82,0.66,0.28,38.6,26.3,1,25.8,6.2,35.7,104,385.3,79.3,9,0,35.0,121.0,0.66,X-Ray Tube Anode
6.6,16195.0,62518.0,118,61.1,54.7,11,4.79,0.69,0.39,48.1,32.0,1,24.9,5.8,31.6,91,396.7,74.8,9,0,28.4,89.0,0.68,X-Ray Tube Anode
3.3,6011.0,20325.0,48,30.8,48.3,7,4.49,0.36,0.3,38.1,25.6,2,31.0,6.9,30.0,78,401.4,91.5,6,0,51.6,171.0,0.46,Coolant Loop Unit
3.6,7207.0,18941.0,112,30.6,46.5,5,4.78,0.4,0.18,44.0,30.2,0,25.3,5.6,29.0,88,396.3,79.2,6,2,51.6,176.0,0.52,Coolant Loop Unit
4.8,9413.0,29883.0,110,26.6,37.9,4,4.35,0.33,0.26,36.4,27.5,3,30.8,6.0,29.7,86,382.5,83.3,4,1,53.3,178.0,0.46,Coolant Loop Unit
0.7,1437.0,5224.0,6,14.0,28.4,2,4.44,0.19,0.14,33.5,25.7,2,29.9,7.9,19.2,57,400.5,94.5,3,1,70.7,235.0,0.3,Coolant Loop Unit
4.2,10240.0,37799.0,162,39.9,55.9,10,4.71,0.48,0.27,38.0,28.2,1,26.7,6.1,30.5,92,395.5,84.5,7,1,44.1,161.0,0.53,X-Ray Tube Anode
2.9,6238.0,20221.0,78,22.8,31.7,4,4.42,0.29,0.08,40.1,29.7,2,30.1,6.7,21.7,71,405.1,93.4,4,2,57.1,189.0,0.44,Coolant Loop Unit
4.3,9072.0,34855.0,176,32.7,37.9,4,4.69,0.4,0.17,37.0,27.5,1,30.2,5.3,28.0,75,384.8,80.9,3,0,61.2,214.0,0.42,Coolant Loop Unit
1.9,4379.0,12704.0,23,14.6,39.0,2,4.62,0.28,0.16,39.6,26.7,2,29.2,6.6,27.5,77,394.2,89.2,4,0,65.9,226.0,0.37,Coolant Loop Unit
10.7,20496.0,63862.0,126,83.8,84.9,19,5.16,0.9,0.64,49.2,31.4,1,23.4,5.1,37.9,106,406.5,67.1,17,5,5.0,20.0,0.92,X-Ray Tube Anode
7.3,15686.0,60359.0,84,54.8,64.8,10,4.82,0.57,0.45,44.8,28.8,1,28.8,5.1,37.2,103,382.2,72.3,6,2,23.7,86.0,0.79,X-Ray Tube Anode
8.3,17459.0,67117.0,13,57.3,54.0,10,4.98,0.64,0.55,50.9,28.6,0,26.2,6.7,32.7,84,403.8,68.3,14,2,21.0,68.0,0.79,X-Ray Tube Anode
9.6,21237.0,74936.0,47,76.4,66.4,17,5.25,0.73,0.49,48.0,28.6,2,23.8,5.9,37.4,100,393.8,63.9,12,5,5.0,16.0,0.9,X-Ray Tube Anode
6.2,15578.0,59018.0,44,65.4,56.3,11,4.97,0.71,0.34,39.1,29.8,0,25.7,6.1,35.8,99,398.1,72.3,7,1,32.2,112.0,0.65,X-Ray Tube Anode
1.5,3507.0,9234.0,105,12.7,23.7,2,4.31,0.22,0.32,41.3,23.9,3,31.7,6.5,23.9,76,390.8,98.4,2,2,62.9,205.0,0.33,Coolant Loop Unit
6.7,13878.0,52700.0,160,64.4,70.6,12,4.64,0.7,0.52,51.6,32.0,2,24.9,5.2,37.9,103,397.5,80.0,12,2,14.5,58.0,0.87,X-Ray Tube Anode
7.2,17247.0,51411.0,154,68.5,62.7,14,4.9,0.7,0.57,48.5,31.0,1,25.9,5.5,33.1,89,391.6,68.4,12,0,15.5,53.0,0.84,X-Ray Tube Anode
9.1,17415.0,48195.0,14,76.4,78.1,16,4.95,0.89,0.46,40.6,31.3,2,23.5,6.4,38.3,106,390.2,66.2,10,3,8.1,23.0,0.91,X-Ray Tube Anode
5.5,9952.0,28453.0,121,34.3,39.0,5,4.71,0.36,0.3,37.2,27.6,2,29.9,6.4,28.5,76,406.5,75.2,8,1,46.0,162.0,0.54,Coolant Loop Unit
2.0,3822.0,11953.0,36,11.8,26.2,3,4.31,0.25,0.15,41.0,26.1,2,30.7,7.4,27.2,79,398.9,94.5,2,1,65.8,224.0,0.38,Coolant Loop Unit
3.8,7671.0,22068.0,8,30.8,51.2,5,4.53,0.33,0.36,45.0,25.9,2,27.6,6.9,32.0,89,401.9,87.6,4,1,49.5,165.0,0.5,Coolant Loop Unit
4.7,10087.0,30067.0,168,39.2,42.3,7,4.67,0.48,0.35,40.0,29.7,1,30.3,6.1,30.5,88,400.5,79.7,5,2,43.1,151.0,0.58,Coolant Loop Unit
7.9,17684.0,47791.0,150,68.8,65.7,14,4.9,0.75,0.56,49.6,29.5,4,23.3,4.5,36.4,98,410.3,69.9,14,2,5.0,5.0,0.96,X-Ray Tube Anode
7.1,17218.0,50694.0,16,61.9,59.3,14,5.18,0.66,0.5,50.7,30.2,1,27.2,6.6,26.7,70,403.1,78.3,9,0,26.1,91.0,0.71,X-Ray Tube Anode
4.6,9911.0,33286.0,91,27.0,31.1,4,4.72,0.32,0.38,47.7,26.8,2,29.6,6.5,26.3,84,404.1,82.5,4,4,44.4,158.0,0.57,High Voltage Power Supply
11.8,25477.0,80579.0,120,98.0,88.4,23,5.62,0.99,0.75,56.4,28.9,0,23.5,4.8,41.3,115,405.8,55.7,19,4,5.0,13.0,0.97,X-Ray Tube Anode
7.5,13702.0,41382.0,60,59.0,58.8,13,5.01,0.64,0.42,45.9,28.1,1,25.6,5.7,31.8,95,393.1,75.8,9,0,30.5,97.0,0.72,X-Ray Tube Anode
3.2,5889.0,21318.0,10,18.6,37.0,5,4.42,0.36,0.15,37.7,27.7,0,29.5,7.6,28.1,82,414.2,87.9,6,2,61.1,210.0,0.39,Coolant Loop Unit
1.7,3651.0,14022.0,153,17.6,38.7,3,4.65,0.22,0.14,36.8,26.7,0,31.8,6.2,30.4,89,389.3,97.0,4,2,60.8,203.0,0.41,Coolant Loop Unit
2.3,4757.0,17292.0,31,17.7,33.3,5,4.31,0.23,0.09,36.9,27.0,1,28.8,6.9,24.4,74,402.3,94.0,9,1,57.5,207.0,0.43,Coolant Loop Unit
3.3,7947.0,23824.0,21,40.6,39.1,8,4.56,0.48,0.26,38.1,26.8,1,27.9,6.9,28.0,80,402.3,89.3,6,0,50.5,169.0,0.5,X-Ray Tube Anode
2.3,4490.0,16239.0,81,7.5,27.6,2,4.2,0.15,0.18,37.8,27.2,1,32.8,6.7,25.0,72,419.0,88.1,3,2,64.0,217.0,0.38,Coolant Loop Unit
2.6,4808.0,13117.0,33,18.2,23.9,3,4.5,0.26,0.01,39.0,25.0,0,30.2,7.5,25.8,86,403.2,93.7,3,1,68.4,235.0,0.35,Coolant Loop Unit
3.8,7989.0,21535.0,31,30.3,43.5,5,4.45,0.43,0.24,35.6,29.4,1,28.8,7.7,29.1,84,393.8,85.8,3,0,61.7,201.0,0.4,Coolant Loop Unit
2.5,4903.0,14801.0,149,20.9,38.3,2,4.43,0.15,0.09,32.3,25.1,0,31.0,5.3,30.7,92,394.9,90.5,2,0,71.7,244.0,0.28,Coolant Loop Unit
10.8,19839.0,73632.0,36,91.7,78.1,20,5.06,0.89,0.62,51.1,31.2,1,22.0,5.8,38.0,105,396.4,56.6,20,4,5.0,23.0,0.94,X-Ray Tube Anode
1.4,3282.0,9419.0,132,12.1,34.9,4,4.42,0.12,0.19,38.1,25.3,0,32.1,6.5,28.1,76,400.9,92.0,2,0,71.3,242.0,0.3,Coolant Loop Unit
6.5,12268.0,31833.0,68,55.0,66.7,12,4.63,0.54,0.34,36.8,30.6,0,26.3,5.6,37.8,109,401.5,73.4,7,1,33.3,107.0,0.67,X-Ray Tube Anode
5.2,11618.0,31340.0,90,45.3,58.0,8,4.6,0.63,0.4,43.7,28.5,0,26.6,5.2,38.9,105,403.2,82.3,5,0,42.1,141.0,0.6,Coolant Loop Unit
11.8,23556.0,89234.0,132,98.0,84.7,20,5.56,1.01,0.73,50.3,31.8,0,23.6,4.6,40.5,110,400.2,60.4,19,4,5.0,7.0,0.93,X-Ray Tube Anode
1.8,3436.0,11858.0,9,19.8,35.6,3,4.61,0.33,0.12,36.4,25.2,1,31.1,6.8,26.4,74,404.2,91.9,2,0,65.8,222.0,0.36,Coolant Loop Unit
5.1,10485.0,30194.0,30,39.3,55.8,11,4.73,0.45,0.45,47.0,28.0,0,28.4,6.7,30.8,84,390.9,81.7,7,0,40.5,143.0,0.57,X-Ray Tube Anode
11.6,27503.0,91667.0,115,98.0,85.0,22,5.42,1.02,0.73,47.0,32.2,2,22.0,4.3,41.1,113,387.1,58.0,20,5,5.0,14.0,0.95,X-Ray Tube Anode
10.5,21685.0,71374.0,45,90.6,89.8,18,5.21,0.83,0.75,51.5,29.7,1,21.6,5.2,45.0,129,408.8,67.7,14,5,5.0,20.0,0.96,X-Ray Tube Anode
9.9,23014.0,80162.0,4,86.8,71.0,20,5.13,0.93,0.65,48.6,27.1,1,24.7,5.9,35.2,93,387.3,57.4,19,4,5.0,10.0,0.95,X-Ray Tube Anode
3.5,6543.0,18646.0,69,27.7,29.5,4,4.48,0.31,0.16,38.6,25.6,1,26.8,7.4,25.7,73,399.3,83.6,4,0,65.5,232.0,0.35,Coolant Loop Unit
2.5,5771.0,21910.0,23,20.2,39.4,3,4.22,0.26,0.18,33.7,22.6,1,32.7,7.7,29.2,87,393.5,89.5,2,2,63.4,221.0,0.39,Coolant Loop Unit
8.2,16099.0,47719.0,16,67.3,72.4,13,5.05,0.73,0.39,42.0,30.4,1,23.8,5.9,39.6,107,414.1,71.3,7,1,28.5,94.0,0.7,X-Ray Tube Anode
11.2,25443.0,90099.0,22,98.0,94.4,19,5.38,1.0,0.79,52.5,32.8,1,23.1,4.9,46.6,126,415.1,58.4,15,7,5.0,10.0,0.92,X-Ray Tube Anode
6.9,15159.0,38264.0,72,55.1,67.2,11,4.72,0.6,0.33,43.8,30.9,3,24.2,6.4,36.3,102,400.1,69.9,8,1,30.0,99.0,0.68,X-Ray Tube Anode
7.1,17333.0,53021.0,48,78.2,67.1,14,5.37,0.74,0.62,54.3,29.0,2,23.1,5.9,36.6,107,397.5,76.2,12,5,5.0,18.0,0.95,X-Ray Tube Anode
3.7,7704.0,23325.0,107,32.7,37.6,5,4.68,0.4,0.18,41.4,28.9,1,27.6,6.5,26.7,84,398.0,91.1,3,3,52.0,182.0,0.5,Coolant Loop Unit
9.3,17262.0,57226.0,133,68.6,76.1,15,5.13,0.77,0.58,49.1,32.4,0,27.6,4.9,35.2,94,401.5,61.6,16,2,5.5,8.0,0.94,X-Ray Tube Anode
2.7,4807.0,12543.0,7,22.6,29.4,5,4.4,0.28,0.18,42.8,23.3,0,30.6,7.4,23.7,70,406.8,90.9,6,0,63.6,222.0,0.41,Coolant Loop Unit
4.2,10044.0,37014.0,51,26.8,42.4,5,4.52,0.41,0.34,41.6,26.7,1,32.4,6.5,29.4,87,426.9,87.6,4,0,55.6,190.0,0.42,Coolant Loop Unit
5.4,11687.0,33036.0,65,63.5,65.0,12,5.06,0.63,0.31,46.6,32.1,0,26.0,5.1,38.2,102,391.5,81.5,8,1,25.8,82.0,0.71,X-Ray Tube Anode
6.3,14847.0,52194.0,9,59.6,53.4,10,4.94,0.64,0.47,48.8,27.4,3,26.6,7.4,33.9,97,401.9,80.0,9,0,33.0,99.0,0.67,X-Ray Tube Anode
3.3,6457.0,23923.0,82,10.1,22.8,3,4.56,0.27,0.23,38.8,24.7,1,32.1,7.2,23.5,70,398.8,86.4,4,2,61.8,211.0,0.37,Coolant Loop Unit
1.8,3717.0,12425.0,45,24.4,37.5,4,4.46,0.29,0.03,41.5,28.6,1,30.0,6.9,29.7,85,395.8,90.0,5,2,59.5,203.0,0.39,Coolant Loop Unit
7.5,13698.0,49469.0,122,48.8,61.2,9,4.71,0.59,0.34,43.8,28.5,1,28.2,5.9,34.7,92,396.5,76.6,10,1,34.4,114.0,0.66,X-Ray Tube Anode
3.8,9445.0,32990.0,175,46.1,56.4,11,4.85,0.61,0.26,47.3,30.5,2,29.2,5.0,34.5,98,399.1,86.8,9,1,30.6,109.0,0.67,X-Ray Tube Anode
7.2,16290.0,49413.0,152,66.1,68.7,12,4.8,0.7,0.42,45.2,28.9,0,26.2,5.2,36.4,102,401.6,74.4,8,0,26.9,102.0,0.74,X-Ray Tube Anode
2.3,5582.0,20726.0,10,9.8,26.8,4,4.46,0.16,0.3,39.9,20.9,1,33.9,7.3,23.5,73,403.0,91.8,7,2,58.0,195.0,0.42,Coolant Loop Unit
6.0,11981.0,35248.0,73,50.0,51.0,8,4.61,0.51,0.37,40.8,30.0,1,29.9,6.1,30.5,85,404.0,73.5,6,0,43.5,144.0,0.56,X-Ray Tube Anode
6.6,14760.0,49547.0,48,60.5,54.8,11,5.02,0.71,0.38,42.3,29.2,2,24.0,6.6,31.0,86,388.8,73.9,9,2,25.2,94.0,0.75,X-Ray Tube Anode
1.1,2493.0,9021.0,163,19.2,31.6,2,4.33,0.34,0.08,35.0,26.6,1,30.3,6.2,25.3,75,394.6,95.7,3,0,66.3,224.0,0.38,Coolant Loop Unit
4.4,8839.0,27123.0,87,39.5,38.2,6,4.75,0.53,0.25,44.2,24.9,0,30.6,6.4,29.8,86,404.3,88.9,6,1,51.2,177.0,0.48,Coolant Loop Unit
2.0,4897.0,14466.0,111,9.7,21.0,1,4.45,0.19,0.16,38.4,23.0,1,30.2,7.2,25.6,76,411.5,88.6,5,0,65.6,220.0,0.33,Coolant Loop Unit
1.2,3027.0,9652.0,16,20.1,32.7,7,4.46,0.33,0.04,31.1,27.7,0,28.6,7.0,24.7,78,403.8,92.5,7,2,59.6,208.0,0.42,Coolant Loop Unit
11.9,28753.0,107163.0,53,98.0,87.0,20,5.2,0.98,0.75,52.2,32.8,2,20.9,4.9,40.0,113,397.6,59.2,17,5,5.0,11.0,0.94,X-Ray Tube Anode
4.2,9749.0,37972.0,40,52.8,47.8,9,4.7,0.53,0.37,43.5,27.6,0,28.1,6.5,30.1,93,403.8,77.1,9,3,27.0,93.0,0.74,X-Ray Tube Anode
9.8,19570.0,64927.0,100,75.4,74.6,13,5.0,0.84,0.59,46.5,31.3,0,25.4,5.2,36.7,106,402.0,64.1,13,3,7.1,26.0,0.95,X-Ray Tube Anode
3.4,6847.0,23911.0,20,25.7,39.0,6,4.22,0.41,0.22,40.7,28.9,0,27.9,7.0,25.8,77,391.6,83.3,5,1,55.7,188.0,0.47,Coolant Loop Unit
8.3,20629.0,79524.0,69,75.9,64.7,15,5.28,0.73,0.6,48.1,30.9,0,25.3,5.7,34.8,97,398.6,76.3,16,4,5.0,14.0,0.94,X-Ray Tube Anode
9.2,16703.0,44227.0,45,62.8,72.8,12,4.97,0.61,0.49,47.7,30.0,1,25.0,6.2,37.5,104,401.4,69.0,10,1,23.5,89.0,0.74,X-Ray Tube Anode
7.3,16914.0,48172.0,6,61.6,55.1,12,4.77,0.66,0.48,47.4,26.5,2,29.0,7.3,31.9,96,405.8,70.5,8,0,26.7,95.0,0.73,X-Ray Tube Anode
5.9,13590.0,48425.0,177,63.8,71.7,14,5.18,0.72,0.45,46.1,31.5,0,26.2,4.7,37.6,103,411.4,78.5,12,0,21.5,69.0,0.79,X-Ray Tube Anode
5.2,11707.0,43735.0,39,36.2,35.3,6,4.53,0.37,0.4,39.9,24.9,2,30.8,7.3,25.5,86,414.3,77.8,3,0,52.9,170.0,0.46,X-Ray Tube Anode
4.5,11249.0,42583.0,102,51.4,63.6,9,4.85,0.57,0.22,46.3,27.9,0,29.9,5.3,36.8,102,386.6,80.1,5,1,35.6,128.0,0.65,X-Ray Tube Anode
11.2,22584.0,70523.0,130,97.0,78.3,20,5.24,0.94,0.64,44.4,33.4,0,23.3,4.9,40.5,107,398.5,56.0,18,4,5.0,12.0,0.98,X-Ray Tube Anode
10.1,20486.0,53960.0,107,93.0,90.2,21,5.01,0.97,0.48,45.1,34.1,1,21.5,4.9,43.0,121,412.0,61.7,14,4,5.0,17.0,0.94,X-Ray Tube Anode
11.6,21517.0,67922.0,39,86.4,77.7,20,5.03,0.84,0.67,46.6,31.9,2,23.7,5.4,38.0,113,406.2,59.6,18,4,5.0,17.0,0.93,X-Ray Tube Anode
1.9,4071.0,11586.0,118,8.1,30.4,3,4.23,0.21,0.22,41.0,23.8,1,30.2,6.8,28.4,81,406.6,95.8,2,2,64.0,219.0,0.38,Coolant Loop Unit
8.9,17656.0,51853.0,149,69.3,66.5,12,5.17,0.72,0.47,45.8,32.7,2,23.0,4.8,34.2,95,394.2,64.6,7,1,23.3,71.0,0.74,X-Ray Tube Anode
11.3,23038.0,84281.0,168,96.9,79.3,22,5.41,0.93,0.65,48.9,33.1,0,23.2,5.0,38.7,110,394.5,56.7,21,4,5.0,15.0,0.95,X-Ray Tube Anode
2.6,6161.0,16101.0,82,25.3,43.1,6,4.52,0.33,0.05,40.6,26.7,1,32.5,6.8,27.0,77,405.3,96.7,5,0,58.7,200.0,0.4,Coolant Loop Unit
1.3,3105.0,11616.0,54,15.4,22.2,1,4.08,0.14,0.21,43.0,23.9,1,33.2,7.8,22.8,65,396.2,95.0,1,1,70.1,238.0,0.27,Coolant Loop Unit
9.0,17414.0,54707.0,110,80.6,84.8,18,5.36,0.8,0.57,46.6,32.3,0,24.4,5.3,39.6,112,390.9,66.5,15,7,5.0,21.0,0.95,X-Ray Tube Anode
7.1,14645.0,49705.0,12,63.2,55.3,14,4.99,0.69,0.53,49.1,27.9,1,24.3,7.4,31.6,85,400.8,71.6,17,1,16.2,56.0,0.83,X-Ray Tube Anode
10.2,24944.0,65714.0,165,98.0,88.2,20,5.36,0.89,0.83,58.0,35.9,10,21.6,4.5,43.6,119,398.5,61.4,18,3,5.0,19.0,0.96,X-Ray Tube Anode
2.1,3884.0,11677.0,110,5.0,28.0,3,4.43,0.02,0.06,39.5,24.8,0,30.7,6.1,28.4,84,406.9,91.8,4,1,67.1,225.0,0.33,Coolant Loop Unit
9.6,17986.0,47384.0,38,65.7,63.8,13,5.18,0.57,0.6,47.8,28.1,0,26.9,6.2,35.2,96,403.3,68.7,16,0,15.7,62.0,0.85,X-Ray Tube Anode
2.8,5395.0,21268.0,143,18.3,27.2,3,4.59,0.33,0.31,37.1,27.6,1,28.3,6.3,25.9,75,415.5,85.8,5,0,61.2,207.0,0.37,Coolant Loop Unit
2.4,5280.0,19594.0,7,5.3,28.9,5,4.23,0.14,0.07,37.5,24.6,3,32.4,7.0,26.1,73,392.1,89.9,5,0,62.8,215.0,0.36,Coolant Loop Unit
2.4,4552.0,14518.0,78,9.3,32.2,1,4.16,0.16,0.16,40.5,27.0,1,30.4,7.3,21.2,64,400.3,96.0,1,1,71.4,243.0,0.29,Coolant Loop Unit
9.9,24449.0,69321.0,178,95.6,95.4,18,5.5,1.01,0.67,47.5,34.5,0,22.1,3.8,45.1,119,404.5,59.9,16,8,5.0,19.0,0.93,X-Ray Tube Anode
8.1,17218.0,67153.0,65,68.0,65.1,14,4.81,0.69,0.58,47.8,29.7,2,24.8,5.3,33.8,95,404.2,74.3,14,0,11.9,46.0,0.88,X-Ray Tube Anode
6.5,14015.0,42281.0,102,60.1,62.2,11,5.21,0.65,0.23,39.9,28.0,1,24.4,5.4,33.8,95,402.1,82.5,7,0,36.1,119.0,0.65,X-Ray Tube Anode
4.6,9127.0,25020.0,101,34.9,41.7,9,4.62,0.42,0.44,48.8,26.9,0,30.7,7.2,27.9,75,386.1,82.9,11,2,34.4,121.0,0.67,X-Ray Tube Anode
10.6,22549.0,75419.0,44,92.2,79.7,18,5.15,0.91,0.64,54.7,29.8,0,23.2,6.1,40.7,108,384.3,65.9,17,3,5.0,21.0,0.94,X-Ray Tube Anode
5.0,11346.0,44429.0,31,42.0,54.5,7,4.52,0.49,0.43,47.9,28.5,0,27.4,6.8,28.3,83,391.4,75.7,4,2,37.8,129.0,0.61,X-Ray Tube Anode
9.9,23004.0,57643.0,171,92.4,81.4,19,5.12,0.97,0.66,49.2,32.9,0,22.5,4.7,41.1,108,404.0,63.6,18,4,5.0,18.0,0.95,X-Ray Tube Anode
5.6,12919.0,36912.0,77,55.3,57.3,10,4.88,0.59,0.43,48.0,31.4,4,25.2,5.7,33.9,91,384.8,82.8,6,1,27.0,86.0,0.72,X-Ray Tube Anode
4.8,10659.0,41650.0,48,54.4,56.2,12,4.85,0.57,0.15,40.2,27.1,1,26.5,5.9,34.0,102,405.3,77.8,8,2,30.3,101.0,0.67,X-Ray Tube Anode
5.8,14162.0,39040.0,82,52.5,61.0,13,4.64,0.56,0.4,43.5,28.9,1,29.3,6.1,38.6,111,397.6,82.6,12,3,23.2,69.0,0.78,X-Ray Tube Anode
4.0,9408.0,25117.0,127,38.8,55.5,6,4.61,0.33,0.37,49.4,27.9,1,28.7,6.3,35.7,103,397.3,92.7,5,4,32.6,109.0,0.67,Coolant Loop Unit
9.1,21197.0,71121.0,84,91.7,87.6,19,5.1,0.94,0.64,46.8,32.9,0,22.1,4.6,42.9,123,415.5,65.0,18,3,5.0,17.0,0.96,X-Ray Tube Anode
6.3,11551.0,43809.0,10,34.7,43.7,8,4.7,0.35,0.23,41.8,25.0,2,27.2,7.0,30.1,87,414.3,79.2,6,1,46.9,152.0,0.52,X-Ray Tube Anode
3.2,5722.0,18400.0,29,38.9,52.8,8,4.66,0.48,0.21,42.1,26.9,0,28.0,6.7,31.5,92,394.6,90.8,7,2,43.6,150.0,0.57,X-Ray Tube Anode
10.8,21134.0,84364.0,48,94.0,88.6,21,5.27,0.94,0.55,46.2,30.1,1,22.0,5.1,43.6,121,406.2,65.9,17,4,5.0,23.0,0.91,X-Ray Tube Anode
4.9,11129.0,39161.0,116,30.8,32.8,6,4.38,0.38,0.27,42.7,23.8,1,29.8,6.4,26.9,85,400.3,78.4,4,1,50.6,173.0,0.51,Coolant Loop Unit
6.8,14095.0,36803.0,13,59.3,53.5,10,4.87,0.67,0.3,44.5,27.4,2,29.3,6.3,32.9,98,406.8,73.4,8,3,30.3,103.0,0.69,X-Ray Tube Anode
10.9,22741.0,90720.0,172,86.4,71.3,18,5.18,0.83,0.71,51.3,33.1,1,25.3,4.9,36.6,100,396.9,62.7,19,4,5.0,14.0,0.95,X-Ray Tube Anode
7.7,18576.0,57807.0,47,71.1,68.9,15,5.1,0.76,0.63,50.4,30.8,1,24.7,6.0,36.7,114,389.3,72.4,17,0,11.4,41.0,0.88,X-Ray Tube Anode
1.8,4476.0,13120.0,103,20.7,41.0,4,4.47,0.3,0.34,42.8,27.0,2,29.2,6.6,31.4,93,399.7,98.0,5,1,51.6,170.0,0.48,Coolant Loop Unit
11.3,27551.0,91933.0,91,98.0,84.9,19,5.49,0.97,0.67,52.1,34.2,2,22.8,4.9,42.4,122,406.5,58.5,19,3,5.0,5.0,0.95,X-Ray Tube Anode
7.7,15589.0,46090.0,53,58.6,58.7,12,4.83,0.58,0.53,45.9,29.6,1,28.1,6.5,33.5,102,398.9,70.7,15,0,25.7,95.0,0.74,X-Ray Tube Anode
4.4,9937.0,26132.0,92,36.1,53.5,9,4.35,0.45,0.38,42.5,29.1,2,28.0,6.2,26.4,79,406.6,84.9,5,1,44.7,157.0,0.56,X-Ray Tube Anode
2.1,4183.0,10465.0,77,19.7,40.5,3,4.59,0.31,0.12,37.6,26.2,1,33.6,7.1,28.8,80,410.2,92.7,3,1,64.6,214.0,0.33,Coolant Loop Unit
9.6,18621.0,59111.0,44,79.1,78.6,18,5.01,0.82,0.47,49.0,30.5,0,23.7,5.5,39.0,104,409.4,64.9,11,4,5.0,10.0,0.97,X-Ray Tube Anode
7.6,14722.0,55284.0,156,50.8,50.9,8,4.64,0.5,0.36,37.6,26.1,0,27.6,5.9,29.6,91,403.8,69.5,6,0,42.4,145.0,0.57,X-Ray Tube Anode
6.6,13532.0,45445.0,2,67.9,59.9,15,5.01,0.68,0.37,40.4,28.3,0,25.8,6.5,33.4,92,389.4,76.2,10,0,29.7,101.0,0.71,X-Ray Tube Anode
10.8,22648.0,90565.0,101,85.4,70.1,19,5.27,0.87,0.67,56.6,30.0,2,23.7,5.7,36.7,108,384.2,62.7,16,3,5.0,21.0,0.95,X-Ray Tube Anode
9.6,22790.0,66780.0,57,98.0,80.7,22,5.3,1.02,0.77,52.7,32.2,1,20.8,6.0,39.2,108,404.7,63.0,17,3,5.0,15.0,0.93,X-Ray Tube Anode
2.2,4228.0,12349.0,57,20.5,30.2,5,4.37,0.21,0.25,39.3,25.6,1,31.8,7.5,26.5,75,406.3,87.7,6,1,61.3,214.0,0.44,Coolant Loop Unit
4.1,9454.0,25901.0,34,42.7,50.9,8,4.65,0.46,0.17,41.2,27.6,0,27.9,6.5,30.8,88,400.1,85.8,4,2,41.7,141.0,0.59,X-Ray Tube Anode
3.4,7293.0,20027.0,58,24.2,28.2,4,4.7,0.3,0.18,36.6,24.0,1,34.1,6.9,24.7,70,402.1,96.5,5,0,62.9,220.0,0.34,Coolant Loop Unit
9.1,18125.0,53066.0,157,58.7,53.8,12,4.9,0.62,0.64,42.7,29.1,0,27.7,5.9,31.9,98,399.2,71.1,14,1,24.4,82.0,0.75,X-Ray Tube Anode
0.9,1900.0,7008.0,35,7.4,18.8,1,4.14,0.1,0.04,37.0,23.5,0,32.8,7.4,22.8,76,400.6,95.3,0,1,76.3,255.0,0.23,Coolant Loop Unit
7.1,14178.0,54707.0,75,56.6,62.2,12,4.74,0.6,0.42,42.1,30.0,2,29.4,6.3,35.4,93,403.1,73.7,10,0,30.5,102.0,0.69,X-Ray Tube Anode
9.3,20550.0,81433.0,176,74.5,74.5,16,5.06,0.76,0.46,45.5,28.1,0,26.7,4.2,42.0,120,407.2,67.1,10,3,8.2,31.0,0.89,X-Ray Tube Anode
10.6,22263.0,63415.0,33,96.4,88.5,22,5.39,0.92,0.74,52.2,33.1,0,23.4,5.6,42.6,111,400.9,60.2,17,5,5.0,19.0,0.95,X-Ray Tube Anode
4.4,8491.0,32454.0,115,33.6,38.5,6,4.68,0.4,0.12,38.1,27.7,0,28.0,6.2,30.6,80,400.1,84.7,6,0,55.7,190.0,0.43,Coolant Loop Unit
9.9,18712.0,55992.0,75,68.4,65.3,15,5.04,0.69,0.42,39.1,30.8,8,24.9,5.1,37.9,102,398.8,59.8,14,1,11.1,33.0,0.92,X-Ray Tube Anode
1.8,3868.0,10326.0,73,20.2,26.0,3,4.32,0.31,0.24,40.3,24.8,0,32.4,6.7,25.1,75,401.9,91.5,3,1,61.8,210.0,0.38,Coolant Loop Unit
10.2,24886.0,94694.0,78,98.0,83.1,21,5.31,0.94,0.87,55.4,33.3,1,23.4,5.0,39.3,110,384.0,67.3,19,4,5.0,14.0,0.96,X-Ray Tube Anode
2.0,4012.0,13859.0,9,10.3,35.2,2,4.43,0.2,0.13,33.7,24.3,2,31.0,8.1,26.5,77,407.3,94.3,3,2,64.7,217.0,0.37,Coolant Loop Unit
5.1,11725.0,32209.0,48,56.8,69.3,13,4.71,0.57,0.36,38.3,30.2,0,29.9,4.7,40.8,110,398.5,83.4,8,2,29.0,104.0,0.72,X-Ray Tube Anode
9.7,21862.0,68750.0,67,98.0,91.6,22,5.31,0.95,0.71,47.3,32.7,0,22.0,4.9,45.2,121,393.7,68.6,21,7,5.0,13.0,0.95,X-Ray Tube Anode
2.2,5454.0,15984.0,164,13.1,37.5,5,4.45,0.23,0.22,42.0,28.1,2,32.3,5.8,31.1,86,411.0,90.3,7,0,54.6,182.0,0.48,Coolant Loop Unit
3.1,7448.0,26851.0,119,28.3,42.7,7,4.67,0.37,0.22,33.8,24.1,1,30.9,5.8,26.2,81,397.8,83.9,5,0,55.1,189.0,0.44,Coolant Loop Unit
8.8,19343.0,61514.0,172,80.1,66.7,18,5.13,0.8,0.53,49.1,28.4,1,25.8,4.8,33.0,102,391.6,68.8,19,3,5.0,12.0,0.96,X-Ray Tube Anode
8.8,19843.0,79053.0,133,97.6,98.3,23,5.31,0.97,0.45,46.2,36.4,10,20.8,4.2,44.4,121,405.9,69.7,13,3,5.0,14.0,0.94,X-Ray Tube Anode
7.9,19123.0,49378.0,119,70.6,61.4,13,4.85,0.66,0.58,47.0,25.7,5,26.9,5.3,36.0,99,396.2,76.7,13,1,12.4,52.0,0.88,X-Ray Tube Anode
8.5,17636.0,53483.0,86,63.0,67.8,10,5.04,0.74,0.51,41.8,31.4,1,23.2,5.8,35.4,98,397.0,67.3,11,1,23.1,78.0,0.74,X-Ray Tube Anode
6.7,13677.0,44077.0,106,47.1,48.1,7,4.96,0.56,0.38,41.0,26.7,0,29.9,6.7,29.9,96,406.9,74.7,5,1,45.4,158.0,0.52,X-Ray Tube Anode
3.4,6138.0,19977.0,76,34.3,41.9,8,5.0,0.44,0.13,40.3,27.4,1,30.2,6.5,26.0,86,407.9,90.7,7,2,48.8,178.0,0.51,X-Ray Tube Anode
4.5,10645.0,31658.0,40,36.9,48.8,8,4.7,0.35,0.26,44.5,30.0,1,30.8,6.3,29.6,84,389.2,86.0,7,2,39.8,136.0,0.62,X-Ray Tube Anode
2.6,6110.0,21960.0,19,17.6,31.1,2,4.4,0.23,0.26,37.7,26.2,1,30.9,7.3,23.7,71,399.4,85.6,4,0,68.3,235.0,0.31,Coolant Loop Unit
10.9,20505.0,78169.0,47,83.9,73.7,16,5.07,0.84,0.67,53.1,33.0,5,21.9,5.6,36.1,102,388.4,64.2,15,3,5.0,19.0,0.98,X-Ray Tube Anode
7.2,15887.0,62088.0,65,66.0,62.9,13,4.71,0.6,0.45,46.9,28.8,1,28.3,6.4,32.9,96,396.6,79.0,8,0,23.9,80.0,0.77,X-Ray Tube Anode
5.1,10857.0,40255.0,146,52.0,53.2,9,4.85,0.61,0.3,41.7,27.8,1,27.1,5.4,30.7,88,393.7,79.6,6,1,40.5,138.0,0.59,X-Ray Tube Anode
5.8,10947.0,41333.0,178,44.5,60.4,7,5.09,0.57,0.27,38.8,30.4,2,21.9,5.3,30.0,82,408.4,82.2,7,3,30.7,103.0,0.72,Coolant Loop Unit
11.4,28329.0,94218.0,30,98.0,94.6,25,5.57,1.09,0.88,52.6,32.7,0,23.1,5.3,46.1,128,391.3,61.2,19,8,5.0,12.0,0.98,X-Ray Tube Anode
2.3,4415.0,16505.0,126,16.8,30.9,2,4.57,0.2,0.17,44.2,26.6,2,32.1,6.5,26.0,85,404.4,88.6,1,2,63.4,220.0,0.34,Coolant Loop Unit
7.2,13376.0,39529.0,66,43.1,44.1,8,4.75,0.49,0.44,45.1,29.1,3,29.7,6.1,28.6,88,397.6,69.8,6,1,38.2,121.0,0.62,X-Ray Tube Anode
6.3,14003.0,43376.0,5,54.4,64.3,9,4.91,0.66,0.45,48.9,31.0,0,25.0,6.2,34.6,96,387.2,78.2,5,0,36.7,125.0,0.64,X-Ray Tube Anode
7.5,17453.0,51928.0,93,70.3,62.4,13,4.68,0.72,0.49,46.5,27.1,1,27.0,5.7,35.6,105,393.4,76.0,11,1,23.3,78.0,0.78,X-Ray Tube Anode
0.7,1291.0,4132.0,97,5.0,17.7,1,4.37,0.12,0.01,33.9,23.6,4,33.4,6.6,23.0,67,389.6,95.5,1,2,69.4,231.0,0.32,Detector Array
10.5,23808.0,69719.0,170,82.7,75.2,17,5.11,0.75,0.61,50.1,31.4,0,24.9,4.3,38.1,104,393.4,58.7,14,3,5.0,20.0,0.95,X-Ray Tube Anode
11.2,24375.0,96097.0,94,88.4,89.5,18,5.16,0.95,0.79,58.9,32.4,0,22.3,4.7,44.7,122,391.9,53.3,18,4,5.0,12.0,0.94,X-Ray Tube Anode
7.0,13104.0,38910.0,106,52.1,49.1,8,4.78,0.57,0.34,40.6,28.0,2,28.0,6.2,29.9,91,397.4,74.9,6,1,39.4,132.0,0.6,X-Ray Tube Anode
8.5,16349.0,43276.0,133,72.9,63.4,14,5.02,0.72,0.45,47.7,30.1,0,26.8,5.9,34.5,99,407.7,67.0,8,0,26.3,93.0,0.72,X-Ray Tube Anode
11.1,24412.0,80322.0,178,98.0,88.5,22,5.27,1.0,0.61,49.0,31.8,0,19.8,4.3,46.3,124,393.2,57.7,17,8,5.0,7.0,0.92,X-Ray Tube Anode
8.6,17331.0,44811.0,85,67.9,63.0,13,5.02,0.72,0.41,39.8,29.3,2,25.8,5.8,39.1,102,390.9,73.9,7,2,19.4,71.0,0.82,X-Ray Tube Anode
2.3,5538.0,14764.0,58,16.4,32.9,2,4.31,0.26,0.14,33.6,24.2,0,32.9,7.0,28.5,79,395.2,93.4,5,1,67.2,228.0,0.34,Coolant Loop Unit
7.1,16914.0,47851.0,79,64.7,64.3,14,4.99,0.67,0.64,47.6,29.0,1,28.5,5.6,34.1,97,397.6,76.1,14,0,15.4,51.0,0.88,X-Ray Tube Anode
7.5,18607.0,59478.0,8,66.1,64.9,14,4.77,0.78,0.6,49.2,27.5,0,28.8,6.3,34.1,97,393.8,72.7,15,0,16.6,50.0,0.82,X-Ray Tube Anode
5.4,10657.0,33568.0,159,48.9,46.5,8,4.76,0.53,0.29,44.1,27.8,0,29.2,5.9,29.2,79,389.6,81.8,5,0,47.8,163.0,0.53,X-Ray Tube Anode
9.0,22233.0,82251.0,12,98.0,81.4,19,5.21,1.06,0.73,46.3,31.5,1,25.5,6.2,38.7,107,406.0,68.6,20,4,5.0,17.0,0.94,X-Ray Tube Anode
11.2,23636.0,85307.0,149,89.0,88.7,21,5.17,0.93,0.67,51.7,31.3,2,25.0,3.4,44.8,121,404.6,58.6,18,5,5.0,20.0,0.95,X-Ray Tube Anode
11.1,22770.0,71487.0,94,81.5,84.8,17,5.2,0.85,0.77,51.5,34.9,0,19.5,5.3,37.1,102,399.2,59.9,16,4,5.0,15.0,0.94,X-Ray Tube Anode
5.7,10433.0,31304.0,91,49.8,49.5,9,4.56,0.54,0.51,46.1,27.6,2,27.1,6.0,29.3,82,412.1,82.8,11,1,28.9,93.0,0.71,X-Ray Tube Anode
1.8,3311.0,9848.0,33,15.8,23.3,4,4.27,0.29,0.22,41.6,25.2,1,33.3,7.7,23.4,78,419.8,93.8,4,2,58.6,201.0,0.44,Coolant Loop Unit
11.8,27015.0,98900.0,154,98.0,79.7,20,5.46,0.99,0.78,57.4,30.6,2,22.2,4.8,39.9,112,410.6,64.8,19,3,5.0,14.0,0.94,X-Ray Tube Anode
10.1,21518.0,55476.0,100,98.0,90.8,20,5.16,0.94,0.68,50.9,32.3,4,24.4,4.7,42.1,116,383.2,67.4,17,4,5.0,20.0,0.96,X-Ray Tube Anode
1.9,3787.0,9541.0,168,5.0,27.8,4,4.53,0.1,0.15,34.3,25.8,0,33.0,6.4,22.7,65,402.5,92.0,2,3,65.2,217.0,0.34,Coolant Loop Unit
11.1,24728.0,91327.0,15,87.8,78.9,20,5.43,0.91,0.56,46.8,31.0,0,26.5,6.0,37.6,98,393.7,60.8,18,4,5.0,21.0,0.92,X-Ray Tube Anode
10.5,20766.0,66778.0,114,81.8,80.8,16,5.11,0.79,0.55,49.7,31.7,0,23.3,4.9,39.3,110,397.1,62.3,16,4,5.0,24.0,0.95,X-Ray Tube Anode
6.5,14255.0,38435.0,129,57.5,64.5,11,4.77,0.61,0.35,45.4,31.0,1,23.4,5.3,33.2,96,387.2,80.6,8,0,30.6,103.0,0.73,X-Ray Tube Anode
7.3,14975.0,42729.0,11,57.1,68.6,13,4.92,0.67,0.4,45.7,29.5,1,26.3,5.8,34.7,102,402.1,70.0,10,1,24.6,90.0,0.74,X-Ray Tube Anode
5.1,12093.0,47147.0,55,68.1,58.9,14,4.8,0.73,0.52,44.8,27.1,0,24.3,6.2,33.2,94,413.9,80.8,12,0,23.0,82.0,0.75,X-Ray Tube Anode
1.1,2683.0,10165.0,2,8.2,19.6,2,4.0,0.14,0.21,35.5,22.1,2,32.0,7.1,23.8,73,399.5,97.2,1,0,74.0,253.0,0.24,Coolant Loop Unit
4.4,9294.0,33129.0,65,32.8,34.3,5,4.52,0.47,0.33,44.1,28.3,1,24.7,7.0,28.4,79,408.1,85.4,7,0,55.4,188.0,0.48,Coolant Loop Unit
9.7,19909.0,64174.0,172,80.6,83.8,17,5.15,0.85,0.65,45.6,33.5,1,23.5,4.7,39.2,109,402.8,69.5,18,3,5.0,14.0,0.97,X-Ray Tube Anode
0.6,1136.0,3728.0,16,12.3,34.5,2,4.36,0.26,0.01,37.3,27.1,2,31.5,6.7,26.2,76,406.1,95.9,3,3,61.6,215.0,0.4,Coolant Loop Unit
4.3,10249.0,40613.0,150,35.2,46.1,8,4.53,0.3,0.38,45.5,26.9,2,29.9,5.7,30.4,91,381.8,79.2,6,1,38.4,136.0,0.64,Coolant Loop Unit
5.1,10309.0,40706.0,106,40.1,39.7,10,4.87,0.48,0.4,42.4,24.8,0,30.8,6.9,27.6,86,403.5,82.8,8,2,38.1,124.0,0.64,X-Ray Tube Anode
6.7,13002.0,36702.0,146,60.0,57.5,13,4.7,0.68,0.22,39.4,28.5,0,27.1,6.3,32.5,91,406.8,76.3,10,2,31.4,107.0,0.68,X-Ray Tube Anode
11.1,20598.0,76555.0,175,90.8,79.5,18,5.12,1.0,0.66,50.1,31.4,0,22.3,4.5,38.1,113,413.6,61.6,16,3,5.0,13.0,0.94,X-Ray Tube Anode
4.5,9534.0,26655.0,30,39.9,49.1,6,4.75,0.39,0.19,37.3,26.2,2,30.8,6.7,31.5,93,388.5,82.2,4,2,44.3,153.0,0.58,X-Ray Tube Anode
4.5,9597.0,27067.0,10,57.7,55.6,10,4.72,0.68,0.15,34.1,26.5,1,28.5,6.6,31.7,93,413.1,85.2,8,1,38.8,136.0,0.61,X-Ray Tube Anode
9.0,21453.0,75389.0,62,98.0,80.1,23,5.2,1.06,0.73,50.9,29.0,0,23.4,5.5,39.6,119,397.4,66.9,19,3,5.0,9.0,0.93,X-Ray Tube Anode
5.7,11144.0,34629.0,85,33.3,47.9,5,4.62,0.3,0.27,41.1,28.7,1,28.6,6.8,30.4,90,401.5,81.1,3,1,55.5,188.0,0.46,Coolant Loop Unit
3.1,6372.0,24832.0,134,12.0,24.3,3,4.19,0.23,0.16,42.7,23.1,0,31.2,6.6,23.3,76,407.6,87.8,6,1,63.2,217.0,0.36,Coolant Loop Unit
5.7,13493.0,35533.0,67,60.3,61.3,10,4.9,0.67,0.49,43.4,29.8,3,28.2,5.4,36.4,103,407.4,83.8,9,0,27.8,95.0,0.74,X-Ray Tube Anode
2.1,5038.0,16460.0,41,31.1,34.3,9,4.47,0.36,0.16,41.7,25.5,1,29.9,7.2,25.5,69,386.2,86.3,6,0,56.1,200.0,0.42,X-Ray Tube Anode
2.5,5232.0,20288.0,171,19.1,39.4,4,4.3,0.25,0.18,35.4,27.6,4,31.5,5.7,29.5,86,400.9,84.9,5,1,52.3,170.0,0.49,Coolant Loop Unit
6.2,13219.0,50974.0,18,48.9,55.5,8,4.47,0.57,0.39,39.5,29.2,1,24.3,6.1,32.9,90,391.5,79.2,7,0,39.9,142.0,0.6,X-Ray Tube Anode
5.3,10701.0,29264.0,58,36.2,53.4,8,4.66,0.4,0.36,42.1,28.1,1,28.9,5.9,33.0,95,400.4,76.0,9,1,39.2,129.0,0.61,Coolant Loop Unit
11.0,27032.0,82445.0,60,98.0,88.5,23,5.19,0.97,0.75,48.7,32.8,1,22.7,5.1,44.2,123,395.1,60.9,19,4,5.0,6.0,0.96,X-Ray Tube Anode
4.7,8789.0,30135.0,88,44.2,59.8,7,4.71,0.54,0.29,37.4,29.0,1,26.0,6.1,32.4,87,386.7,81.2,7,1,40.9,141.0,0.59,X-Ray Tube Anode
7.2,17609.0,48233.0,27,67.4,75.0,12,4.93,0.79,0.48,51.4,30.1,1,24.5,6.1,37.6,104,391.9,77.9,8,1,18.3,62.0,0.83,X-Ray Tube Anode
7.8,17708.0,69982.0,68,73.2,72.8,17,5.05,0.79,0.55,45.8,32.2,1,25.6,6.1,37.0,100,404.5,72.0,14,2,5.0,17.0,0.96,X-Ray Tube Anode
0.7,1413.0,5472.0,22,5.0,32.2,4,4.24,0.15,0.11,44.4,25.2,1,32.9,7.0,25.5,80,402.8,95.2,4,0,70.7,243.0,0.3,Coolant Loop Unit
8.1,14821.0,40764.0,152,67.3,63.6,12,5.04,0.68,0.6,45.2,29.5,1,26.2,5.1,36.8,101,391.2,75.6,14,0,22.3,79.0,0.8,X-Ray Tube Anode
2.5,5433.0,14571.0,40,26.4,35.8,5,4.41,0.29,0.16,33.5,24.2,2,32.6,7.3,24.4,68,395.4,92.0,5,1,58.3,196.0,0.39,Coolant Loop Unit
11.6,24091.0,63315.0,109,85.6,70.8,19,5.41,0.93,0.68,53.8,30.9,0,24.7,5.6,39.9,113,402.0,55.2,15,3,5.0,21.0,0.96,X-Ray Tube Anode
2.2,4227.0,16333.0,74,19.0,35.1,4,4.15,0.26,0.18,36.8,25.3,2,33.0,6.6,30.1,85,402.3,85.5,2,0,65.6,213.0,0.35,Coolant Loop Unit
5.3,11903.0,33216.0,66,47.7,57.8,10,4.74,0.59,0.44,45.2,28.2,0,26.4,5.8,32.4,93,405.4,84.5,7,2,34.0,115.0,0.67,X-Ray Tube Anode
1.5,3674.0,11479.0,168,11.1,33.2,3,4.46,0.18,0.06,32.3,24.7,0,32.1,6.2,26.9,79,401.8,94.8,1,1,73.8,257.0,0.27,Coolant Loop Unit
12.0,26244.0,83278.0,6,81.8,70.2,23,5.25,0.8,0.76,51.6,30.2,1,24.5,6.6,32.4,93,404.7,59.7,20,4,5.0,18.0,0.96,X-Ray Tube Anode
6.3,14435.0,49058.0,112,52.5,55.6,10,4.68,0.59,0.23,36.0,25.7,2,26.3,5.7,31.9,94,399.5,80.6,9,1,36.1,123.0,0.63,X-Ray Tube Anode
7.3,13577.0,35402.0,18,56.7,53.2,10,4.76,0.61,0.39,43.4,29.4,2,29.3,6.8,36.1,99,404.0,75.1,6,0,37.2,125.0,0.61,X-Ray Tube Anode
1.3,2660.0,7555.0,81,6.3,27.6,1,4.12,0.1,0.21,38.1,25.3,0,31.2,6.9,26.2,78,412.8,95.5,1,0,75.1,257.0,0.26,Coolant Loop Unit
9.1,17167.0,66905.0,102,66.9,60.0,11,5.09,0.79,0.45,45.6,28.5,1,26.7,5.5,35.9,103,412.6,66.7,9,0,28.7,96.0,0.74,X-Ray Tube Anode
2.9,6495.0,25088.0,110,38.0,54.7,5,4.54,0.41,0.24,42.1,26.2,3,28.4,6.1,31.5,96,400.3,90.1,5,1,45.9,159.0,0.54,Coolant Loop Unit
10.8,26603.0,97684.0,30,98.0,83.2,21,5.41,1.03,0.72,51.5,32.6,2,24.1,5.5,40.1,107,390.6,60.1,21,3,5.0,14.0,0.93,X-Ray Tube Anode
2.9,6471.0,16365.0,122,9.1,22.2,1,4.35,0.22,0.15,39.7,23.7,0,31.8,6.2,24.3,75,410.8,93.0,2,1,74.0,259.0,0.28,Coolant Loop Unit
2.7,4992.0,14929.0,149,18.5,40.0,5,4.78,0.2,0.26,40.4,28.8,1,29.5,5.7,26.5,74,381.2,91.7,8,0,57.9,200.0,0.4,Coolant Loop Unit
0.9,1885.0,6488.0,62,8.3,25.0,2,4.35,0.12,0.02,34.1,25.7,1,31.6,6.3,25.2,76,404.2,100.0,2,0,76.5,269.0,0.24,Coolant Loop Unit
5.9,12957.0,37741.0,138,45.2,42.1,8,4.62,0.49,0.42,45.6,29.4,2,27.7,7.1,30.0,91,403.9,79.3,5,1,43.2,145.0,0.55,X-Ray Tube Anode
7.0,14567.0,56291.0,120,64.1,64.8,12,4.75,0.63,0.46,44.9,30.0,1,25.1,5.9,38.8,111,400.4,74.8,9,1,25.8,94.0,0.74,X-Ray Tube Anode
1.3,2993.0,10328.0,107,5.0,15.2,2,4.22,0.23,0.06,36.1,25.4,2,30.8,6.6,22.7,62,403.2,94.4,8,1,66.2,219.0,0.34,Coolant Loop Unit
9.4,22325.0,58219.0,141,88.2,91.4,20,5.24,0.88,0.66,50.7,33.7,2,22.0,4.2,43.4,123,389.4,71.2,18,4,5.0,21.0,0.94,X-Ray Tube Anode
5.7,12730.0,49182.0,76,39.1,49.2,7,4.34,0.5,0.31,38.8,27.2,3,28.5,6.4,30.6,89,391.6,75.5,5,1,40.1,136.0,0.6,X-Ray Tube Anode
6.5,13462.0,52996.0,9,51.5,51.2,10,4.71,0.59,0.45,49.2,28.4,0,27.8,7.4,31.1,96,389.8,70.6,7,0,41.4,141.0,0.59,X-Ray Tube Anode
5.6,11019.0,28832.0,39,49.7,56.1,9,4.84,0.56,0.24,39.5,27.5,0,27.2,6.7,33.9,103,390.7,78.9,5,2,40.9,143.0,0.58,X-Ray Tube Anode
5.1,9574.0,31582.0,24,37.0,37.4,6,4.56,0.44,0.28,41.5,29.6,0,26.5,7.2,29.3,86,394.4,80.8,7,2,46.6,162.0,0.52,X-Ray Tube Anode
6.9,14208.0,41984.0,125,55.1,64.5,10,5.01,0.66,0.41,43.9,29.6,2,24.9,5.2,31.7,86,398.6,78.1,8,1,27.3,97.0,0.75,X-Ray Tube Anode
2.3,4774.0,14749.0,118,19.3,42.0,3,4.2,0.23,0.27,42.8,27.1,0,29.0,6.4,31.3,90,408.0,95.2,4,1,59.5,204.0,0.4,Coolant Loop Unit
2.6,5892.0,16318.0,34,24.2,44.4,5,4.59,0.4,0.22,40.8,27.9,0,30.2,7.0,26.7,81,415.6,89.6,4,0,62.7,216.0,0.38,Coolant Loop Unit
10.4,23535.0,79246.0,61,98.0,85.4,21,5.51,0.92,0.75,51.4,30.6,2,24.3,5.3,39.1,112,393.4,61.3,19,6,5.0,16.0,0.92,X-Ray Tube Anode
11.4,21043.0,82846.0,169,89.8,79.4,21,5.42,0.95,0.66,53.8,33.5,3,21.1,4.5,39.9,112,399.4,52.0,18,4,5.0,14.0,0.98,X-Ray Tube Anode
4.8,9954.0,32395.0,133,51.2,46.5,11,4.58,0.49,0.36,33.3,26.0,0,28.7,5.7,31.9,87,400.8,89.3,10,1,42.1,144.0,0.59,X-Ray Tube Anode
3.6,6964.0,18277.0,79,29.2,43.5,8,4.6,0.35,0.21,43.3,25.3,0,30.6,7.0,26.3,82,392.9,88.3,6,1,55.3,177.0,0.41,X-Ray Tube Anode
7.9,15099.0,51788.0,50,47.1,53.7,12,4.66,0.53,0.53,49.5,28.2,0,30.5,5.7,31.5,86,396.3,75.3,16,2,15.4,54.0,0.83,X-Ray Tube Anode
5.2,12372.0,37245.0,132,56.4,58.6,12,4.67,0.58,0.35,37.2,27.1,0,30.8,5.6,34.6,94,413.5,84.1,7,1,31.1,110.0,0.67,X-Ray Tube Anode
0.8,1449.0,5482.0,51,16.6,39.8,3,4.34,0.24,0.01,38.0,29.1,0,31.5,6.8,29.1,78,409.6,90.9,2,0,75.4,259.0,0.28,Coolant Loop Unit
2.3,4806.0,15149.0,52,38.9,40.6,6,4.53,0.38,0.16,41.7,26.5,2,30.0,6.0,30.1,84,410.6,89.5,5,1,50.9,170.0,0.54,Coolant Loop Unit
8.7,16749.0,46717.0,122,78.6,65.2,17,5.28,0.76,0.53,48.4,25.0,4,27.0,5.2,37.9,103,404.4,68.4,14,4,5.0,7.0,0.96,X-Ray Tube Anode
8.1,19512.0,54373.0,167,74.1,63.4,15,5.17,0.79,0.44,40.0,29.9,4,24.0,4.7,38.5,109,406.8,70.2,11,1,14.0,51.0,0.88,X-Ray Tube Anode
0.8,1777.0,6493.0,8,8.6,20.5,0,4.13,0.18,0.03,37.6,25.3,3,30.0,7.4,23.0,70,402.9,98.7,0,1,73.7,247.0,0.29,Detector Array
3.1,5989.0,17359.0,113,21.8,25.9,6,4.35,0.26,0.11,40.5,24.5,2,28.6,6.4,24.9,73,412.8,84.3,4,2,54.7,180.0,0.43,Coolant Loop Unit
3.2,6794.0,24803.0,45,23.9,36.8,6,4.43,0.38,0.29,39.8,24.4,1,31.0,7.4,25.2,72,376.7,86.7,5,1,56.7,198.0,0.43,Coolant Loop Unit
8.2,19021.0,53426.0,88,75.2,68.9,15,5.09,0.72,0.69,51.5,30.1,1,23.8,5.5,35.5,103,391.2,70.2,14,4,5.0,10.0,0.95,X-Ray Tube Anode
0.7,1795.0,5355.0,28,17.5,25.8,2,4.56,0.24,0.08,35.7,24.4,1,32.5,7.7,21.0,63,388.2,93.6,3,0,73.9,250.0,0.29,Coolant Loop Unit
1.7,3317.0,10608.0,119,5.0,28.5,1,4.36,0.12,0.18,41.6,24.0,0,30.7,6.1,28.8,83,394.5,95.9,4,0,70.8,250.0,0.33,Coolant Loop Unit
9.7,23475.0,91899.0,107,85.9,74.2,22,5.24,0.9,0.72,49.8,29.3,1,24.7,5.0,38.4,106,400.4,65.9,21,3,5.0,14.0,0.98,X-Ray Tube Anode
2.6,6266.0,24421.0,27,34.8,48.1,6,4.58,0.42,0.34,40.8,28.0,0,27.7,6.6,32.0,89,398.8,93.7,6,2,46.4,152.0,0.55,Coolant Loop Unit
8.0,19548.0,54936.0,162,89.8,79.9,20,5.01,0.9,0.52,46.3,32.9,1,20.9,4.7,45.7,124,393.2,77.1,18,8,5.0,20.0,0.96,X-Ray Tube Anode
3.2,7271.0,22085.0,81,23.8,36.9,5,4.68,0.22,0.23,36.0,27.1,1,28.7,6.9,31.8,86,401.4,87.1,4,0,64.6,221.0,0.35,Coolant Loop Unit
1.6,3683.0,10033.0,101,27.9,48.2,7,4.47,0.39,0.12,37.2,25.2,3,29.2,6.2,33.1,95,402.8,95.8,6,0,50.2,162.0,0.5,Coolant Loop Unit
3.3,6864.0,22411.0,62,35.3,35.4,5,4.86,0.41,0.24,41.3,27.2,0,29.0,6.5,26.6,79,404.2,81.8,7,1,54.7,186.0,0.47,Coolant Loop Unit
8.8,20489.0,65377.0,62,79.8,75.9,16,5.19,0.82,0.8,55.1,32.3,3,23.0,5.9,39.7,107,406.1,63.8,15,3,5.0,23.0,0.97,X-Ray Tube Anode
10.3,22459.0,86491.0,166,70.4,76.3,15,5.35,0.7,0.65,50.1,33.3,1,23.0,4.4,39.6,105,395.0,63.8,14,0,11.4,46.0,0.9,X-Ray Tube Anode
10.0,22850.0,89002.0,26,78.1,76.4,15,5.23,0.76,0.59,43.7,29.7,0,23.6,5.9,36.3,110,408.0,62.9,14,4,5.0,16.0,0.93,X-Ray Tube Anode
5.1,10642.0,32727.0,121,37.3,41.6,5,4.43,0.51,0.24,44.4,26.9,2,23.3,5.6,28.0,81,399.4,86.1,6,1,46.0,159.0,0.58,Coolant Loop Unit
8.2,18919.0,61254.0,24,81.8,75.2,16,5.09,0.75,0.65,53.7,31.9,0,23.3,5.8,39.7,107,406.0,72.2,16,4,5.0,20.0,0.96,X-Ray Tube Anode
2.9,6792.0,26112.0,39,33.3,46.9,8,4.57,0.35,0.16,38.9,26.8,0,29.3,6.9,31.3,88,394.9,84.7,5,3,44.2,155.0,0.56,X-Ray Tube Anode
3.9,7365.0,27325.0,124,25.7,45.8,5,4.38,0.41,0.3,39.3,28.3,2,28.8,6.0,32.9,97,413.7,86.4,7,2,47.4,161.0,0.54,Coolant Loop Unit
10.8,25756.0,64530.0,21,98.0,79.4,20,5.32,1.01,0.68,48.4,31.5,1,23.0,5.5,38.9,108,404.0,59.8,20,4,5.0,23.0,0.94,X-Ray Tube Anode
0.6,1415.0,4216.0,94,5.4,15.2,1,4.06,0.13,0.01,34.6,22.6,1,34.2,7.4,20.5,63,400.9,100.0,2,0,76.2,255.0,0.22,Coolant Loop Unit
1.5,3547.0,11112.0,175,12.4,25.2,3,4.35,0.27,0.19,40.1,23.9,0,33.4,5.9,23.2,67,390.3,93.2,3,0,73.3,253.0,0.26,Coolant Loop Unit
2.9,6076.0,17284.0,115,25.6,32.6,4,4.54,0.35,0.16,37.6,27.8,0,31.1,5.8,24.0,70,408.7,87.9,3,0,65.2,217.0,0.33,Coolant Loop Unit
0.8,1663.0,4655.0,176,6.4,19.8,3,4.13,0.17,0.13,35.2,22.9,0,31.7,6.8,21.4,61,391.3,93.2,3,0,76.1,250.0,0.24,Coolant Loop Unit
2.6,6312.0,16139.0,121,11.9,22.7,5,4.63,0.22,0.26,43.8,23.0,1,30.8,6.4,23.0,76,417.7,86.5,5,0,61.9,214.0,0.34,Coolant Loop Unit
7.2,14236.0,49328.0,13,55.3,52.6,11,4.87,0.62,0.47,46.2,28.8,0,26.1,7.0,28.9,85,405.9,71.4,7,2,31.3,121.0,0.68,X-Ray Tube Anode
5.3,12783.0,36991.0,131,51.0,48.3,10,4.69,0.58,0.37,40.0,27.7,0,28.5,5.8,30.3,87,389.6,83.2,6,2,38.1,131.0,0.58,X-Ray Tube Anode
10.8,23026.0,59373.0,160,98.0,97.3,23,5.13,1.09,0.72,51.7,31.7,0,23.1,4.3,48.8,130,401.7,66.4,18,8,5.0,16.0,0.94,X-Ray Tube Anode
9.9,21384.0,60869.0,163,78.9,68.1,15,5.16,0.8,0.55,47.5,29.4,0,23.7,4.6,36.0,99,415.7,69.2,13,4,5.0,23.0,0.95,X-Ray Tube Anode
4.4,8932.0,33075.0,19,37.4,40.2,6,4.61,0.43,0.09,34.9,25.6,0,30.9,7.4,24.0,80,399.9,84.9,5,0,57.9,195.0,0.44,X-Ray Tube Anode
3.5,7667.0,28961.0,142,35.2,39.5,7,4.74,0.35,0.31,45.4,25.8,3,27.8,5.8,29.4,80,397.1,84.5,8,2,35.7,113.0,0.65,Coolant Loop Unit
4.9,9867.0,31819.0,176,38.3,55.5,6,4.64,0.44,0.33,42.6,32.4,2,26.4,5.1,35.0,102,402.5,78.3,3,3,37.3,132.0,0.61,Coolant Loop Unit
7.3,13319.0,41611.0,81,39.2,52.6,6,4.49,0.55,0.36,42.2,27.9,2,28.8,5.3,31.1,89,394.0,74.2,4,1,48.1,171.0,0.51,Coolant Loop Unit
3.6,7131.0,28287.0,123,36.6,51.4,8,4.89,0.48,0.12,37.4,26.8,0,30.3,5.2,34.2,93,410.7,83.5,6,4,42.1,144.0,0.61,Coolant Loop Unit
7.7,13854.0,38803.0,68,61.4,55.1,15,5.0,0.63,0.26,42.0,31.6,0,27.3,6.5,35.9,108,393.1,78.2,14,1,25.6,89.0,0.72,X-Ray Tube Anode
5.2,12942.0,36535.0,173,53.6,64.2,11,4.81,0.58,0.4,43.6,31.0,2,26.9,4.7,35.9,104,403.5,83.1,9,1,30.5,101.0,0.74,X-Ray Tube Anode
6.8,16957.0,49817.0,19,68.2,65.9,13,5.04,0.65,0.63,48.7,31.0,1,23.4,5.4,37.5,103,410.0,75.1,14,1,10.8,36.0,0.9,X-Ray Tube Anode
5.5,11453.0,31602.0,64,31.6,37.4,6,4.65,0.34,0.34,45.8,25.2,1,31.5,6.5,29.7,94,400.4,80.4,3,2,46.5,159.0,0.51,Coolant Loop Unit
3.9,8977.0,27551.0,101,42.1,51.0,12,4.49,0.49,0.26,36.5,29.9,1,26.1,6.2,32.3,93,410.3,85.4,9,1,37.2,127.0,0.61,X-Ray Tube Anode
11.4,23294.0,90061.0,66,98.0,95.0,20,5.4,0.96,0.67,46.0,34.6,1,21.1,4.4,46.1,124,398.5,62.4,18,8,5.0,17.0,0.97,X-Ray Tube Anode
9.3,21067.0,72112.0,66,75.4,78.3,15,5.04,0.73,0.79,54.6,31.6,1,23.0,5.9,39.8,113,391.0,67.5,15,3,5.0,3.0,0.96,X-Ray Tube Anode
2.1,4991.0,15561.0,75,30.7,49.3,8,4.64,0.4,0.24,47.6,25.3,3,29.8,6.1,29.4,86,405.9,89.7,4,0,46.7,160.0,0.54,Coolant Loop Unit
10.5,25828.0,100769.0,45,98.0,97.2,22,5.26,0.98,0.66,52.2,33.6,1,20.5,4.9,39.9,110,402.7,63.3,18,6,5.0,10.0,0.95,X-Ray Tube Anode
6.1,12700.0,32674.0,87,41.7,43.9,8,4.61,0.4,0.39,49.2,29.9,1,28.4,6.1,30.3,88,392.3,77.0,6,0,44.3,153.0,0.55,X-Ray Tube Anode
10.8,25332.0,71320.0,67,98.0,87.1,19,5.63,0.88,0.75,50.2,32.8,0,22.9,4.4,41.9,112,399.3,60.1,16,5,5.0,22.0,0.93,X-Ray Tube Anode
9.7,19262.0,64506.0,3,65.9,56.4,16,5.18,0.66,0.48,43.6,28.2,1,27.4,6.5,29.3,79,392.2,64.1,13,2,15.1,54.0,0.86,X-Ray Tube Anode
5.4,13438.0,46004.0,166,53.2,64.8,8,4.34,0.5,0.47,46.7,29.4,3,27.3,5.0,35.8,99,400.0,79.7,7,3,20.3,63.0,0.83,X-Ray Tube Anode
0.8,1379.0,3529.0,170,9.1,19.5,1,4.48,0.09,0.02,38.3,24.1,0,32.4,6.6,23.0,73,418.3,87.7,0,1,77.0,258.0,0.23,Coolant Loop Unit
3.6,7978.0,24769.0,168,21.3,42.2,4,4.45,0.35,0.14,34.2,25.9,2,29.1,5.4,30.7,89,407.7,88.1,7,0,60.0,204.0,0.41,Coolant Loop Unit
6.7,15218.0,52864.0,178,64.0,61.4,13,4.86,0.67,0.46,44.5,29.3,1,25.1,4.4,38.2,104,405.0,77.5,8,0,30.1,107.0,0.72,X-Ray Tube Anode
7.8,17763.0,63005.0,163,76.2,70.7,18,4.96,0.77,0.52,46.3,32.6,2,24.0,5.6,35.5,102,401.3,68.6,15,3,5.0,22.0,0.94,X-Ray Tube Anode
3.5,6530.0,22577.0,24,31.3,32.7,7,4.43,0.37,0.22,37.9,27.9,2,29.1,7.3,21.7,76,408.4,82.2,6,1,53.1,182.0,0.48,X-Ray Tube Anode
2.1,5166.0,15399.0,88,24.3,33.5,5,4.39,0.26,0.13,36.1,24.9,2,30.1,6.7,25.9,76,400.6,96.0,5,2,56.4,187.0,0.45,Coolant Loop Unit
10.1,19464.0,51391.0,17,68.0,75.4,14,4.85,0.73,0.52,48.9,33.0,1,25.5,6.4,39.1,113,385.7,70.1,14,2,9.9,40.0,0.89,X-Ray Tube Anode
11.8,26430.0,83008.0,40,98.0,79.1,20,5.17,0.98,0.85,55.0,32.6,3,25.8,5.2,42.2,105,389.3,57.4,19,3,5.0,17.0,0.92,X-Ray Tube Anode
6.5,12802.0,34478.0,172,54.0,55.9,9,4.69,0.55,0.43,46.8,29.7,1,27.4,4.8,33.0,93,395.6,79.5,7,0,33.9,113.0,0.66,X-Ray Tube Anode
2.5,4986.0,19552.0,151,31.6,32.8,5,4.63,0.35,0.11,38.4,26.6,0,28.5,6.4,27.9,72,396.6,89.9,5,1,54.8,184.0,0.47,Coolant Loop Unit
3.6,7926.0,25464.0,6,31.7,39.6,10,4.59,0.32,0.11,34.7,25.4,0,31.0,7.9,24.8,68,400.2,86.9,9,1,53.4,174.0,0.44,X-Ray Tube Anode
0.7,1488.0,4430.0,149,9.4,20.0,0,4.4,0.16,0.02,36.6,23.8,0,31.2,6.0,24.0,70,409.5,95.3,2,3,68.2,237.0,0.32,Coolant Loop Unit
11.0,21061.0,76862.0,119,76.8,68.8,17,5.11,0.78,0.62,45.9,31.5,0,24.9,5.3,31.2,87,403.1,62.7,16,4,5.0,16.0,0.95,X-Ray Tube Anode
1.9,3559.0,11557.0,120,5.0,31.1,4,4.06,0.12,0.09,36.1,23.9,1,33.1,6.6,25.5,79,401.4,93.5,4,0,71.7,240.0,0.28,Coolant Loop Unit
7.1,14921.0,44241.0,35,49.4,53.3,10,4.87,0.55,0.39,40.5,26.8,0,28.3,6.7,32.3,87,391.2,78.3,6,1,40.3,140.0,0.6,X-Ray Tube Anode
3.7,8509.0,31635.0,113,30.7,36.9,7,4.42,0.37,0.23,38.2,26.9,0,28.6,6.2,27.1,85,398.8,85.2,6,1,54.9,191.0,0.42,Coolant Loop Unit
6.9,16692.0,63441.0,29,83.3,80.1,15,5.3,0.86,0.49,46.0,30.4,1,24.3,5.3,36.9,106,395.0,76.3,10,4,6.1,12.0,0.96,X-Ray Tube Anode
8.0,14855.0,52134.0,7,56.2,52.2,9,4.7,0.65,0.51,44.8,29.5,0,25.9,5.9,32.3,97,391.8,73.4,9,0,34.7,126.0,0.64,X-Ray Tube Anode
10.0,20839.0,53565.0,53,86.3,75.6,18,5.13,0.91,0.61,45.7,29.9,1,23.4,6.4,41.1,110,375.5,65.2,14,4,5.0,28.0,0.96,X-Ray Tube Anode
2.9,5375.0,18002.0,165,26.0,39.1,5,4.46,0.38,0.2,42.8,27.1,1,27.3,6.5,26.6,73,390.5,90.0,5,0,57.3,195.0,0.44,Coolant Loop Unit
0.6,1135.0,4137.0,23,5.0,18.3,0,4.36,0.1,0.06,36.0,24.7,0,32.0,7.4,20.7,67,414.0,100.0,1,2,75.5,258.0,0.27,Coolant Loop Unit
2.1,4694.0,12697.0,97,15.3,34.3,2,4.41,0.21,0.14,36.4,25.4,0,34.4,6.6,26.5,74,409.3,88.6,3,0,69.2,247.0,0.31,Coolant Loop Unit
10.9,24106.0,68534.0,136,98.0,88.4,19,5.38,1.01,0.76,48.6,32.3,0,18.7,4.3,46.2,129,393.2,62.8,18,9,5.0,12.0,0.92,X-Ray Tube Anode
10.5,20193.0,77214.0,76,84.2,84.4,21,5.49,0.89,0.65,43.6,31.1,1,20.6,5.0,38.4,105,396.1,60.0,19,4,5.0,14.0,0.92,X-Ray Tube Anode
7.4,14473.0,36619.0,176,41.9,58.3,8,4.43,0.44,0.6,47.5,29.0,2,28.0,5.1,33.0,87,420.1,70.6,10,0,29.6,104.0,0.73,Coolant Loop Unit
7.4,13454.0,48824.0,10,58.6,53.3,14,4.75,0.66,0.46,40.9,27.0,2,28.4,6.2,33.5,92,419.0,72.0,10,1,28.4,102.0,0.7,X-Ray Tube Anode
8.1,19428.0,62378.0,117,73.3,68.0,17,4.92,0.71,0.53,48.8,29.8,2,23.2,5.3,34.2,99,401.7,71.6,14,4,5.0,17.0,0.94,X-Ray Tube Anode
2.5,6247.0,19805.0,24,20.8,30.9,3,4.18,0.31,0.14,38.3,26.8,2,30.6,7.3,23.7,70,406.0,91.6,4,0,61.2,204.0,0.37,Coolant Loop Unit
11.0,20873.0,52404.0,175,86.7,73.7,20,5.13,0.88,0.68,54.7,29.1,1,24.1,4.0,43.0,121,402.4,59.8,18,3,5.0,23.0,0.94,X-Ray Tube Anode
5.3,10430.0,38894.0,39,53.9,63.9,12,4.95,0.52,0.26,41.5,28.9,3,26.1,5.8,38.7,108,397.5,82.9,10,2,24.7,84.0,0.79,X-Ray Tube Anode
4.9,11813.0,35909.0,66,45.6,57.2,9,4.66,0.49,0.43,42.3,29.6,1,28.0,5.5,34.9,102,402.2,84.5,5,0,41.5,141.0,0.59,X-Ray Tube Anode
6.5,15836.0,52435.0,6,72.8,70.6,14,5.02,0.86,0.41,38.4,27.4,1,24.5,5.7,37.6,108,405.0,81.9,11,1,16.7,61.0,0.82,X-Ray Tube Anode
1.0,2178.0,7657.0,21,5.0,24.3,2,4.0,0.16,0.14,40.4,27.7,2,32.8,7.4,22.5,62,408.4,94.1,3,1,65.4,230.0,0.37,Coolant Loop Unit
2.4,4428.0,15735.0,73,18.8,24.3,4,4.31,0.38,0.08,32.9,26.5,0,27.7,7.0,24.1,69,402.6,88.3,3,1,68.7,235.0,0.26,Coolant Loop Unit
9.0,16425.0,64616.0,74,61.4,64.1,12,4.87,0.58,0.55,45.9,27.4,1,26.8,5.7,33.7,92,402.5,67.9,13,2,15.5,55.0,0.84,X-Ray Tube Anode
1.5,3197.0,10542.0,36,15.0,36.4,5,4.48,0.27,0.04,40.8,23.2,1,32.0,7.8,29.3,82,389.9,89.8,4,0,66.4,231.0,0.33,Coolant Loop Unit
7.4,15430.0,47828.0,131,59.4,63.0,10,4.66,0.51,0.48,47.5,29.6,1,26.1,5.5,35.6,100,393.4,79.6,6,1,28.8,97.0,0.71,X-Ray Tube Anode
3.3,6045.0,23762.0,170,13.5,24.7,2,4.29,0.22,0.2,40.5,23.3,3,31.2,6.4,24.4,71,385.5,86.4,4,2,60.1,202.0,0.37,Coolant Loop Unit
5.0,10990.0,38061.0,173,36.9,49.2,6,4.81,0.46,0.35,45.6,29.3,0,29.2,5.5,31.9,97,403.8,79.2,3,2,47.3,159.0,0.52,Coolant Loop Unit
3.8,6906.0,20354.0,44,14.5,27.4,3,4.31,0.27,0.2,42.2,25.9,0,30.5,6.7,23.9,72,395.4,85.9,6,1,60.7,202.0,0.39,Coolant Loop Unit
4.6,10792.0,29028.0,91,32.7,43.8,7,4.28,0.35,0.3,46.4,27.4,2,26.9,6.3,30.7,91,398.4,83.2,6,1,43.4,142.0,0.55,Coolant Loop Unit
8.8,17665.0,66489.0,161,74.5,71.9,13,5.29,0.82,0.53,44.9,29.8,2,24.1,4.8,37.7,102,400.7,69.0,12,1,12.8,55.0,0.86,X-Ray Tube Anode
3.9,7161.0,21792.0,60,26.6,36.3,4,4.63,0.31,0.16,37.4,28.8,1,29.4,7.1,32.8,91,402.4,86.7,7,0,62.2,207.0,0.34,Coolant Loop Unit
7.0,15513.0,54152.0,93,63.9,69.1,12,5.1,0.67,0.38,40.7,31.4,2,24.6,5.0,36.4,105,384.8,71.6,10,1,22.4,78.0,0.82,X-Ray Tube Anode
6.0,12417.0,39813.0,83,64.2,72.6,11,4.71,0.66,0.35,42.7,31.6,2,24.9,5.2,39.6,105,403.1,79.2,8,2,22.6,76.0,0.71,X-Ray Tube Anode
8.1,20181.0,56476.0,83,78.4,65.0,15,5.37,0.75,0.56,46.8,31.6,1,25.4,5.3,39.7,118,396.8,69.7,15,4,5.0,22.0,0.95,X-Ray Tube Anode
11.3,24587.0,83658.0,77,98.0,97.3,21,5.26,1.06,0.63,43.5,32.1,2,21.6,4.5,39.3,106,407.0,58.2,23,3,5.0,18.0,0.95,X-Ray Tube Anode
8.9,17784.0,46078.0,26,71.4,70.2,13,4.98,0.74,0.6,46.2,32.3,1,24.4,5.9,35.8,97,397.4,70.5,13,2,15.4,59.0,0.83,X-Ray Tube Anode
3.0,6825.0,21294.0,21,49.4,58.6,9,4.69,0.6,0.21,43.8,28.6,1,27.2,6.0,36.8,106,395.1,83.8,5,0,44.5,151.0,0.55,X-Ray Tube Anode
0.9,1709.0,5673.0,120,5.0,30.6,3,4.4,0.2,0.08,37.4,26.2,0,33.4,6.8,21.3,65,409.1,98.2,3,1,69.5,238.0,0.32,Coolant Loop Unit
3.5,8554.0,26981.0,130,28.5,39.3,6,4.51,0.31,0.17,40.9,26.5,0,29.9,5.7,31.5,97,392.3,92.1,4,2,48.9,170.0,0.49,Coolant Loop Unit
7.3,15144.0,54868.0,175,65.8,72.8,13,5.06,0.75,0.62,48.3,27.9,0,27.6,5.0,38.9,115,395.9,74.5,15,4,6.6,23.0,0.9,X-Ray Tube Anode
1.1,2385.0,8923.0,108,5.0,17.1,2,4.27,0.17,0.31,36.1,25.5,0,30.9,6.9,25.5,79,392.6,100.0,4,0,70.7,243.0,0.28,Coolant Loop Unit
6.2,11395.0,41668.0,158,50.1,48.3,8,4.79,0.5,0.29,41.0,25.1,1,31.1,5.4,31.0,89,396.3,79.5,8,2,33.9,117.0,0.61,X-Ray Tube Anode
7.4,15451.0,39527.0,27,61.3,66.1,11,4.79,0.67,0.56,50.4,28.5,0,27.8,6.5,35.6,95,413.5,72.4,15,1,17.2,51.0,0.81,X-Ray Tube Anode
4.3,10350.0,28888.0,71,48.3,61.2,8,5.05,0.48,0.32,38.5,28.7,2,30.0,6.2,31.8,83,390.3,81.4,5,4,31.0,109.0,0.68,X-Ray Tube Anode
9.4,22140.0,73169.0,148,79.5,83.5,16,4.93,0.9,0.77,54.2,29.1,0,25.2,4.8,40.7,114,398.0,65.9,14,5,5.0,23.0,0.95,X-Ray Tube Anode
1.7,3378.0,13180.0,50,14.9,33.3,7,4.44,0.27,0.17,33.6,24.3,1,30.6,6.3,25.5,74,406.3,93.4,8,0,59.8,203.0,0.43,Coolant Loop Unit
1.4,2671.0,10024.0,95,14.4,30.6,2,4.43,0.23,0.13,37.9,26.0,1,30.7,7.2,24.3,75,398.2,93.4,3,0,68.3,231.0,0.32,Coolant Loop Unit
8.9,21051.0,79230.0,23,85.3,76.3,17,5.4,0.93,0.41,45.7,30.6,3,24.3,6.4,37.9,99,403.1,70.2,14,3,5.0,18.0,0.96,X-Ray Tube Anode
6.2,15193.0,44894.0,141,62.0,73.0,13,5.15,0.58,0.38,42.5,30.4,1,26.2,4.9,36.8,105,395.7,73.3,10,2,18.9,74.0,0.8,X-Ray Tube Anode
8.4,15712.0,49400.0,81,72.5,67.1,17,5.05,0.71,0.47,52.8,28.7,1,25.0,5.3,32.0,96,399.1,66.3,11,1,12.7,42.0,0.86,X-Ray Tube Anode
5.5,11634.0,37299.0,132,33.1,48.1,5,4.68,0.39,0.38,41.8,27.8,1,29.0,5.4,32.1,95,397.9,80.4,5,1,44.5,154.0,0.54,Coolant Loop Unit
3.3,6788.0,18572.0,142,28.2,40.3,5,4.8,0.47,0.13,36.2,26.4,2,30.2,5.9,29.6,81,398.5,85.4,6,2,52.1,176.0,0.48,Coolant Loop Unit
9.9,23901.0,60867.0,20,85.9,82.3,18,5.22,0.82,0.63,49.5,29.4,2,23.1,5.2,41.8,122,409.4,63.8,14,5,5.0,20.0,0.94,X-Ray Tube Anode
9.7,18015.0,70624.0,124,78.1,72.6,15,4.98,0.72,0.57,45.4,30.4,0,24.1,5.0,38.1,108,395.1,61.3,16,3,5.0,11.0,0.96,X-Ray Tube Anode
8.5,16535.0,47307.0,13,59.4,70.9,11,4.86,0.56,0.38,39.0,28.6,2,28.7,5.9,34.7,96,402.5,68.4,8,0,27.3,102.0,0.74,X-Ray Tube Anode
3.6,8445.0,24153.0,3,14.0,31.2,1,4.17,0.27,0.29,38.0,27.1,3,32.6,6.9,28.9,87,407.7,85.4,2,1,62.3,214.0,0.4,Coolant Loop Unit
7.3,13379.0,35122.0,175,59.8,70.6,11,4.97,0.61,0.51,48.4,29.9,1,25.1,4.5,37.5,100,404.4,71.6,11,1,24.3,81.0,0.76,X-Ray Tube Anode
4.7,9976.0,38833.0,131,37.8,36.6,7,4.81,0.43,0.35,41.7,30.2,0,30.8,6.3,25.9,78,397.8,83.9,5,1,47.9,162.0,0.53,X-Ray Tube Anode
1.6,3276.0,11040.0,129,16.0,32.6,4,4.37,0.28,0.16,43.7,27.4,1,29.3,6.0,30.1,88,410.8,90.4,3,5,54.8,188.0,0.48,High Voltage Power Supply
11.0,22475.0,78674.0,90,98.0,92.9,21,5.13,0.97,0.49,44.4,33.0,2,22.9,4.6,47.0,125,401.3,64.6,12,7,5.0,27.0,0.96,X-Ray Tube Anode
2.1,4305.0,16648.0,152,20.2,39.0,7,4.6,0.29,0.1,39.3,27.6,2,32.1,6.3,22.9,72,407.0,92.6,5,4,43.6,156.0,0.56,High Voltage Power Supply
11.4,24809.0,74885.0,35,98.0,96.7,20,5.11,1.01,0.88,55.8,30.5,2,21.8,4.8,42.5,115,395.8,57.0,16,3,5.0,16.0,0.93,X-Ray Tube Anode
5.6,10768.0,36959.0,14,42.7,40.0,7,4.48,0.46,0.29,40.0,28.2,2,26.4,6.7,27.9,79,404.7,70.3,5,0,45.4,155.0,0.54,X-Ray Tube Anode
2.6,5785.0,14799.0,141,14.0,19.8,2,4.34,0.22,0.31,39.1,23.1,0,32.7,6.7,23.8,77,405.4,95.7,3,1,65.3,223.0,0.33,Coolant Loop Unit
6.7,15913.0,44240.0,175,61.9,62.8,13,4.98,0.67,0.43,39.2,29.7,0,26.0,5.5,36.5,103,393.9,77.1,9,1,28.4,87.0,0.72,X-Ray Tube Anode
10.5,24578.0,92090.0,50,98.0,79.2,21,5.44,1.03,0.68,51.7,30.4,1,22.5,5.7,44.1,125,410.9,65.4,18,5,5.0,16.0,0.96,X-Ray Tube Anode
8.9,17018.0,62119.0,78,65.1,75.0,11,4.97,0.65,0.55,50.6,30.1,1,23.7,5.2,36.4,98,409.0,69.7,10,0,23.8,82.0,0.75,X-Ray Tube Anode
9.8,18617.0,56335.0,154,73.2,65.7,15,5.34,0.61,0.55,42.4,29.6,1,27.2,4.8,36.9,95,395.7,67.5,15,0,12.9,39.0,0.86,X-Ray Tube Anode
8.1,16053.0,49205.0,3,74.3,71.4,15,5.1,0.8,0.51,45.1,30.7,2,25.2,6.0,33.9,89,388.7,71.6,14,2,5.0,26.0,0.9,X-Ray Tube Anode
8.5,17369.0,57322.0,179,57.1,51.2,10,5.04,0.66,0.45,42.8,28.1,2,28.0,5.2,33.0,95,398.6,70.5,7,2,27.9,89.0,0.71,X-Ray Tube Anode
10.3,21414.0,53542.0,40,90.6,83.9,17,5.41,0.93,0.53,48.3,32.1,3,24.9,6.5,42.8,117,399.2,63.6,15,5,5.0,12.0,0.98,X-Ray Tube Anode
3.4,7672.0,21957.0,164,18.0,30.2,3,4.22,0.28,0.18,38.1,23.2,1,29.0,6.2,20.8,63,395.2,89.7,1,0,68.5,236.0,0.34,Coolant Loop Unit
6.1,11274.0,31707.0,51,48.3,44.7,10,4.75,0.51,0.31,45.7,30.9,1,27.1,7.4,25.9,71,396.2,80.2,7,0,40.1,138.0,0.63,X-Ray Tube Anode
3.0,5553.0,15969.0,1,22.0,32.1,3,4.78,0.32,0.18,37.8,26.2,2,28.1,7.8,26.8,78,406.6,89.5,6,1,59.8,201.0,0.41,Coolant Loop Unit
11.9,24598.0,91230.0,104,98.0,86.4,24,5.3,1.02,0.79,48.6,33.0,1,23.4,3.9,44.4,118,412.8,60.2,23,3,5.0,22.0,0.97,X-Ray Tube Anode
11.4,25984.0,75861.0,161,95.8,96.9,20,5.25,0.97,0.75,50.1,33.1,1,24.4,3.9,43.7,124,406.3,62.2,16,4,5.0,18.0,0.94,X-Ray Tube Anode
1.0,1845.0,5143.0,135,5.0,17.7,3,4.29,0.27,0.14,37.0,22.8,0,32.6,6.8,24.3,77,410.0,94.0,1,3,64.7,229.0,0.34,Coolant Loop Unit
8.6,19374.0,63088.0,117,82.8,78.9,17,5.12,0.77,0.58,49.3,31.7,1,23.8,5.1,42.3,110,400.0,67.0,18,3,5.0,8.0,0.98,X-Ray Tube Anode
11.1,22079.0,83866.0,116,84.2,88.7,15,5.09,0.87,0.55,46.0,33.1,0,24.2,4.7,43.6,116,387.7,62.6,15,5,5.0,14.0,0.93,X-Ray Tube Anode
2.6,6236.0,17848.0,52,31.0,47.5,5,4.5,0.32,0.22,41.1,29.7,3,29.3,5.9,33.9,101,395.6,87.9,5,1,45.5,163.0,0.55,Coolant Loop Unit
7.0,17065.0,44673.0,120,69.9,78.8,13,5.25,0.77,0.52,44.0,34.6,0,23.7,4.3,41.1,115,394.2,75.7,18,0,13.4,48.0,0.9,X-Ray Tube Anode
11.0,22146.0,67203.0,139,85.0,88.9,19,5.2,0.79,0.7,49.5,34.9,0,23.8,4.5,42.2,112,407.9,57.6,16,3,5.0,16.0,0.97,X-Ray Tube Anode
0.9,1746.0,6323.0,155,5.0,23.3,4,4.06,0.08,0.01,32.9,22.1,1,32.6,6.3,25.1,74,383.2,95.2,2,3,67.9,229.0,0.32,Coolant Loop Unit
8.5,17790.0,59169.0,142,71.2,73.8,14,4.83,0.71,0.36,40.4,30.2,1,25.7,5.5,39.7,116,401.2,61.4,10,1,25.9,90.0,0.77,X-Ray Tube Anode
3.9,7715.0,28740.0,86,29.1,32.6,7,4.88,0.38,0.27,44.8,26.4,1,27.9,6.7,23.2,69,398.8,83.5,5,0,51.2,168.0,0.49,X-Ray Tube Anode
11.1,25274.0,99563.0,46,98.0,87.4,19,5.34,0.95,0.75,49.4,31.9,0,24.3,5.6,41.8,107,402.9,60.5,16,3,5.0,10.0,0.95,X-Ray Tube Anode
11.7,27747.0,102360.0,76,98.0,94.8,19,5.44,0.95,0.78,51.0,33.3,1,20.9,5.1,43.3,115,392.4,55.9,17,3,5.0,20.0,0.96,X-Ray Tube Anode
11.4,25798.0,87861.0,10,98.0,88.7,20,5.26,0.97,0.74,54.4,29.4,2,23.8,5.5,40.6,109,409.3,54.1,20,4,5.0,21.0,0.93,X-Ray Tube Anode
6.0,14152.0,45852.0,152,63.9,68.8,13,5.01,0.66,0.5,48.2,31.6,0,23.7,5.5,34.5,94,401.4,75.8,9,0,27.9,100.0,0.69,X-Ray Tube Anode
10.4,21638.0,55396.0,61,83.2,83.1,17,5.42,0.92,0.59,52.9,29.2,3,23.9,5.1,36.9,99,391.0,61.6,19,4,5.0,15.0,0.95,X-Ray Tube Anode
10.2,19500.0,77540.0,18,73.7,66.6,15,4.99,0.8,0.55,48.5,27.6,2,25.0,6.2,34.4,94,392.2,64.8,15,1,6.4,19.0,0.92,X-Ray Tube Anode
4.2,9659.0,29704.0,86,18.8,40.6,4,4.49,0.25,0.31,40.1,25.4,1,31.7,6.5,27.5,73,396.6,84.3,5,0,61.4,209.0,0.36,Coolant Loop Unit
10.0,20590.0,56177.0,137,74.0,71.0,13,4.88,0.87,0.5,52.2,30.4,1,27.2,4.7,39.9,118,404.3,61.1,16,0,11.6,34.0,0.88,X-Ray Tube Anode
0.9,2101.0,7354.0,145,5.0,17.7,2,4.56,0.17,0.09,38.8,21.7,2,31.9,6.3,25.4,77,393.9,99.0,3,1,72.7,251.0,0.26,Coolant Loop Unit
7.4,14637.0,42833.0,128,54.2,65.3,10,4.89,0.54,0.44,44.1,28.2,0,25.8,4.8,34.8,89,404.8,78.5,8,0,33.1,111.0,0.65,X-Ray Tube Anode
3.1,5840.0,19731.0,104,17.6,30.7,2,4.35,0.27,0.34,42.6,27.4,2,31.9,6.2,24.7,74,399.6,85.8,3,0,61.6,209.0,0.38,Coolant Loop Unit
1.9,4707.0,15909.0,141,26.7,43.7,4,4.48,0.37,0.15,38.9,27.1,1,28.7,5.9,28.9,81,411.9,97.8,2,3,57.7,195.0,0.4,Coolant Loop Unit
1.4,2644.0,8379.0,178,5.0,24.5,1,4.18,0.11,0.14,37.3,25.6,0,35.4,6.4,27.0,80,395.3,93.4,2,2,68.5,235.0,0.34,Coolant Loop Unit
8.5,21199.0,79586.0,101,79.2,73.1,14,5.08,0.76,0.69,46.0,28.9,1,23.4,4.8,37.1,101,399.6,70.6,14,6,5.0,18.0,0.98,X-Ray Tube Anode
4.4,10951.0,31731.0,6,45.1,57.7,9,4.37,0.51,0.28,45.9,28.8,0,28.8,6.6,36.7,111,407.0,87.5,6,1,38.7,141.0,0.63,X-Ray Tube Anode
8.8,20812.0,66035.0,85,74.4,73.8,15,5.08,0.75,0.72,50.7,30.7,2,22.5,5.3,38.4,109,393.3,71.8,15,1,5.0,15.0,0.94,X-Ray Tube Anode
1.3,2831.0,9360.0,51,23.8,34.5,5,4.47,0.39,0.27,41.4,24.9,0,29.1,7.3,27.2,76,392.6,93.7,6,3,52.3,187.0,0.49,Coolant Loop Unit
4.1,9095.0,31792.0,36,42.8,42.2,8,4.79,0.52,0.29,47.6,27.0,2,27.0,6.6,27.9,83,390.7,88.4,7,0,41.1,131.0,0.58,X-Ray Tube Anode
6.7,16132.0,59301.0,71,55.2,66.5,9,4.78,0.56,0.44,42.6,27.1,2,26.5,6.4,38.5,103,404.7,77.1,9,0,33.9,118.0,0.67,X-Ray Tube Anode
9.6,19212.0,59406.0,100,85.0,70.2,19,5.1,0.89,0.69,52.2,31.1,2,25.1,5.7,37.7,106,388.4,65.0,18,4,5.0,9.0,0.96,X-Ray Tube Anode
4.2,8862.0,30743.0,25,45.2,58.9,7,4.74,0.57,0.35,40.3,28.5,0,27.8,6.3,32.5,95,402.3,82.3,6,0,43.9,144.0,0.58,X-Ray Tube Anode
7.7,17193.0,46868.0,139,59.6,58.9,12,4.67,0.57,0.52,47.3,28.7,1,28.3,5.2,31.9,90,394.4,71.5,11,0,25.1,80.0,0.74,X-Ray Tube Anode
10.7,22316.0,87011.0,44,79.9,78.7,14,5.18,0.77,0.76,52.3,32.7,1,25.0,6.0,40.1,115,394.5,63.8,19,3,5.0,12.0,0.96,X-Ray Tube Anode
7.6,15917.0,48939.0,14,58.8,69.6,14,4.63,0.63,0.58,50.1,31.0,2,24.5,6.0,35.1,95,384.9,71.3,16,0,13.3,42.0,0.88,X-Ray Tube Anode
3.2,6457.0,23209.0,29,14.5,23.2,1,4.54,0.23,0.2,42.9,24.3,1,31.4,7.5,22.9,69,399.2,88.7,3,1,66.2,236.0,0.34,Coolant Loop Unit
0.8,1713.0,4336.0,74,5.0,24.8,5,4.36,0.14,0.12,35.8,23.3,1,34.4,6.9,22.5,66,394.0,94.7,5,1,64.3,214.0,0.36,Coolant Loop Unit
10.5,25166.0,70662.0,50,97.5,93.5,23,5.23,0.96,0.77,56.1,35.2,8,20.4,4.9,41.7,116,398.3,64.9,20,3,5.0,9.0,0.93,X-Ray Tube Anode
0.7,1445.0,4669.0,5,9.8,32.0,0,4.42,0.17,0.09,41.5,23.8,1,32.9,6.9,24.8,73,398.4,93.8,2,0,69.4,238.0,0.31,Coolant Loop Unit
10.6,25913.0,98920.0,110,98.0,89.1,19,5.39,1.0,0.63,48.1,33.6,0,21.0,5.3,41.9,118,413.8,68.8,18,6,5.0,18.0,0.94,X-Ray Tube Anode
6.6,15024.0,49443.0,122,58.9,63.7,12,4.76,0.69,0.38,43.2,27.3,1,25.7,5.3,33.3,92,392.7,76.7,11,1,26.2,100.0,0.71,X-Ray Tube Anode
11.3,26850.0,104577.0,88,98.0,93.8,22,5.07,0.96,0.66,48.0,34.6,0,21.3,4.8,43.1,122,404.0,57.5,18,4,5.0,17.0,0.94,X-Ray Tube Anode
9.7,21206.0,68404.0,57,74.4,78.9,14,5.14,0.89,0.65,48.5,33.0,1,22.5,5.7,37.6,107,397.2,63.6,14,1,7.7,15.0,0.93,X-Ray Tube Anode
12.0,28092.0,90897.0,26,98.0,93.8,20,5.26,1.08,0.7,46.9,30.4,1,24.9,5.8,42.4,118,404.7,54.0,18,3,5.0,15.0,0.94,X-Ray Tube Anode
4.5,8211.0,22003.0,6,37.4,43.3,7,4.81,0.5,0.28,43.6,27.9,0,24.4,6.8,30.8,93,398.5,86.2,4,0,52.3,176.0,0.47,X-Ray Tube Anode
9.3,22121.0,81937.0,144,83.6,88.4,19,5.2,0.88,0.79,46.2,33.2,0,24.1,3.5,44.0,120,414.2,67.3,18,3,5.0,11.0,0.91,X-Ray Tube Anode
5.1,9364.0,26879.0,60,28.6,38.7,4,4.44,0.46,0.41,42.0,27.7,0,30.2,6.8,26.7,77,399.5,82.1,5,3,51.1,171.0,0.51,Coolant Loop Unit
6.0,14583.0,56135.0,100,70.8,60.0,13,5.32,0.72,0.29,41.3,29.8,2,24.7,5.9,34.0,94,400.8,79.2,9,1,25.5,86.0,0.72,X-Ray Tube Anode
7.7,19247.0,74415.0,12,79.0,72.5,14,5.23,0.77,0.46,49.0,29.3,2,21.9,5.9,38.5,102,409.5,69.8,10,3,9.3,31.0,0.91,X-Ray Tube Anode
10.5,21156.0,82826.0,75,87.8,74.0,17,4.71,0.86,0.55,45.5,30.6,2,24.5,5.7,39.2,112,397.1,61.2,15,4,5.0,10.0,0.94,X-Ray Tube Anode
11.8,23010.0,75482.0,3,95.6,79.3,18,5.27,0.91,0.57,48.8,34.0,1,21.5,5.9,39.3,109,408.3,52.1,16,3,5.0,20.0,0.96,X-Ray Tube Anode
9.3,21805.0,76657.0,63,77.6,69.9,15,4.92,0.8,0.5,45.7,28.7,0,24.2,5.6,40.5,116,409.5,72.2,10,4,6.0,29.0,0.94,X-Ray Tube Anode
5.3,10487.0,38465.0,134,53.9,48.8,10,4.73,0.6,0.33,45.1,28.3,1,29.0,6.4,29.1,84,395.6,76.4,9,2,29.2,101.0,0.7,X-Ray Tube Anode
5.3,12861.0,34680.0,19,48.2,57.5,10,4.76,0.54,0.45,46.0,30.6,0,29.2,6.4,34.1,97,406.4,78.5,7,0,40.0,142.0,0.61,X-Ray Tube Anode
9.0,16815.0,57194.0,18,73.8,63.2,14,5.14,0.76,0.57,50.1,28.1,2,24.9,7.0,33.7,90,392.3,66.9,13,1,13.3,46.0,0.87,X-Ray Tube Anode
3.2,6129.0,15638.0,80,36.2,39.4,9,4.67,0.43,0.18,37.2,24.6,0,28.6,6.6,30.3,90,401.7,88.4,6,3,45.6,150.0,0.52,X-Ray Tube Anode
1.8,4400.0,14285.0,171,18.3,24.6,5,4.58,0.35,0.15,35.2,23.1,0,27.5,6.0,25.2,78,394.8,93.1,5,1,64.0,219.0,0.38,Coolant Loop Unit
4.6,10400.0,28416.0,73,32.1,33.8,6,4.68,0.42,0.36,43.9,26.6,0,27.0,6.0,31.6,92,399.5,84.4,9,0,48.6,163.0,0.54,Coolant Loop Unit
3.8,9100.0,25248.0,131,16.5,26.9,2,4.48,0.29,0.28,39.8,23.3,3,30.5,7.0,24.9,74,405.5,91.7,4,1,57.5,190.0,0.41,Coolant Loop Unit
3.9,7921.0,24139.0,126,31.4,43.4,7,4.61,0.39,0.33,42.3,27.0,4,31.0,6.4,30.9,89,409.0,86.5,8,1,40.0,136.0,0.57,Coolant Loop Unit
3.2,7245.0,22811.0,72,31.0,51.0,7,4.76,0.3,0.28,42.1,30.2,1,29.1,6.6,30.8,86,381.3,84.6,5,1,48.5,169.0,0.54,Coolant Loop Unit
1.0,2181.0,7490.0,38,5.0,31.0,2,4.21,0.05,0.08,40.4,25.6,2,33.5,7.7,25.7,72,393.0,100.0,3,3,62.2,210.0,0.36,Coolant Loop Unit
0.7,1568.0,4095.0,68,7.4,32.7,1,4.24,0.27,0.01,37.6,24.8,2,33.0,7.6,24.3,71,410.9,100.0,1,0,79.3,279.0,0.23,Coolant Loop Unit
11.9,27012.0,87938.0,172,98.0,82.1,21,5.09,0.96,0.89,52.5,32.0,0,22.5,3.6,42.8,117,400.0,58.5,18,5,5.0,22.0,0.97,X-Ray Tube Anode
5.4,11938.0,33114.0,80,55.7,54.3,11,5.03,0.57,0.31,38.5,28.4,3,27.2,5.4,29.3,89,399.7,81.8,7,2,30.7,102.0,0.69,X-Ray Tube Anode
4.9,10333.0,34729.0,42,39.5,39.2,9,4.66,0.47,0.35,47.9,27.4,2,29.4,6.8,26.9,76,407.9,79.7,6,0,46.9,157.0,0.53,X-Ray Tube Anode
8.3,16575.0,57285.0,64,65.9,71.7,12,5.43,0.72,0.34,37.7,33.0,3,24.5,6.1,35.5,102,380.4,73.0,10,2,17.3,70.0,0.81,X-Ray Tube Anode
3.0,7037.0,23470.0,78,26.7,30.1,3,4.46,0.37,0.24,38.9,26.2,2,30.5,7.0,29.3,86,392.0,85.9,2,1,61.5,207.0,0.39,Coolant Loop Unit
11.4,22374.0,80712.0,127,89.8,84.0,24,5.29,1.0,0.65,51.3,35.1,10,22.8,4.9,39.7,114,407.9,57.0,19,3,5.0,19.0,0.96,X-Ray Tube Anode
9.5,21802.0,65481.0,105,83.1,73.1,16,5.28,0.92,0.64,54.1,31.5,0,24.3,5.1,37.2,106,386.6,67.7,13,6,5.0,19.0,0.96,X-Ray Tube Anode
1.5,3000.0,10945.0,76,7.9,20.4,2,4.13,0.13,0.37,42.6,23.3,0,31.5,6.9,21.7,67,400.3,96.7,3,0,69.0,226.0,0.32,Coolant Loop Unit
5.3,11865.0,37364.0,165,43.8,60.5,7,4.78,0.54,0.32,42.0,32.7,2,28.7,5.2,35.8,97,383.5,77.7,4,3,34.6,109.0,0.68,Coolant Loop Unit
10.6,24646.0,79516.0,132,98.0,93.7,26,5.38,0.96,0.77,49.4,33.1,3,24.2,4.3,43.5,119,395.7,60.7,23,4,5.0,21.0,0.95,X-Ray Tube Anode
11.4,22196.0,77067.0,130,82.0,84.1,16,5.14,0.83,0.68,50.4,30.5,1,22.4,4.5,40.6,106,409.0,58.2,15,4,5.0,12.0,0.98,X-Ray Tube Anode
5.9,10822.0,27352.0,122,39.7,49.2,9,4.85,0.4,0.28,37.8,31.4,2,24.4,6.2,35.4,95,385.1,81.6,9,0,40.4,137.0,0.6,X-Ray Tube Anode
7.6,14290.0,49744.0,44,71.6,77.6,12,4.92,0.66,0.5,43.7,30.2,0,24.5,5.6,39.0,109,397.4,71.5,9,3,11.9,33.0,0.89,X-Ray Tube Anode
2.4,5385.0,18458.0,102,28.7,43.0,4,4.59,0.36,0.18,41.3,26.0,2,28.7,6.5,30.7,89,407.1,89.6,5,1,54.4,183.0,0.46,Coolant Loop Unit
11.9,28492.0,84473.0,62,98.0,97.5,22,5.59,0.93,0.88,53.1,32.9,1,19.8,4.8,45.4,128,393.1,61.4,20,9,5.0,18.0,0.96,X-Ray Tube Anode
3.2,5795.0,15234.0,1,30.1,36.7,9,4.46,0.42,0.36,45.7,26.7,3,29.0,7.6,24.9,74,402.6,83.7,7,0,50.3,161.0,0.5,X-Ray Tube Anode
11.3,26243.0,69187.0,17,98.0,90.5,22,5.33,0.97,0.76,51.3,34.3,1,24.0,5.0,41.4,115,414.5,57.5,19,4,5.0,17.0,0.97,X-Ray Tube Anode
8.0,16252.0,63137.0,16,64.2,68.7,12,5.32,0.69,0.46,41.0,26.3,0,27.7,5.6,34.3,91,405.8,63.6,10,1,21.3,73.0,0.74,X-Ray Tube Anode
7.5,15989.0,56503.0,9,58.3,58.7,10,4.97,0.69,0.56,50.8,30.4,0,27.4,6.4,30.8,79,401.7,66.0,11,2,23.4,77.0,0.76,X-Ray Tube Anode
6.4,15671.0,42166.0,59,56.1,66.9,12,4.8,0.53,0.58,43.8,29.2,0,28.7,6.2,35.6,104,412.8,74.8,13,1,22.1,70.0,0.75,X-Ray Tube Anode
3.2,6407.0,19447.0,119,27.4,48.8,4,4.65,0.31,0.15,36.5,27.2,1,30.8,5.8,31.6,87,401.2,82.8,4,1,54.8,184.0,0.48,Coolant Loop Unit
2.5,5378.0,18225.0,137,14.7,30.2,4,4.29,0.24,0.16,37.9,28.2,0,30.1,7.2,25.1,77,398.9,86.4,2,1,66.6,225.0,0.31,Coolant Loop Unit
3.0,5493.0,20618.0,140,30.8,39.3,6,4.33,0.39,0.25,43.5,27.0,1,31.2,5.7,29.9,87,391.6,82.2,8,0,50.7,182.0,0.48,Coolant Loop Unit
2.6,4910.0,12597.0,119,30.7,40.9,4,4.77,0.43,0.17,37.2,27.6,1,28.1,6.1,28.8,83,406.8,88.8,5,0,60.9,206.0,0.38,Coolant Loop Unit
9.5,18751.0,53532.0,41,74.7,79.3,13,4.93,0.82,0.47,42.6,31.4,1,22.3,4.9,42.4,114,416.3,67.9,8,1,13.2,43.0,0.84,X-Ray Tube Anode
4.5,8236.0,31581.0,143,42.1,52.3,8,5.07,0.48,0.31,42.4,29.4,0,29.9,6.2,30.9,92,382.9,83.0,5,0,48.8,165.0,0.51,X-Ray Tube Anode
1.2,2612.0,6567.0,66,7.2,15.9,3,4.21,0.18,0.17,38.2,26.3,1,33.8,7.4,23.5,70,393.3,97.7,1,1,75.6,259.0,0.2,Coolant Loop Unit
11.6,24436.0,68472.0,75,92.0,85.3,18,5.62,0.94,0.67,48.4,28.5,3,23.5,4.2,43.6,119,399.3,54.3,16,3,5.0,19.0,0.98,X-Ray Tube Anode
10.7,23286.0,91713.0,11,98.0,78.9,21,5.17,0.91,0.68,50.5,33.1,2,21.4,5.8,33.9,99,393.0,66.9,17,4,5.0,19.0,0.96,X-Ray Tube Anode
11.2,21470.0,73429.0,8,98.0,94.2,20,5.53,0.97,0.58,44.1,35.6,1,22.3,4.4,41.1,114,406.4,59.6,18,3,5.0,20.0,0.93,X-Ray Tube Anode
11.9,23968.0,69328.0,134,98.0,85.2,20,5.45,0.99,0.6,43.1,33.0,0,20.6,5.1,37.7,105,404.9,53.5,16,4,5.0,10.0,0.96,X-Ray Tube Anode
2.5,5661.0,14722.0,148,25.3,37.2,4,4.63,0.35,0.16,45.0,25.4,0,30.0,5.7,29.2,86,403.2,89.9,3,1,59.7,206.0,0.41,Coolant Loop Unit
5.1,12519.0,31827.0,167,57.0,65.9,12,5.03,0.57,0.39,43.9,28.2,2,27.3,5.0,34.3,101,414.7,82.4,10,3,19.9,69.0,0.78,X-Ray Tube Anode
9.2,16921.0,48514.0,99,70.2,60.0,13,4.97,0.67,0.38,44.0,32.7,0,23.5,5.5,36.6,102,402.6,69.1,9,0,30.2,100.0,0.71,X-Ray Tube Anode
8.5,20608.0,78769.0,72,93.7,78.7,22,5.13,0.93,0.57,45.1,30.1,0,25.1,5.3,37.2,103,395.7,73.1,20,4,5.0,18.0,0.95,X-Ray Tube Anode
2.3,5002.0,15626.0,113,23.5,34.4,6,4.47,0.41,0.19,41.9,28.4,1,30.0,6.8,27.2,76,390.8,91.4,3,0,59.6,202.0,0.43,Coolant Loop Unit
9.9,21689.0,77656.0,107,93.2,79.8,22,5.35,0.9,0.72,49.3,32.2,0,22.7,4.9,38.0,106,403.8,64.2,19,4,5.0,17.0,0.94,X-Ray Tube Anode
3.1,6625.0,25688.0,34,17.4,28.9,4,4.34,0.32,0.2,31.1,28.5,0,31.5,7.5,25.9,76,391.0,89.3,2,2,65.9,225.0,0.31,Coolant Loop Unit
3.1,5682.0,17684.0,57,20.9,44.6,3,4.49,0.37,0.1,35.5,26.9,3,30.5,5.5,30.0,84,405.9,92.0,1,3,56.6,184.0,0.45,Coolant Loop Unit
6.7,12435.0,34656.0,117,56.3,65.9,10,4.92,0.61,0.36,42.2,27.5,0,26.2,4.9,35.7,100,396.2,73.4,10,2,27.7,95.0,0.72,X-Ray Tube Anode
7.3,16252.0,53238.0,120,70.8,77.2,14,4.91,0.7,0.44,44.1,31.3,1,26.9,5.0,37.9,110,383.7,70.8,8,1,17.5,63.0,0.82,X-Ray Tube Anode
7.2,14619.0,56462.0,147,65.7,74.7,13,5.05,0.72,0.48,45.1,28.7,1,26.1,4.6,36.9,103,408.1,73.6,10,1,18.3,63.0,0.82,X-Ray Tube Anode
1.6,3790.0,14049.0,71,16.1,28.1,3,4.35,0.25,0.12,35.8,29.4,0,24.9,7.5,25.3,75,404.6,96.9,3,1,66.1,221.0,0.32,Coolant Loop Unit
10.6,22078.0,57374.0,159,83.1,74.1,19,5.09,0.8,0.42,42.1,31.8,1,24.2,5.1,37.0,101,406.4,60.4,14,3,5.0,13.0,0.94,X-Ray Tube Anode
3.6,6754.0,23903.0,40,26.5,33.3,4,4.64,0.31,0.53,45.7,27.2,0,26.8,7.6,30.5,89,387.6,88.8,7,0,57.6,197.0,0.41,Coolant Loop Unit
2.0,4576.0,15366.0,142,18.7,39.7,4,4.31,0.29,0.18,34.1,27.9,0,33.3,6.1,32.0,90,410.7,93.3,7,2,57.6,200.0,0.42,Coolant Loop Unit
10.7,21499.0,83010.0,103,87.9,85.1,17,5.19,0.94,0.63,43.0,31.2,1,24.2,4.6,41.1,117,414.9,60.2,15,3,5.0,24.0,0.97,X-Ray Tube Anode
11.5,24908.0,66847.0,124,91.9,79.0,18,5.31,0.91,0.59,48.3,31.3,2,23.8,5.2,38.8,115,392.2,57.0,17,4,5.0,21.0,0.93,X-Ray Tube Anode
10.4,23833.0,78675.0,123,93.2,82.8,21,5.52,0.94,0.57,47.8,32.1,3,24.0,4.4,40.9,115,403.1,63.6,18,3,5.0,20.0,0.93,X-Ray Tube Anode
9.8,23839.0,91045.0,100,94.6,86.4,19,5.36,0.99,0.68,52.6,35.3,5,19.2,4.8,44.8,119,396.9,61.2,19,4,5.0,4.0,0.98,X-Ray Tube Anode
8.0,18919.0,58934.0,165,57.7,61.0,13,4.97,0.61,0.58,47.0,27.6,0,27.7,5.3,39.1,111,396.7,74.9,13,2,13.2,42.0,0.85,X-Ray Tube Anode
6.8,15539.0,50081.0,172,68.8,75.9,14,4.98,0.7,0.52,42.9,30.0,0,24.0,4.4,35.7,103,402.2,79.6,16,0,16.0,56.0,0.84,X-Ray Tube Anode
1.5,3414.0,8897.0,137,15.0,28.1,1,4.37,0.2,0.16,32.7,24.8,0,30.7,7.4,27.3,78,395.3,93.3,2,2,70.7,237.0,0.31,Coolant Loop Unit
5.2,12796.0,37330.0,58,53.3,65.5,13,4.83,0.54,0.3,38.8,28.8,1,27.7,6.2,34.6,103,398.6,86.7,8,1,30.7,100.0,0.71,X-Ray Tube Anode
4.8,9606.0,28690.0,148,34.3,42.8,7,4.66,0.54,0.11,38.6,25.0,1,28.9,5.5,28.5,85,415.9,83.0,6,2,46.4,152.0,0.51,Coolant Loop Unit
3.5,6280.0,24602.0,109,29.8,45.8,6,4.51,0.36,0.21,43.9,23.4,1,27.7,6.5,32.2,92,389.7,85.3,5,1,51.0,182.0,0.48,Coolant Loop Unit
8.8,17554.0,51327.0,121,63.6,73.1,11,5.16,0.74,0.48,45.6,28.0,0,27.2,5.8,37.6,105,402.7,67.0,7,2,27.5,87.0,0.69,X-Ray Tube Anode
6.2,12111.0,38649.0,92,43.0,58.3,6,4.66,0.57,0.27,37.3,30.6,0,28.4,5.3,37.0,101,418.4,76.7,3,0,51.0,172.0,0.51,Coolant Loop Unit
1.4,3241.0,11366.0,50,18.0,23.7,6,4.16,0.25,0.2,36.8,24.8,0,29.5,7.8,25.0,73,400.4,92.4,7,0,62.7,210.0,0.39,Coolant Loop Unit
3.0,6803.0,18662.0,148,30.1,35.2,5,4.97,0.39,0.11,34.8,27.5,0,28.2,5.6,28.8,87,405.7,85.9,5,0,61.0,203.0,0.41,Coolant Loop Unit
8.4,18515.0,59798.0,105,63.8,64.2,12,4.92,0.68,0.59,46.8,28.8,2,25.9,5.6,38.7,101,393.9,73.0,13,0,20.0,70.0,0.8,X-Ray Tube Anode
1.4,2492.0,8989.0,164,22.6,34.4,3,4.67,0.22,0.01,38.6,26.0,3,33.3,6.1,27.2,77,393.0,93.6,7,0,56.4,196.0,0.43,Coolant Loop Unit
10.3,23769.0,90328.0,117,89.0,85.1,21,5.48,0.82,0.69,53.9,34.6,4,25.1,4.5,39.5,108,389.3,57.3,20,3,5.0,11.0,0.94,X-Ray Tube Anode
6.2,12552.0,43172.0,27,49.1,63.3,8,4.93,0.54,0.46,44.6,31.9,3,28.1,6.0,38.7,105,400.7,84.7,7,1,30.7,105.0,0.66,X-Ray Tube Anode
6.0,13654.0,47837.0,32,68.6,60.3,18,4.99,0.7,0.39,44.1,30.6,2,28.4,6.0,33.6,101,414.7,79.9,11,2,13.7,46.0,0.87,X-Ray Tube Anode
7.3,16012.0,43063.0,1,47.6,52.3,10,4.81,0.62,0.61,46.1,28.6,1,29.2,6.6,31.8,92,405.1,67.8,15,0,26.1,86.0,0.72,X-Ray Tube Anode
10.0,20366.0,79808.0,17,67.8,61.3,12,4.82,0.7,0.75,46.3,30.1,0,25.9,6.0,33.2,92,401.4,59.7,15,1,11.2,33.0,0.85,X-Ray Tube Anode
4.5,8524.0,23004.0,137,37.6,54.2,6,4.95,0.54,0.3,46.9,29.1,0,26.6,6.1,32.7,97,396.7,78.3,5,0,51.7,181.0,0.51,Coolant Loop Unit
8.3,15483.0,56700.0,84,42.1,58.8,9,4.58,0.46,0.51,39.2,28.8,0,25.4,5.3,35.0,100,396.1,70.3,12,0,32.1,104.0,0.67,Coolant Loop Unit
7.0,16689.0,48350.0,45,50.4,54.9,10,4.77,0.65,0.58,42.2,28.0,1,26.8,7.1,29.4,87,393.3,75.8,12,2,28.4,90.0,0.72,X-Ray Tube Anode
3.6,8723.0,34023.0,66,44.3,43.1,8,4.75,0.52,0.33,47.6,28.9,2,28.1,6.5,27.1,77,394.3,87.3,8,0,42.3,149.0,0.57,X-Ray Tube Anode
10.6,23911.0,85600.0,32,92.4,90.4,19,5.29,0.96,0.72,50.9,30.9,0,26.8,4.5,41.3,112,404.1,60.4,15,3,5.0,18.0,0.97,X-Ray Tube Anode
9.7,18107.0,65741.0,45,90.0,86.9,18,5.18,0.88,0.49,42.4,34.7,2,22.1,5.7,40.8,122,419.5,63.3,10,3,5.0,11.0,0.92,X-Ray Tube Anode
8.1,16802.0,47525.0,9,58.9,58.3,11,5.12,0.66,0.36,45.0,28.6,3,26.9,6.4,34.0,101,406.9,71.2,7,0,34.2,116.0,0.67,X-Ray Tube Anode
10.3,23753.0,75169.0,30,92.5,92.5,20,5.45,1.02,0.57,49.9,31.1,1,23.8,4.8,45.9,126,395.9,61.1,17,7,5.0,14.0,0.95,X-Ray Tube Anode
10.5,24570.0,84196.0,84,98.0,98.1,20,5.42,0.97,0.9,50.7,33.0,1,22.6,4.5,49.9,131,393.9,62.5,18,10,5.0,24.0,0.96,X-Ray Tube Anode
8.6,16279.0,59498.0,166,68.9,69.4,14,4.97,0.7,0.51,44.6,29.0,0,28.5,4.6,38.1,105,393.3,71.1,13,0,20.7,69.0,0.78,X-Ray Tube Anode
10.1,18226.0,48408.0,60,70.9,70.9,14,5.21,0.73,0.52,49.0,29.6,1,27.4,6.2,35.6,95,418.3,61.7,13,1,16.3,58.0,0.83,X-Ray Tube Anode
8.5,19585.0,77236.0,1,73.2,67.2,15,5.01,0.84,0.67,47.4,29.2,0,25.4,6.0,31.0,87,407.3,73.3,15,3,5.0,17.0,0.97,X-Ray Tube Anode
8.3,17056.0,65416.0,5,70.1,70.7,14,5.28,0.77,0.44,45.6,29.5,1,24.6,5.7,37.5,104,403.3,65.8,11,1,17.2,66.0,0.81,X-Ray Tube Anode
7.6,15062.0,43762.0,63,71.3,68.7,15,5.07,0.81,0.5,50.2,29.8,0,24.5,5.5,36.3,97,409.2,71.0,10,2,14.3,50.0,0.85,X-Ray Tube Anode
9.2,16564.0,61852.0,164,72.4,66.7,14,5.25,0.77,0.5,38.8,29.9,1,25.3,4.6,36.4,102,405.6,67.0,12,2,13.5,52.0,0.86,X-Ray Tube Anode
2.3,5062.0,16591.0,65,15.2,22.0,7,4.37,0.24,0.22,38.9,25.8,1,30.0,7.7,21.5,68,382.6,86.9,5,1,62.2,214.0,0.35,Coolant Loop Unit
10.6,25467.0,81310.0,78,93.9,80.8,20,5.34,0.97,0.7,51.2,31.3,0,24.4,5.3,38.6,107,391.7,62.3,16,3,5.0,14.0,0.94,X-Ray Tube Anode
10.5,26003.0,77273.0,152,98.0,82.6,20,5.56,1.04,0.67,44.3,32.4,2,21.4,4.0,42.3,112,409.3,63.4,19,5,5.0,17.0,0.95,X-Ray Tube Anode
0.8,1837.0,6192.0,132,5.0,24.3,0,4.59,0.13,0.03,34.1,24.9,1,34.5,6.2,26.2,80,417.4,92.3,4,1,74.7,253.0,0.27,Coolant Loop Unit
10.0,21595.0,77629.0,114,87.6,83.3,18,5.48,0.96,0.56,50.5,32.8,0,24.2,4.7,41.1,114,410.7,61.9,15,4,5.0,14.0,0.94,X-Ray Tube Anode
2.0,3686.0,11486.0,25,21.3,37.0,3,4.59,0.31,0.15,36.1,26.5,0,28.4,6.4,29.5,86,399.7,90.1,2,0,70.4,234.0,0.26,Coolant Loop Unit
4.4,9510.0,32750.0,135,37.5,44.0,6,4.74,0.32,0.18,34.5,26.3,1,31.3,5.5,33.0,95,404.2,79.1,4,0,59.6,209.0,0.4,Coolant Loop Unit
9.1,18698.0,66358.0,141,88.5,80.4,18,5.19,0.94,0.45,48.3,30.3,0,21.9,4.9,40.0,105,392.4,68.0,13,5,5.0,7.0,0.94,X-Ray Tube Anode
2.3,5226.0,18639.0,43,35.1,51.3,6,4.67,0.35,0.2,40.7,28.5,1,31.1,7.2,33.0,99,403.5,90.1,4,1,54.9,193.0,0.43,Coolant Loop Unit
9.9,20528.0,52919.0,57,84.6,78.7,18,5.08,0.9,0.59,47.7,33.4,0,24.3,4.8,38.0,110,402.1,61.6,16,6,5.0,10.0,0.96,X-Ray Tube Anode
10.1,19819.0,75106.0,164,84.9,89.2,16,5.28,0.91,0.59,47.8,32.4,0,26.9,5.4,42.5,115,400.1,62.9,15,4,5.0,20.0,0.96,X-Ray Tube Anode
6.3,11826.0,37693.0,142,40.1,46.9,7,4.75,0.48,0.36,46.0,26.6,1,25.0,6.0,30.0,88,405.5,76.7,5,2,42.4,141.0,0.59,Coolant Loop Unit
0.6,1159.0,3353.0,72,5.0,26.5,3,3.97,0.17,0.28,42.1,24.8,1,32.4,6.6,26.0,86,401.3,90.2,1,1,71.5,235.0,0.29,Coolant Loop Unit
3.8,7099.0,20321.0,27,38.6,38.0,6,4.67,0.5,0.25,42.4,25.7,0,29.2,7.7,22.5,76,377.3,85.5,5,3,45.7,161.0,0.56,X-Ray Tube Anode
7.6,14611.0,47113.0,128,53.8,60.7,10,4.91,0.56,0.41,41.9,28.3,2,26.3,5.7,36.9,105,395.2,70.1,7,0,32.4,98.0,0.68,X-Ray Tube Anode
11.8,29355.0,112436.0,106,98.0,95.6,20,5.36,1.02,0.84,47.7,31.3,1,24.3,4.9,43.9,120,394.6,52.6,18,4,5.0,21.0,0.98,X-Ray Tube Anode
7.8,16393.0,50285.0,165,74.5,81.0,13,5.15,0.83,0.57,49.4,31.4,2,24.2,4.9,41.2,114,398.8,73.9,14,2,5.0,18.0,0.98,X-Ray Tube Anode
3.5,7576.0,27462.0,71,36.3,55.4,8,4.43,0.51,0.25,43.8,29.0,2,30.6,6.6,30.7,86,402.5,84.4,6,0,46.9,165.0,0.54,X-Ray Tube Anode
7.8,18788.0,49700.0,153,65.8,61.7,12,4.87,0.64,0.61,47.7,27.8,0,25.0,4.8,39.0,105,403.4,76.7,11,1,23.0,81.0,0.74,X-Ray Tube Anode
6.7,16754.0,53848.0,67,64.5,66.7,18,5.13,0.7,0.53,49.3,28.7,1,23.4,6.1,36.2,105,398.3,75.7,17,1,12.8,47.0,0.91,X-Ray Tube Anode
9.5,20905.0,83359.0,90,88.8,81.2,20,5.27,0.85,0.58,46.8,30.3,2,22.7,5.2,39.4,108,399.1,65.9,18,6,5.0,21.0,0.94,X-Ray Tube Anode
1.7,4099.0,14983.0,4,8.5,27.2,0,4.35,0.13,0.17,38.4,23.2,1,33.2,7.8,19.8,65,381.2,94.5,4,0,74.7,258.0,0.27,Coolant Loop Unit
9.3,18771.0,52854.0,106,73.6,64.6,16,5.0,0.78,0.68,55.2,28.3,1,27.1,5.3,35.2,98,408.5,72.0,17,2,5.0,19.0,0.96,X-Ray Tube Anode
6.7,13543.0,44045.0,79,60.2,69.3,13,4.93,0.65,0.43,43.6,30.0,1,24.7,5.4,32.3,89,401.4,73.7,11,2,19.5,65.0,0.8,X-Ray Tube Anode
11.6,24097.0,68686.0,96,91.8,92.5,20,4.96,0.98,0.61,47.4,31.1,0,24.1,4.5,43.9,115,398.6,62.1,20,3,5.0,16.0,0.94,X-Ray Tube Anode
4.4,10063.0,31339.0,93,33.5,42.4,4,4.73,0.38,0.29,35.8,26.9,0,29.8,6.7,30.1,90,397.6,82.3,2,1,56.1,191.0,0.43,Coolant Loop Unit
7.8,17708.0,64991.0,74,56.4,55.1,9,5.15,0.6,0.35,44.8,27.6,1,27.5,6.1,34.1,98,388.1,70.8,7,0,37.4,126.0,0.57,X-Ray Tube Anode
11.2,22669.0,82895.0,126,87.6,74.1,17,5.09,0.9,0.67,47.5,29.5,3,26.8,4.9,37.0,96,415.8,59.4,15,3,5.0,28.0,0.93,X-Ray Tube Anode
1.7,3179.0,9034.0,16,18.9,36.9,4,4.29,0.23,0.24,40.7,27.0,0,30.0,7.1,25.9,74,394.8,92.5,5,0,65.3,222.0,0.34,Coolant Loop Unit
11.3,25293.0,98222.0,147,94.2,82.2,19,5.4,0.91,0.62,47.6,30.9,1,21.8,5.1,40.2,107,387.3,58.6,17,4,5.0,11.0,0.95,X-Ray Tube Anode
8.4,15895.0,53865.0,157,63.7,72.8,18,5.19,0.73,0.49,44.4,30.0,1,26.0,5.1,37.0,98,398.6,65.1,11,3,9.1,30.0,0.92,X-Ray Tube Anode
1.3,2823.0,8665.0,116,9.5,30.1,1,4.31,0.16,0.2,39.1,27.6,1,30.7,6.8,22.4,63,400.3,94.3,4,3,57.0,190.0,0.42,Coolant Loop Unit
4.0,9053.0,29447.0,179,30.9,44.5,4,4.39,0.44,0.38,43.2,26.0,0,31.1,5.7,29.2,87,409.0,84.2,4,0,55.5,198.0,0.46,Coolant Loop Unit
8.6,19798.0,67465.0,18,85.9,81.3,18,5.2,0.9,0.68,53.5,34.1,1,22.9,6.2,40.0,111,398.8,72.0,15,4,5.0,17.0,0.95,X-Ray Tube Anode
1.3,2966.0,9907.0,172,25.0,28.4,6,4.35,0.25,0.01,39.8,24.9,1,30.9,5.7,25.5,81,397.9,94.3,3,0,64.4,222.0,0.35,Coolant Loop Unit
7.2,17347.0,56024.0,16,77.4,82.8,17,5.03,0.82,0.55,49.1,30.2,1,24.3,6.1,39.2,111,393.9,68.5,15,4,5.0,20.0,0.95,X-Ray Tube Anode
4.5,9627.0,31358.0,130,32.9,45.6,6,4.55,0.42,0.19,42.9,26.6,3,25.9,6.0,29.4,85,388.0,82.1,6,2,42.0,148.0,0.59,Coolant Loop Unit
7.6,17659.0,48819.0,56,86.6,90.5,18,5.1,0.9,0.44,47.3,33.0,2,23.5,4.8,47.5,127,389.4,73.9,11,9,5.0,18.0,0.95,X-Ray Tube Anode
1.0,2292.0,8523.0,79,17.2,32.8,3,4.29,0.25,0.18,40.4,27.8,1,32.1,6.8,26.7,75,404.4,90.8,2,2,60.2,203.0,0.41,Coolant Loop Unit
10.5,20316.0,67298.0,103,77.6,78.5,15,5.14,0.75,0.6,52.7,32.6,0,24.9,5.0,40.1,116,403.7,55.9,14,5,5.0,17.0,0.96,X-Ray Tube Anode
11.7,21262.0,57334.0,28,78.8,66.3,16,5.18,0.88,0.68,45.9,30.1,2,22.4,6.3,34.2,96,407.7,59.6,16,3,5.0,11.0,0.96,X-Ray Tube Anode
11.6,23275.0,84935.0,5,98.0,91.2,20,5.16,0.98,0.6,46.1,34.8,3,21.2,5.9,42.9,115,398.6,61.1,17,4,5.0,16.0,0.94,X-Ray Tube Anode
9.1,19246.0,75035.0,106,78.4,80.2,15,5.2,0.76,0.68,47.5,28.8,0,24.7,4.6,40.6,112,412.1,69.2,14,9,5.0,26.0,0.94,High Voltage Power Supply
2.0,4455.0,17468.0,22,11.0,33.3,4,4.27,0.22,0.22,39.0,26.4,1,32.0,7.9,21.9,63,392.6,95.1,4,1,64.5,223.0,0.37,Coolant Loop Unit
9.2,22082.0,67427.0,117,87.1,86.4,18,5.35,0.85,0.71,52.7,32.8,4,23.4,4.1,45.5,126,396.5,63.7,16,7,5.0,16.0,0.95,X-Ray Tube Anode
0.8,1516.0,4099.0,100,5.0,18.0,2,4.38,0.1,0.01,31.9,24.6,2,27.7,6.8,22.5,66,399.2,97.0,2,1,77.1,272.0,0.21,Coolant Loop Unit
0.8,1424.0,4668.0,13,5.0,33.0,1,4.18,0.13,0.18,40.5,23.5,0,31.0,8.1,26.2,71,399.1,97.5,1,0,76.6,257.0,0.23,Coolant Loop Unit
4.2,10446.0,27879.0,65,49.9,64.8,10,4.89,0.52,0.3,39.9,28.3,3,27.0,5.3,34.6,100,393.4,87.6,10,1,30.2,104.0,0.71,X-Ray Tube Anode
6.1,11478.0,44774.0,144,52.2,48.0,11,4.7,0.52,0.31,40.7,27.5,0,26.6,5.5,32.4,90,392.1,80.6,7,4,30.8,103.0,0.71,X-Ray Tube Anode
9.4,19982.0,55459.0,86,86.6,89.4,17,5.44,0.92,0.63,49.5,34.4,1,22.4,4.6,44.1,118,381.2,68.4,16,5,5.0,16.0,0.97,X-Ray Tube Anode
8.4,18470.0,53178.0,64,80.5,72.1,18,5.05,0.82,0.59,53.0,33.5,1,22.8,4.7,35.4,96,412.5,67.9,16,5,5.0,19.0,0.95,X-Ray Tube Anode
5.6,12263.0,38137.0,32,41.7,53.0,9,4.75,0.54,0.31,39.7,27.4,2,28.1,6.5,32.8,93,400.1,73.8,6,1,40.0,139.0,0.61,X-Ray Tube Anode
3.6,6784.0,20858.0,80,22.3,32.4,4,4.44,0.26,0.4,43.5,23.9,2,32.2,7.0,25.9,78,397.1,80.1,9,3,46.7,158.0,0.56,Coolant Loop Unit
12.0,22018.0,81291.0,51,98.0,98.0,22,5.22,0.9,0.78,49.0,35.0,1,23.4,5.1,42.3,113,393.7,58.7,20,4,5.0,13.0,0.94,X-Ray Tube Anode
5.4,10121.0,32229.0,79,41.3,41.0,12,4.83,0.48,0.37,40.9,30.8,1,27.2,6.3,32.3,90,400.7,82.6,9,1,36.5,133.0,0.65,X-Ray Tube Anode
5.7,12576.0,34663.0,174,38.5,46.9,8,4.57,0.54,0.42,41.0,29.3,2,29.0,4.8,30.1,89,398.7,76.9,7,1,35.8,122.0,0.66,Coolant Loop Unit
2.4,5195.0,15068.0,106,22.5,34.3,3,4.22,0.33,0.21,40.5,25.0,1,31.3,6.2,27.8,86,413.8,92.7,3,0,65.2,216.0,0.36,Coolant Loop Unit
9.6,18930.0,61781.0,63,81.0,73.2,17,4.74,0.99,0.43,45.8,35.1,5,25.1,5.3,35.5,104,396.1,66.8,11,5,5.0,12.0,0.92,X-Ray Tube Anode
8.5,19044.0,51822.0,76,80.4,79.2,17,5.03,0.84,0.57,49.5,32.5,2,24.8,5.4,37.2,108,397.5,66.1,17,3,5.0,27.0,0.94,X-Ray Tube Anode
3.0,7214.0,24655.0,60,21.4,27.6,4,4.66,0.3,0.25,38.2,24.1,2,34.2,6.9,27.1,83,406.1,91.7,7,1,56.6,205.0,0.42,Coolant Loop Unit
1.4,2647.0,8865.0,65,25.7,42.3,6,4.7,0.22,0.07,38.2,30.0,2,30.0,6.8,28.1,81,405.3,94.9,5,1,55.1,189.0,0.48,Coolant Loop Unit
8.3,17889.0,63902.0,117,59.6,71.3,12,4.81,0.66,0.5,46.4,29.3,3,24.0,4.5,41.2,113,390.4,63.8,11,0,22.3,73.0,0.76,X-Ray Tube Anode
8.0,18321.0,71574.0,81,74.2,78.0,18,5.03,0.78,0.35,42.5,30.4,1,27.0,5.6,38.1,105,404.3,69.5,12,0,17.7,62.0,0.8,X-Ray Tube Anode
3.6,7200.0,27852.0,105,42.7,57.1,8,4.64,0.46,0.15,34.7,29.9,1,29.0,6.0,32.4,94,409.7,89.3,4,2,43.6,147.0,0.54,X-Ray Tube Anode
11.4,23046.0,90322.0,128,96.9,85.0,19,5.16,0.97,0.74,51.7,32.2,2,23.9,4.3,40.5,117,411.6,56.7,17,3,5.0,20.0,0.94,X-Ray Tube Anode
2.2,4988.0,14301.0,71,26.6,35.1,3,4.38,0.34,0.32,42.6,26.3,0,28.0,6.5,26.3,79,390.2,94.3,1,3,55.9,192.0,0.45,Coolant Loop Unit
5.5,13289.0,35844.0,86,44.7,51.7,8,4.88,0.49,0.33,42.5,28.3,1,29.6,6.0,33.2,98,399.7,83.5,4,0,45.9,156.0,0.58,X-Ray Tube Anode
11.4,26869.0,79354.0,154,98.0,79.5,22,5.45,1.09,0.78,53.4,33.2,0,23.7,5.1,40.0,114,391.3,57.0,18,4,5.0,17.0,0.94,X-Ray Tube Anode
5.3,11763.0,45200.0,140,46.8,61.6,8,4.8,0.5,0.45,47.0,25.9,3,26.4,5.2,34.6,94,406.9,77.2,7,1,30.7,103.0,0.68,Coolant Loop Unit
7.8,18127.0,71746.0,71,63.5,57.3,12,4.76,0.68,0.49,42.5,29.3,0,27.2,6.2,34.5,90,401.2,73.5,9,1,27.9,100.0,0.75,X-Ray Tube Anode
5.1,10426.0,39502.0,46,48.6,62.1,9,4.8,0.52,0.38,42.8,29.0,1,27.8,6.1,35.5,107,409.6,82.7,10,0,37.6,127.0,0.66,X-Ray Tube Anode
3.7,8215.0,21894.0,47,26.3,30.1,4,4.17,0.38,0.27,42.4,24.5,0,30.6,7.5,24.5,78,404.3,87.9,3,1,57.5,206.0,0.39,Coolant Loop Unit
11.8,25124.0,98515.0,79,94.9,92.9,20,5.47,0.96,0.82,52.1,32.0,3,22.7,4.9,46.3,126,392.7,57.2,17,8,5.0,28.0,0.94,X-Ray Tube Anode
5.2,10066.0,31556.0,166,43.7,43.6,9,4.76,0.48,0.22,42.6,23.3,0,26.7,5.2,27.6,76,400.7,85.1,8,1,43.6,146.0,0.57,X-Ray Tube Anode
10.8,24704.0,62106.0,149,97.7,79.1,24,5.17,0.88,0.62,48.9,30.3,1,23.0,4.6,41.0,108,394.0,64.0,20,6,5.0,15.0,0.95,X-Ray Tube Anode
3.1,6885.0,21781.0,142,28.9,44.6,6,4.79,0.37,0.26,34.8,29.3,2,30.1,6.3,29.6,82,391.4,86.7,5,0,57.5,195.0,0.47,Coolant Loop Unit
3.0,6052.0,15548.0,130,22.6,31.4,3,4.2,0.29,0.22,42.3,27.0,3,28.9,6.5,27.3,85,395.9,90.8,2,1,60.6,203.0,0.38,Coolant Loop Unit
0.9,2092.0,6936.0,127,19.7,38.1,5,4.52,0.27,0.1,36.9,26.3,1,30.5,5.7,29.0,86,401.5,96.4,5,0,62.2,216.0,0.36,Coolant Loop Unit
8.0,14507.0,43634.0,109,50.6,56.5,8,4.89,0.5,0.48,40.3,26.7,1,27.2,6.5,33.2,90,392.3,66.7,6,0,42.9,152.0,0.56,X-Ray Tube Anode
4.7,9576.0,30740.0,119,34.6,36.4,10,4.43,0.48,0.23,39.3,27.6,3,28.3,6.1,24.4,71,401.0,77.9,8,1,41.5,148.0,0.61,X-Ray Tube Anode
10.4,19208.0,65686.0,101,80.7,85.1,18,5.16,0.87,0.45,41.2,34.2,0,20.5,5.3,41.4,115,389.2,62.4,11,4,5.0,16.0,0.95,X-Ray Tube Anode
5.9,13884.0,52802.0,161,47.6,52.4,8,4.53,0.6,0.38,45.6,29.8,0,28.2,6.0,34.1,103,384.8,76.5,5,0,48.9,165.0,0.54,X-Ray Tube Anode
11.6,26660.0,93118.0,6,98.0,93.3,22,4.95,1.04,0.73,50.9,31.7,2,22.7,5.9,41.2,114,414.3,55.2,19,5,5.0,7.0,0.96,X-Ray Tube Anode
2.6,5351.0,16862.0,126,22.5,35.8,2,4.31,0.33,0.17,36.0,25.0,1,29.5,5.9,30.0,83,396.7,88.6,4,0,66.8,224.0,0.32,Coolant Loop Unit
10.5,23841.0,88908.0,103,98.0,90.7,23,5.28,0.92,0.79,54.8,35.4,2,23.3,5.2,41.8,116,398.4,64.0,18,4,5.0,12.0,0.97,X-Ray Tube Anode
9.4,19589.0,75583.0,37,86.3,76.5,18,5.33,0.97,0.63,50.3,29.4,0,25.6,5.8,37.1,100,397.1,66.9,15,4,5.0,11.0,0.97,X-Ray Tube Anode
9.4,21816.0,58459.0,142,88.0,75.6,16,5.27,0.85,0.67,49.1,31.8,2,23.3,4.4,38.4,110,404.1,66.2,16,5,5.0,15.0,0.98,X-Ray Tube Anode
10.2,21635.0,71349.0,37,81.2,77.7,15,5.19,0.82,0.64,45.4,28.7,2,26.8,5.7,36.7,105,401.3,58.3,14,4,5.0,15.0,0.92,X-Ray Tube Anode
9.3,19323.0,56555.0,8,79.5,74.5,15,5.0,0.85,0.53,44.1,30.5,1,26.9,5.6,38.1,109,407.1,61.0,13,3,6.9,23.0,0.94,X-Ray Tube Anode
7.7,18902.0,48589.0,77,80.1,73.9,15,5.08,0.86,0.49,43.1,31.7,2,22.7,5.6,36.6,103,402.2,76.0,10,4,7.0,31.0,0.91,X-Ray Tube Anode
2.0,3970.0,13905.0,141,18.0,36.0,3,4.28,0.29,0.06,38.6,26.3,2,29.0,6.5,26.4,80,399.8,91.7,1,0,71.1,248.0,0.28,Coolant Loop Unit
0.9,1647.0,6249.0,40,16.5,35.3,1,4.21,0.23,0.04,30.8,27.0,2,27.2,7.5,25.0,76,408.1,98.4,0,2,68.1,226.0,0.31,Coolant Loop Unit
11.1,24499.0,67235.0,107,89.9,73.8,19,5.19,0.88,0.7,50.3,29.0,0,23.0,5.2,38.9,106,397.0,60.6,16,4,5.0,19.0,0.96,X-Ray Tube Anode
7.6,18816.0,69968.0,92,69.7,65.6,15,5.05,0.85,0.46,44.4,28.6,0,25.3,5.3,33.6,96,399.6,70.2,10,2,18.2,58.0,0.83,X-Ray Tube Anode
9.7,19943.0,75388.0,18,88.5,80.2,19,5.18,0.89,0.6,51.2,32.3,2,20.8,5.3,40.9,109,398.0,64.0,16,4,5.0,18.0,0.94,X-Ray Tube Anode
6.0,11130.0,43089.0,57,32.7,34.9,5,4.54,0.39,0.33,43.0,27.2,0,28.0,7.2,27.5,83,410.9,81.4,6,0,53.3,188.0,0.49,Coolant Loop Unit
1.8,3767.0,10918.0,83,10.8,22.2,4,4.43,0.16,0.12,39.2,25.0,0,32.7,7.5,24.1,66,402.7,94.3,2,3,63.4,213.0,0.39,Coolant Loop Unit
1.9,4178.0,16111.0,166,10.9,18.6,2,4.26,0.21,0.25,39.0,25.7,3,31.8,6.7,21.0,59,400.5,89.9,5,0,65.1,216.0,0.35,Coolant Loop Unit
8.4,16041.0,47820.0,32,51.7,66.1,13,4.62,0.57,0.28,37.5,27.4,2,26.5,5.8,36.2,102,382.6,72.3,8,2,29.1,99.0,0.74,X-Ray Tube Anode
5.4,12317.0,40998.0,25,47.8,58.2,9,4.86,0.53,0.35,41.7,28.3,0,29.6,6.2,36.0,107,402.9,77.6,6,1,39.1,140.0,0.61,X-Ray Tube Anode
2.8,7011.0,18058.0,33,34.0,35.6,6,4.65,0.43,0.05,38.4,29.0,2,26.6,6.9,24.6,66,405.6,90.4,6,0,57.0,204.0,0.39,X-Ray Tube Anode
6.2,13022.0,33412.0,88,53.3,47.7,12,4.89,0.67,0.42,46.5,29.7,0,27.6,5.6,31.7,91,407.3,72.5,7,0,36.6,121.0,0.62,X-Ray Tube Anode
1.2,2537.0,9083.0,158,16.5,36.0,2,4.49,0.22,0.18,37.6,27.3,0,30.1,6.2,25.5,79,398.4,94.1,1,0,71.2,243.0,0.28,Coolant Loop Unit
7.2,14964.0,47388.0,104,69.4,67.4,12,5.1,0.73,0.34,39.9,29.9,0,25.6,5.4,35.9,102,405.2,74.6,10,0,26.8,92.0,0.75,X-Ray Tube Anode
3.6,6758.0,19492.0,34,23.9,42.5,6,4.49,0.28,0.13,34.7,28.7,0,29.9,7.4,28.1,82,403.6,84.7,3,0,63.6,209.0,0.34,Coolant Loop Unit
9.7,23390.0,65154.0,102,98.0,97.1,20,5.73,1.0,0.54,46.4,34.3,1,23.7,4.2,43.8,124,383.8,67.5,20,5,5.0,10.0,0.95,X-Ray Tube Anode
4.1,8506.0,29813.0,127,31.3,43.9,5,4.38,0.35,0.28,41.6,25.0,1,31.1,6.0,28.5,82,409.0,81.2,5,2,47.5,163.0,0.57,Coolant Loop Unit
5.7,11878.0,29702.0,69,45.8,45.8,11,4.66,0.49,0.34,46.9,29.0,2,29.3,6.0,31.0,88,398.7,81.2,9,0,37.7,126.0,0.63,X-Ray Tube Anode
0.6,1433.0,5315.0,176,5.0,29.1,2,4.41,0.07,0.07,36.8,24.2,3,30.8,5.9,24.3,73,401.9,97.8,5,1,63.1,208.0,0.4,Coolant Loop Unit
1.3,2812.0,7365.0,40,15.6,40.0,2,4.41,0.25,0.1,38.9,27.9,3,29.9,7.2,28.8,79,395.0,92.0,1,3,61.3,212.0,0.36,Coolant Loop Unit
5.0,11300.0,31495.0,179,42.9,51.6,9,4.83,0.51,0.27,38.7,25.8,2,27.4,5.4,36.0,105,405.6,76.5,7,2,39.3,134.0,0.57,Coolant Loop Unit
6.0,11094.0,34161.0,80,43.7,54.3,7,4.75,0.59,0.44,44.7,30.9,0,25.3,5.7,30.3,80,402.9,82.7,4,4,34.4,117.0,0.62,X-Ray Tube Anode
7.4,17536.0,56593.0,141,68.5,64.7,15,5.23,0.74,0.54,47.3,29.4,2,27.1,4.7,33.8,95,386.7,73.0,14,0,12.6,37.0,0.9,X-Ray Tube Anode
3.9,9475.0,28732.0,31,36.1,42.9,9,4.48,0.4,0.21,39.2,25.5,0,26.5,6.7,26.0,78,394.5,83.9,7,0,48.9,158.0,0.51,X-Ray Tube Anode
8.5,19143.0,57066.0,116,77.8,79.2,18,5.34,0.73,0.5,46.0,30.5,0,23.8,5.1,38.8,106,411.3,68.1,16,4,5.0,14.0,0.94,X-Ray Tube Anode
10.4,25648.0,101204.0,167,98.0,97.2,20,5.55,0.92,0.66,50.0,33.2,3,21.4,4.3,46.7,130,406.4,59.7,18,9,5.0,17.0,0.98,X-Ray Tube Anode
9.5,18047.0,62484.0,63,69.0,70.9,16,4.85,0.66,0.64,50.6,30.5,2,25.0,5.4,39.2,111,397.4,67.8,16,0,5.2,14.0,0.97,X-Ray Tube Anode
1.0,2039.0,5170.0,48,16.7,37.5,1,4.5,0.34,0.16,42.1,28.5,1,28.4,6.6,28.6,82,397.5,96.0,2,2,61.0,202.0,0.4,Coolant Loop Unit
6.0,13385.0,42099.0,87,51.2,49.3,8,4.81,0.58,0.4,36.9,28.0,0,26.4,7.0,30.7,86,392.9,73.7,6,1,43.3,145.0,0.59,X-Ray Tube Anode
1.7,3767.0,14362.0,48,18.1,26.9,2,4.33,0.23,0.29,44.7,22.0,0,34.8,7.2,27.1,76,393.3,93.2,2,0,65.3,222.0,0.34,Coolant Loop Unit
3.3,6833.0,20173.0,61,20.2,34.8,3,4.16,0.23,0.35,37.5,24.3,2,30.7,7.3,25.5,71,401.6,83.6,1,4,50.7,179.0,0.5,High Voltage Power Supply
11.8,24128.0,63741.0,140,93.0,78.6,22,5.16,0.89,0.67,50.8,35.6,6,20.6,4.3,41.5,117,413.1,59.9,19,3,5.0,18.0,0.93,X-Ray Tube Anode
2.1,4040.0,14694.0,78,6.3,27.1,1,4.38,0.13,0.12,44.8,25.5,1,32.2,7.1,28.6,80,397.5,89.2,0,1,75.3,249.0,0.23,Coolant Loop Unit
6.2,12937.0,44104.0,18,66.6,62.4,13,5.12,0.77,0.37,42.9,30.9,3,25.5,6.6,36.4,98,400.2,80.7,10,1,21.9,64.0,0.78,X-Ray Tube Anode
7.6,14562.0,48863.0,155,69.3,74.3,13,5.0,0.72,0.36,43.5,30.5,2,28.2,4.9,36.5,107,394.2,76.8,12,1,14.2,36.0,0.86,X-Ray Tube Anode
8.6,19851.0,51222.0,28,84.2,85.1,20,5.33,0.79,0.72,49.9,30.7,0,23.6,4.8,40.3,106,399.2,67.8,17,4,5.0,19.0,0.97,X-Ray Tube Anode
6.9,13499.0,36591.0,80,71.2,69.1,13,5.2,0.86,0.33,44.2,29.6,2,26.2,5.3,41.1,109,402.7,72.4,10,0,21.8,69.0,0.81,X-Ray Tube Anode
0.6,1127.0,3871.0,16,10.7,21.1,2,4.35,0.14,0.15,39.4,24.7,2,29.9,7.8,21.3,70,415.2,92.4,2,1,69.4,238.0,0.36,Coolant Loop Unit
4.3,9303.0,26157.0,77,35.8,48.0,7,4.52,0.39,0.35,40.7,27.1,0,27.9,5.7,34.5,97,409.4,78.4,8,0,45.8,162.0,0.59,Coolant Loop Unit
6.5,14306.0,46581.0,137,60.2,72.0,12,4.99,0.71,0.41,43.6,33.5,1,24.2,6.1,36.1,103,409.4,71.9,8,3,20.1,71.0,0.82,X-Ray Tube Anode
1.5,3641.0,12077.0,26,25.4,40.3,5,4.58,0.35,0.29,38.1,25.9,0,28.0,7.5,27.2,79,396.4,92.1,6,0,57.7,195.0,0.39,Coolant Loop Unit
4.5,9988.0,29219.0,28,32.9,33.8,6,4.7,0.37,0.19,38.9,24.5,2,30.1,6.6,25.0,79,392.7,75.9,8,2,43.8,158.0,0.59,Coolant Loop Unit
0.9,1801.0,7063.0,105,5.0,13.8,1,4.39,0.08,0.09,35.8,24.9,1,32.5,7.3,19.7,62,400.0,98.1,2,1,74.0,249.0,0.3,Coolant Loop Unit
1.4,3316.0,12479.0,77,16.5,28.0,3,4.19,0.2,0.1,37.6,26.8,1,30.8,7.0,24.6,76,395.1,95.5,2,0,69.2,231.0,0.31,Coolant Loop Unit
5.1,11032.0,39533.0,164,39.4,41.5,9,4.6,0.41,0.42,42.1,27.0,0,26.3,6.2,29.5,83,396.5,82.7,7,1,40.4,139.0,0.56,X-Ray Tube Anode
2.0,3760.0,9839.0,9,5.0,29.8,4,3.98,0.15,0.18,38.3,24.7,2,30.8,6.5,25.2,77,402.2,95.4,5,1,60.6,210.0,0.4,Coolant Loop Unit
7.0,15431.0,41035.0,175,51.8,63.1,12,4.93,0.58,0.32,42.1,26.7,1,27.2,5.1,37.1,110,405.1,70.9,10,4,19.4,53.0,0.82,X-Ray Tube Anode
8.4,20529.0,66498.0,51,79.6,70.9,18,5.12,0.81,0.7,50.6,32.3,1,22.2,5.3,36.6,101,409.6,66.2,18,3,5.0,23.0,0.95,X-Ray Tube Anode
9.7,20165.0,55274.0,76,81.0,73.2,16,5.24,0.83,0.63,49.6,32.1,0,20.8,5.7,33.5,95,404.1,68.4,13,3,5.0,9.0,0.94,X-Ray Tube Anode
2.8,5624.0,22314.0,122,23.1,30.9,8,4.26,0.26,0.12,37.1,25.0,0,32.1,6.1,26.3,79,401.2,87.5,7,1,50.3,161.0,0.5,Coolant Loop Unit
2.4,4611.0,12623.0,32,34.5,52.3,8,4.82,0.43,0.14,35.8,28.4,0,31.0,7.1,30.0,90,393.5,91.7,5,1,55.0,185.0,0.48,X-Ray Tube Anode
1.7,3245.0,10485.0,57,11.3,28.0,3,4.16,0.27,0.03,36.0,25.0,1,33.3,7.3,27.7,79,409.7,86.6,1,1,70.8,235.0,0.3,Coolant Loop Unit
7.8,16443.0,50088.0,54,68.0,70.7,13,5.13,0.7,0.47,44.9,32.9,2,25.1,5.1,39.4,108,406.2,74.8,7,0,26.8,93.0,0.76,X-Ray Tube Anode
8.6,19120.0,66138.0,116,63.5,62.7,12,4.98,0.66,0.57,50.7,28.0,1,25.6,4.5,38.2,103,396.6,69.9,14,0,19.6,68.0,0.83,X-Ray Tube Anode
0.9,1603.0,4317.0,144,6.2,26.9,2,4.25,0.16,0.07,39.9,24.3,1,35.5,6.6,26.5,77,406.8,91.5,4,0,71.9,246.0,0.28,Coolant Loop Unit
11.3,27690.0,87097.0,62,98.0,86.3,23,5.34,1.04,0.75,47.4,31.3,1,24.4,4.9,42.5,115,400.9,64.0,21,4,5.0,23.0,0.97,X-Ray Tube Anode
1.1,2556.0,7443.0,84,5.0,20.3,2,4.16,0.1,0.01,37.1,24.9,1,30.9,7.4,23.6,69,409.1,95.6,2,1,73.0,247.0,0.3,Coolant Loop Unit
6.7,14866.0,56962.0,56,52.0,59.1,9,5.02,0.64,0.47,47.9,29.2,0,29.4,5.9,35.7,110,398.1,81.3,11,0,34.0,117.0,0.66,X-Ray Tube Anode
8.7,20596.0,52744.0,23,86.3,82.2,20,5.24,0.9,0.45,40.8,32.2,0,23.7,6.2,40.6,114,398.4,62.5,12,3,6.0,12.0,0.95,X-Ray Tube Anode
10.5,19519.0,75551.0,17,73.7,67.5,14,4.89,0.76,0.57,49.3,28.8,0,27.5,6.6,34.2,98,387.3,63.3,12,0,17.1,63.0,0.8,X-Ray Tube Anode
8.7,18590.0,69701.0,166,73.5,64.5,16,5.02,0.82,0.4,46.5,32.0,0,26.9,5.2,33.1,93,396.3,66.7,11,0,19.6,64.0,0.8,X-Ray Tube Anode
9.7,21783.0,64180.0,158,91.5,81.4,23,5.32,0.86,0.63,46.1,31.1,2,22.4,4.2,37.4,109,413.3,64.1,19,3,5.0,16.0,0.95,X-Ray Tube Anode
4.4,10481.0,38611.0,78,58.2,59.1,9,5.03,0.65,0.33,41.5,30.9,0,25.9,5.7,32.3,96,421.4,84.0,7,1,36.1,121.0,0.62,X-Ray Tube Anode
9.9,23180.0,59036.0,22,90.9,86.2,20,5.2,0.94,0.7,51.0,37.1,6,22.0,5.5,39.6,108,403.6,59.0,17,3,5.0,17.0,0.95,X-Ray Tube Anode
1.4,2834.0,11195.0,108,25.5,46.1,6,4.43,0.28,0.19,41.0,26.2,1,30.2,5.7,30.6,92,396.1,100.0,3,0,55.4,187.0,0.48,Coolant Loop Unit
10.8,26529.0,87279.0,17,90.4,74.0,19,5.29,0.94,0.84,50.5,31.4,2,21.8,6.3,37.0,106,397.8,66.4,17,4,5.0,6.0,0.96,X-Ray Tube Anode
6.8,12827.0,37902.0,15,52.5,51.6,8,4.96,0.59,0.26,44.3,28.0,2,27.6,6.6,34.8,97,399.6,75.9,7,1,38.8,138.0,0.64,X-Ray Tube Anode
9.9,23882.0,72694.0,114,92.9,78.9,22,5.11,0.93,0.68,43.9,34.5,1,21.8,5.0,40.9,116,397.4,60.4,19,4,5.0,14.0,0.96,X-Ray Tube Anode
5.7,14138.0,36754.0,48,52.3,56.7,14,4.9,0.61,0.59,51.9,28.4,3,26.9,6.1,31.6,91,406.3,78.2,14,1,16.3,54.0,0.87,X-Ray Tube Anode
7.9,15202.0,60565.0,160,66.1,64.8,14,4.92,0.67,0.46,46.9,30.2,0,23.3,5.1,38.9,110,389.0,72.0,9,1,20.6,69.0,0.79,X-Ray Tube Anode
6.6,15109.0,38663.0,113,58.7,65.7,12,4.86,0.64,0.39,41.6,30.2,0,25.9,5.5,35.4,108,400.3,74.0,8,0,29.3,102.0,0.69,X-Ray Tube Anode
8.9,16295.0,56746.0,168,49.0,49.1,8,5.09,0.53,0.48,48.1,27.7,1,31.0,5.3,33.1,100,414.7,70.4,5,0,39.0,130.0,0.63,X-Ray Tube Anode
1.4,2998.0,9486.0,97,5.0,25.4,1,4.23,0.11,0.1,34.0,26.2,1,32.4,6.8,25.5,81,408.4,94.4,1,3,68.9,240.0,0.28,Coolant Loop Unit
1.2,2581.0,10126.0,91,16.1,38.9,3,4.51,0.27,0.02,35.9,26.8,0,30.2,6.3,28.5,74,416.4,94.6,2,1,65.7,233.0,0.35,Coolant Loop Unit
3.3,7373.0,21154.0,16,16.4,39.7,3,4.5,0.24,0.32,42.7,27.5,0,31.3,6.9,30.8,77,399.0,89.6,3,1,58.8,208.0,0.37,Coolant Loop Unit
2.3,5732.0,18906.0,156,28.9,49.4,5,4.37,0.29,0.25,41.2,28.3,0,31.3,5.6,30.6,85,394.9,85.7,6,2,46.7,160.0,0.52,Coolant Loop Unit
10.5,23899.0,77039.0,98,96.6,93.1,21,5.08,0.88,0.58,45.3,32.3,2,21.5,3.7,44.8,123,402.5,59.8,22,4,5.0,14.0,0.96,X-Ray Tube Anode
3.0,6455.0,22945.0,111,24.5,45.2,5,4.62,0.36,0.21,38.2,27.0,1,32.5,6.7,27.8,85,393.9,88.1,6,1,54.9,184.0,0.43,Coolant Loop Unit
11.7,27744.0,72191.0,1,98.0,83.3,23,5.21,0.92,0.74,51.8,32.8,2,20.7,6.1,40.4,105,395.9,55.7,19,4,5.0,15.0,0.94,X-Ray Tube Anode
4.4,10784.0,30096.0,41,47.3,47.0,9,4.52,0.54,0.21,37.4,28.5,2,27.1,6.7,30.9,94,398.3,79.4,7,1,41.0,135.0,0.56,X-Ray Tube Anode
2.6,4710.0,13291.0,48,9.4,16.7,0,4.47,0.19,0.06,37.2,25.9,1,30.8,7.9,21.5,66,409.8,86.4,3,0,76.7,263.0,0.25,Coolant Loop Unit
9.6,23837.0,85984.0,159,95.7,91.1,20,5.2,0.94,0.58,46.0,35.7,3,23.5,3.7,44.2,125,407.5,65.5,17,5,5.0,16.0,0.97,X-Ray Tube Anode
8.1,15022.0,41817.0,164,51.0,64.4,10,4.7,0.66,0.45,47.8,29.0,0,25.6,4.4,36.4,103,404.1,71.5,10,2,25.9,88.0,0.74,Coolant Loop Unit
6.2,14764.0,49610.0,108,60.4,56.0,13,5.22,0.65,0.41,48.6,28.9,1,28.1,5.1,34.7,98,400.8,84.1,8,1,27.3,91.0,0.77,X-Ray Tube Anode
6.9,13747.0,38807.0,161,60.2,64.9,12,4.67,0.68,0.34,41.6,29.5,3,26.1,5.3,37.2,113,414.1,78.1,7,0,30.5,106.0,0.69,X-Ray Tube Anode
8.8,16599.0,62951.0,161,67.7,72.3,15,4.82,0.72,0.46,47.9,29.0,2,26.1,4.9,35.8,101,403.5,65.0,10,3,6.8,24.0,0.91,X-Ray Tube Anode
3.1,6592.0,25796.0,103,31.2,50.4,6,4.51,0.37,0.29,40.6,28.9,2,30.6,6.2,30.9,95,392.7,91.8,4,2,47.3,159.0,0.5,Coolant Loop Unit
12.0,26914.0,88218.0,128,98.0,91.5,23,5.34,0.98,0.8,49.7,34.2,0,22.6,4.9,42.3,115,401.4,57.3,18,6,5.0,16.0,0.95,X-Ray Tube Anode
11.7,24201.0,73292.0,151,96.3,96.8,19,5.22,1.04,0.78,50.8,32.0,2,24.6,3.2,47.3,127,392.5,57.6,16,7,5.0,16.0,0.96,X-Ray Tube Anode
8.0,14666.0,41815.0,30,56.8,56.6,10,4.71,0.67,0.42,44.6,28.2,1,28.6,6.0,35.6,97,395.9,69.0,11,0,32.1,112.0,0.73,X-Ray Tube Anode
2.8,6203.0,15971.0,45,22.4,32.7,3,4.7,0.4,0.34,37.2,25.2,0,34.6,6.8,27.2,75,411.1,84.5,2,4,53.9,179.0,0.44,High Voltage Power Supply
8.3,20238.0,58746.0,80,74.5,73.0,14,5.13,0.78,0.62,50.5,28.5,2,27.2,5.8,37.8,104,402.5,69.9,12,1,8.9,28.0,0.9,X-Ray Tube Anode
1.3,2751.0,9578.0,39,7.6,23.0,2,4.38,0.12,0.08,37.1,24.7,3,32.2,7.5,21.7,71,400.9,90.5,4,0,72.8,238.0,0.28,Detector Array
0.9,1664.0,5491.0,45,5.0,13.5,3,4.24,0.12,0.1,40.2,21.9,1,33.1,8.7,23.4,70,402.1,95.1,2,1,72.1,240.0,0.28,Coolant Loop Unit
3.5,7307.0,28615.0,78,15.7,35.6,8,4.43,0.18,0.15,40.0,26.5,1,33.4,6.3,25.8,74,399.4,90.4,5,1,55.2,186.0,0.44,Coolant Loop Unit
5.8,10673.0,33028.0,81,37.1,51.0,8,4.78,0.47,0.31,42.2,28.5,3,29.0,6.4,28.8,83,383.1,81.7,6,2,44.1,148.0,0.56,X-Ray Tube Anode
10.5,24895.0,88149.0,140,98.0,93.5,21,5.23,0.95,0.75,50.4,33.8,1,22.8,4.7,45.1,126,405.9,61.6,18,7,5.0,7.0,0.93,X-Ray Tube Anode
8.9,21079.0,68168.0,93,86.2,77.2,18,5.27,0.72,0.66,54.1,31.9,0,25.4,5.8,37.4,104,405.4,71.0,16,3,5.0,20.0,0.94,X-Ray Tube Anode
9.0,19995.0,65362.0,32,69.9,69.4,14,5.14,0.85,0.55,53.6,32.6,1,24.2,5.9,37.9,114,401.5,68.2,14,3,7.1,20.0,0.91,X-Ray Tube Anode
5.4,11041.0,32037.0,24,40.9,45.8,7,4.92,0.44,0.56,46.4,26.3,0,27.6,6.3,33.0,101,394.5,84.6,10,3,27.6,86.0,0.74,X-Ray Tube Anode
4.5,10568.0,33632.0,116,47.8,43.8,8,5.07,0.5,0.32,45.1,26.1,1,29.3,6.4,29.0,88,414.3,79.8,6,2,40.1,138.0,0.61,X-Ray Tube Anode
4.8,10431.0,33445.0,13,38.1,47.9,8,4.67,0.53,0.19,37.1,28.7,0,27.7,7.0,30.9,81,396.2,81.9,7,0,54.6,190.0,0.45,X-Ray Tube Anode
11.9,28200.0,100391.0,148,98.0,81.1,22,5.55,0.92,0.9,53.0,31.5,0,25.1,4.9,39.5,109,393.7,56.0,19,4,5.0,5.0,0.95,X-Ray Tube Anode
1.0,2155.0,8429.0,79,26.7,30.3,6,4.12,0.4,0.16,37.3,27.3,1,26.1,7.4,25.3,76,400.8,96.8,5,0,61.6,213.0,0.39,Coolant Loop Unit
10.5,24597.0,73643.0,56,97.1,93.0,21,5.6,0.94,0.72,53.0,34.0,1,21.4,5.0,43.0,121,405.7,63.4,17,4,5.0,16.0,0.94,X-Ray Tube Anode
7.2,15876.0,40696.0,53,54.2,48.1,12,4.74,0.52,0.44,41.4,30.7,0,27.0,6.1,32.8,89,404.0,73.9,8,1,32.0,108.0,0.65,X-Ray Tube Anode
5.5,11587.0,37592.0,68,47.7,62.6,9,4.74,0.61,0.39,48.2,29.4,0,26.5,6.2,33.4,93,404.6,86.3,5,0,43.7,143.0,0.56,X-Ray Tube Anode
8.8,21841.0,72440.0,34,86.7,81.0,18,5.31,0.93,0.76,54.6,29.5,0,26.5,5.7,38.1,108,409.5,64.6,15,4,5.0,16.0,0.96,X-Ray Tube Anode
6.1,13283.0,36565.0,28,40.8,58.2,8,4.67,0.51,0.42,46.2,29.5,0,28.4,6.3,32.9,90,402.4,75.1,4,1,44.4,151.0,0.58,X-Ray Tube Anode
10.5,23446.0,85360.0,50,94.5,77.3,19,5.36,0.97,0.56,46.4,31.2,1,22.3,5.2,40.5,114,410.8,65.0,15,3,5.0,28.0,0.95,X-Ray Tube Anode
10.9,21220.0,84402.0,130,92.8,86.6,20,5.55,0.96,0.34,45.0,33.2,0,23.2,4.8,40.3,111,404.0,62.1,14,3,5.0,20.0,0.94,X-Ray Tube Anode
5.3,11973.0,46917.0,111,46.0,49.2,7,4.69,0.45,0.4,35.0,28.9,0,25.7,6.3,28.6,79,399.4,77.7,5,1,44.3,151.0,0.57,X-Ray Tube Anode
3.7,8104.0,22657.0,94,15.9,38.0,4,4.23,0.25,0.19,40.4,25.8,1,32.0,5.9,31.0,96,396.5,90.0,3,0,63.3,221.0,0.37,Coolant Loop Unit
7.3,14108.0,53793.0,154,59.2,58.6,13,5.18,0.59,0.42,44.7,27.5,0,29.2,5.4,29.9,87,411.1,73.5,9,1,30.4,108.0,0.68,X-Ray Tube Anode
11.0,20244.0,72004.0,179,85.8,75.3,19,5.31,0.8,0.53,40.9,30.8,0,23.9,4.8,36.4,104,405.3,60.7,19,7,5.0,10.0,0.91,X-Ray Tube Anode
2.9,6497.0,20666.0,47,21.3,42.1,5,4.74,0.31,0.15,39.6,23.5,3,31.4,7.5,32.4,89,397.4,87.0,6,0,59.7,206.0,0.39,Coolant Loop Unit
7.7,17893.0,59241.0,26,66.9,64.3,12,5.13,0.76,0.47,47.0,29.8,0,24.2,6.3,31.3,87,396.6,73.5,8,0,27.3,93.0,0.76,X-Ray Tube Anode
7.8,16817.0,63476.0,84,85.3,70.1,17,5.03,0.85,0.44,39.2,29.8,1,23.3,6.2,35.5,98,391.8,68.3,12,4,5.0,13.0,0.96,X-Ray Tube Anode
8.9,17493.0,56331.0,106,64.7,63.1,13,5.07,0.67,0.58,44.2,30.9,1,27.3,5.9,33.5,90,413.6,65.4,12,1,18.4,57.0,0.85,X-Ray Tube Anode
2.0,4563.0,13961.0,92,9.3,29.6,2,4.16,0.13,0.22,46.0,22.6,1,32.5,7.1,20.7,59,403.9,94.6,2,1,63.7,216.0,0.36,Coolant Loop Unit
8.7,16207.0,52509.0,120,65.0,60.6,11,4.98,0.69,0.39,42.9,29.3,0,29.6,5.2,32.9,90,411.8,60.6,10,0,27.5,93.0,0.72,X-Ray Tube Anode
11.0,23105.0,77833.0,75,97.0,86.6,19,5.35,1.01,0.58,50.7,34.8,3,22.9,6.1,41.1,114,416.9,58.9,15,4,5.0,23.0,0.9,X-Ray Tube Anode
2.6,4913.0,13676.0,122,23.9,27.9,3,4.24,0.35,0.21,43.0,26.4,3,28.7,6.6,26.9,70,415.0,91.7,5,2,52.0,166.0,0.44,Coolant Loop Unit
3.2,6234.0,24011.0,151,5.2,25.4,2,4.14,0.17,0.3,42.8,26.5,3,35.3,6.5,27.0,78,396.8,92.0,4,1,63.3,209.0,0.38,Coolant Loop Unit
11.7,22661.0,79568.0,165,85.4,84.9,17,5.56,0.84,0.74,54.3,32.7,2,21.4,4.4,41.1,111,423.3,58.6,14,6,5.0,18.0,0.95,X-Ray Tube Anode
2.6,5345.0,18440.0,41,30.6,39.7,7,4.6,0.34,0.11,31.1,24.3,1,29.9,7.4,23.8,74,406.2,92.4,6,0,57.7,195.0,0.38,X-Ray Tube Anode
10.3,18955.0,50218.0,52,78.4,73.3,15,5.11,0.85,0.63,48.3,31.0,1,24.9,6.5,36.9,104,390.8,64.7,15,5,5.0,18.0,0.95,X-Ray Tube Anode
6.2,12806.0,43620.0,82,41.3,40.7,8,4.97,0.51,0.25,31.2,27.5,1,29.1,6.8,31.1,89,402.1,75.3,4,0,53.6,180.0,0.48,X-Ray Tube Anode
3.3,7215.0,19347.0,177,38.8,41.2,8,4.61,0.44,0.23,34.7,25.3,1,28.5,5.6,32.8,91,400.9,86.1,6,3,39.2,135.0,0.61,Coolant Loop Unit
10.5,22481.0,58857.0,155,97.6,81.4,20,5.36,0.96,0.69,48.5,31.6,3,22.9,5.3,42.0,121,403.5,62.5,17,3,5.0,9.0,0.94,X-Ray Tube Anode
5.6,11624.0,38254.0,134,44.1,50.5,10,4.88,0.56,0.19,37.3,23.7,0,31.5,5.3,29.6,83,402.5,85.3,7,2,42.3,154.0,0.53,X-Ray Tube Anode
6.4,15328.0,47581.0,74,68.3,68.4,13,4.96,0.7,0.63,48.9,29.7,1,27.8,5.4,36.3,104,405.1,77.7,13,0,14.3,51.0,0.87,X-Ray Tube Anode
4.6,8807.0,29797.0,66,51.2,64.8,10,4.7,0.6,0.39,43.5,29.1,2,30.1,5.3,36.3,99,394.5,82.4,7,1,33.2,115.0,0.65,X-Ray Tube Anode
7.3,15765.0,41522.0,24,54.6,49.7,10,4.52,0.58,0.52,46.9,30.1,1,25.5,6.6,31.6,91,402.6,69.4,15,2,19.9,62.0,0.81,X-Ray Tube Anode
2.4,4388.0,13808.0,166,22.0,37.4,6,4.32,0.25,0.09,37.5,25.6,1,31.2,6.3,24.5,64,396.7,89.5,6,0,60.1,201.0,0.41,Coolant Loop Unit
5.0,9244.0,25534.0,28,52.9,57.5,12,4.69,0.66,0.29,42.4,28.5,0,28.1,6.3,37.2,95,401.7,80.4,11,1,31.3,109.0,0.71,X-Ray Tube Anode
11.6,25646.0,102088.0,156,98.0,88.9,19,5.4,0.99,0.8,49.7,32.6,1,19.8,4.4,45.5,121,398.7,60.2,17,7,5.0,15.0,0.96,X-Ray Tube Anode
3.5,7618.0,25456.0,117,24.4,44.6,6,4.4,0.28,0.16,36.4,26.5,1,29.8,6.2,29.9,89,396.8,85.1,4,1,56.6,194.0,0.43,Coolant Loop Unit
8.1,19444.0,68659.0,114,79.7,69.9,15,5.48,0.75,0.55,47.1,31.5,0,25.2,5.2,37.5,104,406.1,71.1,13,4,5.0,13.0,0.96,X-Ray Tube Anode
4.2,9287.0,27751.0,61,48.1,44.5,9,4.62,0.47,0.37,43.1,24.4,0,28.8,6.1,29.0,84,404.1,84.7,7,1,39.4,127.0,0.59,X-Ray Tube Anode
9.4,23223.0,61357.0,174,84.8,82.8,16,5.43,0.84,0.55,43.8,33.6,0,22.3,3.7,44.4,121,403.5,66.7,18,4,5.0,23.0,0.98,X-Ray Tube Anode
2.0,3677.0,14577.0,69,14.5,27.0,3,4.41,0.33,0.17,42.1,25.2,0,32.0,7.6,21.9,61,396.5,90.0,3,0,67.9,226.0,0.31,Coolant Loop Unit
11.7,21775.0,63787.0,114,85.2,70.0,19,5.34,0.84,0.49,48.0,32.3,0,25.5,5.1,37.7,105,404.7,56.6,15,4,5.0,22.0,0.98,X-Ray Tube Anode
5.7,10470.0,32830.0,75,36.8,40.8,5,4.75,0.5,0.25,38.0,22.8,1,30.7,6.3,27.2,74,399.8,79.9,6,0,52.9,176.0,0.47,Coolant Loop Unit
3.2,6203.0,21555.0,171,26.7,34.9,7,4.19,0.33,0.18,38.2,22.5,0,28.0,5.4,28.3,82,396.8,86.0,7,1,56.3,191.0,0.45,Coolant Loop Unit
1.3,2931.0,7436.0,59,10.9,30.0,1,4.33,0.14,0.17,44.8,25.2,0,33.5,7.0,27.8,75,408.1,89.1,4,0,70.1,236.0,0.3,Coolant Loop Unit
2.5,5522.0,20517.0,130,27.2,32.5,9,4.49,0.32,0.14,38.6,26.7,3,28.1,6.6,25.2,81,406.6,91.0,7,1,49.8,168.0,0.47,X-Ray Tube Anode
6.5,11866.0,39216.0,15,56.6,57.9,13,4.71,0.55,0.38,44.5,28.1,0,25.4,6.4,33.5,110,376.0,70.5,8,0,39.0,136.0,0.62,X-Ray Tube Anode
4.4,10773.0,31429.0,105,32.9,42.7,11,4.66,0.35,0.28,39.4,28.0,0,29.5,6.4,29.0,89,382.9,83.2,9,3,39.9,144.0,0.59,X-Ray Tube Anode
10.0,23972.0,62145.0,165,96.4,86.7,19,5.61,0.92,0.65,48.3,33.9,0,22.7,3.6,41.6,121,412.6,60.7,16,4,5.0,16.0,0.95,X-Ray Tube Anode
5.5,10952.0,30050.0,148,43.4,59.8,8,4.32,0.4,0.44,49.3,30.2,2,26.6,5.4,33.3,97,390.0,79.0,5,0,36.3,124.0,0.64,Coolant Loop Unit
3.4,6230.0,23939.0,98,26.5,29.5,3,4.44,0.41,0.12,38.1,25.7,3,31.4,6.6,24.6,73,389.5,92.4,5,0,59.0,199.0,0.39,Coolant Loop Unit
7.6,14578.0,51448.0,35,58.2,69.8,10,4.71,0.63,0.5,45.8,30.5,0,26.3,5.4,33.4,97,398.9,74.2,7,2,27.6,94.0,0.71,X-Ray Tube Anode
8.6,16297.0,46851.0,162,57.3,61.8,11,4.9,0.58,0.48,45.7,28.5,0,24.7,4.5,35.6,99,402.1,67.1,8,1,27.4,90.0,0.75,X-Ray Tube Anode
2.4,4567.0,11866.0,31,29.9,46.8,6,4.51,0.38,0.13,45.4,27.5,1,28.0,6.4,30.5,89,396.1,86.5,6,2,48.1,158.0,0.49,Coolant Loop Unit
2.4,5251.0,18567.0,127,36.0,43.8,7,4.54,0.38,0.09,37.2,25.7,1,29.1,5.6,27.4,87,375.6,84.8,9,0,48.9,168.0,0.52,Coolant Loop Unit
0.9,1818.0,6105.0,19,11.6,27.2,2,4.44,0.07,0.01,32.7,24.1,2,32.0,7.6,23.3,64,401.2,91.7,4,1,70.9,242.0,0.28,Coolant Loop Unit
9.0,18392.0,57140.0,24,78.4,82.4,18,5.39,0.95,0.48,43.6,32.7,0,23.2,5.8,39.3,113,414.4,64.8,13,4,5.0,23.0,0.97,X-Ray Tube Anode
8.1,20275.0,61745.0,84,82.1,85.4,17,5.58,0.85,0.58,50.1,31.6,4,21.3,5.1,42.8,114,389.0,66.8,18,4,5.0,17.0,0.96,X-Ray Tube Anode
6.0,13579.0,38364.0,167,62.1,58.2,13,4.83,0.63,0.46,40.8,27.9,1,25.7,5.4,37.6,106,413.2,79.4,12,0,28.1,95.0,0.71,X-Ray Tube Anode
10.2,25155.0,88155.0,92,81.1,70.7,17,4.9,0.73,0.7,51.7,31.2,2,25.3,4.8,38.6,110,397.8,63.0,17,3,5.0,20.0,0.96,X-Ray Tube Anode
9.8,18552.0,73391.0,167,74.2,71.8,16,5.17,0.69,0.53,44.4,31.2,0,24.9,5.0,35.2,97,414.3,69.5,14,1,9.3,37.0,0.9,X-Ray Tube Anode
7.2,14951.0,41319.0,145,55.2,66.7,10,5.1,0.68,0.44,39.1,29.7,2,28.2,5.4,34.4,100,405.0,70.4,7,2,24.1,81.0,0.79,X-Ray Tube Anode
10.5,22945.0,77913.0,147,92.9,81.5,20,5.44,1.01,0.7,47.5,31.6,3,24.4,4.8,40.7,116,395.6,61.2,17,3,5.0,4.0,0.95,X-Ray Tube Anode
2.9,5315.0,16669.0,118,30.0,44.0,9,4.8,0.41,0.24,40.4,27.9,1,26.7,6.1,29.0,81,405.0,83.7,7,0,50.5,166.0,0.49,Coolant Loop Unit
1.8,3222.0,10214.0,176,13.0,33.3,4,4.32,0.16,0.02,39.7,27.4,0,29.8,5.7,27.6,76,410.5,92.9,3,1,70.7,246.0,0.28,Coolant Loop Unit
3.6,8174.0,23552.0,163,29.8,46.4,6,4.47,0.44,0.25,43.1,27.9,0,30.4,5.8,32.5,84,388.3,80.6,5,0,54.9,195.0,0.44,Coolant Loop Unit
1.2,2601.0,9723.0,160,5.0,24.8,0,4.28,0.17,0.22,38.9,23.2,0,33.5,6.2,24.6,71,400.9,91.5,0,0,73.9,258.0,0.26,Coolant Loop Unit
6.6,13795.0,44530.0,175,54.3,56.1,10,4.8,0.62,0.31,44.8,28.4,1,28.0,5.6,38.3,107,408.3,75.6,8,1,31.1,104.0,0.7,X-Ray Tube Anode
11.3,24151.0,80063.0,47,98.0,97.9,21,5.48,1.0,0.7,49.3,33.1,1,23.8,5.1,41.2,109,397.3,52.0,16,5,5.0,15.0,0.94,X-Ray Tube Anode
1.0,1991.0,5889.0,174,5.0,25.7,4,4.41,0.07,0.09,32.6,23.5,1,34.5,6.2,26.4,75,389.5,93.5,3,0,76.8,265.0,0.22,Coolant Loop Unit
1.9,3460.0,9593.0,103,5.0,28.1,1,4.42,0.09,0.1,37.2,26.1,0,29.2,6.6,22.1,71,416.4,90.7,1,0,80.4,276.0,0.22,Coolant Loop Unit
5.7,11599.0,30491.0,121,64.6,62.1,16,5.05,0.66,0.49,41.2,30.3,0,25.2,5.4,33.4,94,385.6,81.5,11,0,22.8,65.0,0.8,X-Ray Tube Anode
11.2,21624.0,77225.0,163,89.2,85.8,20,5.31,0.93,0.63,51.2,33.4,0,23.9,4.3,43.8,117,397.5,61.2,16,3,5.0,17.0,0.93,X-Ray Tube Anode
4.1,7729.0,21599.0,94,29.1,35.6,6,4.67,0.29,0.38,45.7,24.8,0,31.5,6.5,23.2,69,399.4,84.3,6,0,50.7,172.0,0.49,Coolant Loop Unit
6.3,15641.0,55293.0,145,73.7,66.5,18,4.79,0.75,0.47,42.6,30.2,0,27.7,4.6,37.6,105,416.8,74.4,12,1,11.3,33.0,0.91,X-Ray Tube Anode
1.0,2171.0,6699.0,42,9.8,31.2,3,4.35,0.18,0.14,38.6,25.7,1,33.8,7.2,23.1,68,382.2,94.7,5,1,67.7,227.0,0.33,Coolant Loop Unit
2.2,5096.0,15918.0,111,31.0,42.2,5,4.58,0.42,0.14,38.5,27.5,0,31.1,6.3,29.1,84,399.9,93.3,5,1,58.4,200.0,0.45,Coolant Loop Unit
11.8,23938.0,76693.0,29,98.0,92.3,21,5.41,1.02,0.64,51.8,33.3,0,21.6,4.8,42.0,113,394.9,58.4,18,3,5.0,16.0,0.96,X-Ray Tube Anode
11.6,24070.0,73451.0,124,86.1,75.6,19,5.22,0.82,0.72,47.2,31.1,1,25.2,5.1,38.8,106,394.8,62.5,17,5,5.0,22.0,0.96,X-Ray Tube Anode
0.6,1095.0,2902.0,17,8.1,27.6,0,4.36,0.24,0.11,39.3,25.1,0,34.9,7.5,25.2,79,412.5,96.9,1,0,78.9,277.0,0.2,Coolant Loop Unit
11.4,21379.0,63378.0,14,98.0,87.5,21,5.29,0.92,0.67,45.7,34.2,1,24.3,5.3,43.7,116,392.2,59.5,19,6,5.0,22.0,0.93,X-Ray Tube Anode
7.8,15114.0,52831.0,152,52.5,58.7,11,5.0,0.63,0.48,48.0,27.7,1,28.1,5.6,34.3,96,389.9,68.0,9,0,31.5,109.0,0.66,X-Ray Tube Anode
10.5,24717.0,86477.0,50,91.0,79.5,19,5.36,0.89,0.6,51.4,31.3,2,25.6,6.1,40.0,113,390.6,61.4,18,4,5.0,16.0,0.95,X-Ray Tube Anode
5.7,13031.0,38171.0,57,45.6,56.2,7,4.77,0.52,0.33,40.3,30.4,0,27.7,6.0,32.9,86,401.3,79.3,4,0,50.1,174.0,0.53,X-Ray Tube Anode
6.4,14034.0,44772.0,104,63.3,70.4,12,4.85,0.68,0.49,49.5,29.2,2,26.6,5.4,34.5,96,399.8,76.1,9,1,22.0,72.0,0.76,X-Ray Tube Anode
6.1,13055.0,36426.0,39,54.5,53.3,10,4.98,0.6,0.24,35.6,27.3,0,27.2,7.0,29.1,81,397.9,82.8,7,2,38.9,130.0,0.61,X-Ray Tube Anode
8.2,19979.0,56251.0,96,64.4,61.1,13,5.0,0.71,0.61,51.6,30.4,1,23.7,4.9,38.4,103,395.7,66.4,13,0,15.4,46.0,0.81,X-Ray Tube Anode
2.1,3898.0,9880.0,36,18.3,36.0,4,4.31,0.28,0.14,42.5,24.2,0,32.8,7.8,23.8,77,411.4,90.5,4,2,62.6,205.0,0.4,Coolant Loop Unit
0.8,1686.0,6484.0,114,5.0,27.4,3,4.25,0.18,0.16,39.6,26.3,1,31.7,6.7,25.5,71,384.2,100.0,5,2,59.8,210.0,0.39,Coolant Loop Unit
4.0,8264.0,23272.0,37,32.2,46.6,8,4.68,0.41,0.3,41.1,26.9,1,29.7,7.0,30.0,86,409.7,86.9,5,0,50.2,172.0,0.54,X-Ray Tube Anode
8.6,20199.0,57392.0,14,74.1,75.5,15,5.17,0.7,0.54,47.7,31.7,1,25.4,5.3,38.8,109,388.8,69.4,15,2,6.8,26.0,0.94,X-Ray Tube Anode
2.8,7039.0,20548.0,155,30.9,39.5,4,4.64,0.39,0.18,37.2,24.9,1,29.3,5.4,31.5,84,408.6,85.3,2,2,54.1,183.0,0.49,Coolant Loop Unit
8.2,16229.0,43674.0,123,73.3,69.2,13,5.09,0.73,0.44,52.6,32.1,1,25.9,4.9,36.1,99,406.5,70.7,14,1,10.5,45.0,0.86,X-Ray Tube Anode
11.7,28110.0,97228.0,83,98.0,83.7,22,5.53,0.93,0.85,51.9,30.2,1,23.0,4.7,40.8,111,405.0,57.5,19,3,5.0,26.0,0.9,X-Ray Tube Anode
1.6,3762.0,9830.0,159,5.0,16.6,2,4.45,0.13,0.01,39.2,25.1,1,32.0,5.7,22.8,68,399.3,96.7,6,1,71.9,244.0,0.27,Coolant Loop Unit
8.2,16118.0,43539.0,73,62.0,67.3,11,5.06,0.67,0.49,43.6,28.3,1,21.9,5.3,32.0,96,396.6,70.5,9,0,29.6,100.0,0.7,X-Ray Tube Anode
5.6,11652.0,40399.0,102,52.7,48.7,13,4.74,0.59,0.29,46.2,30.6,2,27.0,5.8,29.9,86,401.5,84.1,8,0,35.2,119.0,0.66,X-Ray Tube Anode
10.5,21877.0,65838.0,81,84.1,87.7,16,5.05,0.91,0.65,55.3,32.4,0,22.3,4.4,44.6,116,409.0,68.2,15,3,5.0,11.0,0.98,X-Ray Tube Anode
2.5,6304.0,22456.0,83,13.2,35.8,4,4.28,0.28,0.25,41.6,29.2,1,29.7,7.3,30.7,79,397.5,91.1,6,2,59.9,202.0,0.39,Coolant Loop Unit
8.5,16309.0,54410.0,44,71.3,77.1,16,5.35,0.76,0.35,43.6,30.0,1,24.2,5.9,40.3,107,395.9,70.6,11,1,20.3,67.0,0.79,X-Ray Tube Anode
10.1,23920.0,68987.0,68,98.0,96.7,23,5.42,1.01,0.67,46.9,32.9,2,21.3,4.5,45.4,126,399.7,63.1,18,7,5.0,6.0,0.95,X-Ray Tube Anode
11.4,23112.0,80342.0,48,92.6,83.0,24,5.63,0.94,0.68,46.7,33.8,1,22.2,5.7,37.3,109,397.9,54.4,21,5,5.0,6.0,0.96,X-Ray Tube Anode
8.4,19319.0,51667.0,57,64.4,72.0,12,4.96,0.72,0.57,48.5,28.5,2,27.1,5.9,37.5,106,398.7,65.1,14,1,13.4,45.0,0.84,X-Ray Tube Anode
6.2,13020.0,43024.0,75,49.5,47.8,12,4.76,0.57,0.39,47.9,26.7,2,30.4,5.7,31.5,88,413.2,80.0,8,1,31.8,112.0,0.65,X-Ray Tube Anode
7.6,16768.0,52917.0,22,68.3,58.2,16,5.01,0.71,0.4,42.1,29.7,3,26.0,6.6,37.6,101,393.8,76.6,13,0,22.2,72.0,0.78,X-Ray Tube Anode
10.5,25002.0,72550.0,132,93.5,91.2,19,5.31,1.05,0.63,55.5,31.4,1,22.5,4.3,40.0,110,410.1,60.6,19,4,5.0,26.0,0.92,X-Ray Tube Anode
7.1,16687.0,56836.0,46,71.4,61.5,13,4.94,0.72,0.38,41.6,30.2,1,24.9,6.4,31.4,93,407.4,73.4,12,0,24.0,80.0,0.78,X-Ray Tube Anode
0.8,2044.0,7782.0,162,5.0,33.3,3,4.09,0.22,0.15,39.0,26.2,2,33.3,5.7,30.1,81,388.5,95.2,5,0,67.1,224.0,0.28,Coolant Loop Unit
11.2,20638.0,82519.0,11,82.8,81.4,22,5.27,0.78,0.59,48.7,29.5,1,25.3,6.0,42.4,115,394.3,57.4,19,3,5.0,10.0,0.93,X-Ray Tube Anode
8.4,19257.0,65697.0,31,75.2,77.7,20,5.26,0.82,0.56,47.0,32.8,0,22.4,6.2,38.9,104,399.6,76.2,20,4,5.0,17.0,0.92,X-Ray Tube Anode
8.3,15715.0,48828.0,139,67.8,62.4,13,5.38,0.78,0.33,36.2,27.6,3,25.4,5.5,34.4,103,399.5,68.9,11,1,23.9,71.0,0.75,X-Ray Tube Anode
3.0,6232.0,17685.0,120,24.8,40.8,5,4.43,0.23,0.21,37.8,28.1,3,29.7,5.5,30.9,91,395.7,91.9,4,1,51.9,173.0,0.46,Coolant Loop Unit
8.1,17641.0,50905.0,56,69.0,59.2,15,4.97,0.73,0.57,48.2,29.3,1,25.5,7.1,37.0,102,408.1,64.0,16,0,13.4,46.0,0.89,X-Ray Tube Anode
5.0,10471.0,33708.0,38,35.5,51.6,7,4.51,0.45,0.18,38.7,27.5,0,28.1,6.8,29.8,89,401.6,85.0,7,1,52.3,171.0,0.53,X-Ray Tube Anode
8.0,17286.0,52739.0,21,69.4,62.0,16,5.2,0.74,0.47,47.2,27.8,2,25.9,6.2,35.2,100,400.6,77.3,10,2,14.8,48.0,0.83,X-Ray Tube Anode
1.7,4310.0,16684.0,110,15.2,34.6,4,4.5,0.26,0.04,38.1,26.6,0,31.2,6.7,26.5,74,410.4,93.9,4,2,64.9,221.0,0.34,Coolant Loop Unit
8.1,15281.0,46644.0,94,54.2,52.4,8,4.72,0.59,0.42,43.6,27.0,3,28.2,6.9,32.0,89,394.2,73.0,7,0,36.1,117.0,0.64,X-Ray Tube Anode
12.0,27259.0,83416.0,138,98.0,80.0,20,5.24,0.93,0.7,47.6,33.4,3,22.2,4.2,42.3,111,395.4,60.0,18,3,5.0,20.0,0.93,X-Ray Tube Anode
1.1,2190.0,6736.0,154,11.7,27.8,2,4.48,0.32,0.14,42.7,27.2,0,32.3,6.8,24.0,72,396.9,97.0,2,0,71.7,248.0,0.29,Coolant Loop Unit
11.7,22220.0,83436.0,136,86.2,73.7,20,5.29,0.85,0.66,45.4,33.3,0,23.8,4.9,40.4,106,388.8,57.4,17,4,5.0,12.0,0.92,X-Ray Tube Anode
5.2,9899.0,34409.0,8,47.0,57.5,12,4.88,0.55,0.42,42.4,29.3,1,25.9,6.5,31.9,86,399.8,78.5,10,2,29.9,101.0,0.71,X-Ray Tube Anode
10.5,25911.0,88648.0,72,98.0,83.4,21,5.24,0.95,0.74,48.7,31.4,2,22.3,5.1,41.9,118,405.0,64.5,17,6,5.0,16.0,0.95,X-Ray Tube Anode
9.5,22943.0,68857.0,119,81.5,73.9,17,4.9,0.72,0.69,52.4,30.4,0,24.2,4.3,35.3,96,389.9,62.1,15,4,5.0,19.0,0.97,X-Ray Tube Anode
7.0,17095.0,63710.0,34,79.1,76.7,20,5.02,0.77,0.46,49.1,30.6,1,24.3,6.0,39.7,107,391.6,76.5,16,5,5.0,16.0,0.95,X-Ray Tube Anode
9.0,22427.0,57358.0,144,95.8,82.8,20,5.45,0.89,0.56,46.8,32.3,1,21.5,3.7,40.2,109,400.3,64.5,18,5,5.0,13.0,0.96,X-Ray Tube Anode
10.6,20631.0,78527.0,105,90.5,80.9,20,5.6,0.97,0.67,50.4,32.4,1,22.2,4.8,39.4,109,402.7,58.6,19,3,5.0,12.0,0.96,X-Ray Tube Anode
5.1,10546.0,34478.0,141,45.4,58.1,9,4.68,0.48,0.43,45.8,30.8,1,28.5,5.3,29.7,89,398.0,74.8,6,0,38.1,134.0,0.62,X-Ray Tube Anode
4.3,9666.0,29938.0,87,20.0,27.6,7,4.78,0.25,0.36,48.4,25.3,0,29.3,6.7,24.7,73,396.9,82.6,7,0,56.5,189.0,0.45,Coolant Loop Unit
8.2,17489.0,56763.0,150,78.7,66.7,14,5.27,0.76,0.53,41.3,27.9,1,24.9,4.3,40.1,109,410.8,73.6,12,7,5.0,13.0,0.98,X-Ray Tube Anode
9.8,20490.0,71737.0,155,82.4,74.3,15,4.98,0.85,0.52,48.6,30.3,1,26.2,5.2,35.2,104,395.3,66.7,16,4,5.0,22.0,0.91,X-Ray Tube Anode
9.3,19000.0,47864.0,64,78.8,73.7,14,5.18,0.77,0.65,50.4,33.2,2,23.7,4.9,38.9,107,412.1,65.2,14,5,5.0,18.0,0.91,X-Ray Tube Anode
9.7,21436.0,81614.0,2,90.1,83.9,18,5.41,0.96,0.67,48.6,29.7,0,27.5,5.4,36.5,101,395.5,62.6,15,3,5.0,12.0,0.98,X-Ray Tube Anode
5.5,12136.0,38473.0,109,64.0,62.3,14,4.6,0.69,0.54,47.8,30.6,0,28.2,5.4,34.9,95,404.1,84.7,13,1,16.6,55.0,0.85,X-Ray Tube Anode
9.9,18949.0,57120.0,26,71.4,75.8,13,5.15,0.71,0.46,47.4,30.5,0,21.9,5.7,39.9,112,395.3,57.8,8,1,19.9,63.0,0.83,X-Ray Tube Anode
1.9,4010.0,10856.0,83,11.9,19.1,4,4.52,0.25,0.23,41.7,23.0,1,30.5,7.3,22.2,66,396.6,92.3,4,1,65.4,216.0,0.34,Coolant Loop Unit
6.8,14791.0,46726.0,107,52.4,55.3,9,4.89,0.57,0.49,52.2,29.2,3,27.2,5.8,34.5,95,394.9,72.0,7,1,25.9,85.0,0.78,X-Ray Tube Anode
0.6,1245.0,4040.0,69,5.0,21.1,3,4.25,0.15,0.06,36.6,26.9,0,31.1,8.0,21.3,69,405.8,97.5,4,1,75.3,255.0,0.3,Coolant Loop Unit
4.2,8241.0,25594.0,97,24.6,40.1,4,4.47,0.25,0.38,43.4,27.3,1,30.9,6.5,33.7,93,413.0,84.6,4,0,61.0,204.0,0.41,Coolant Loop Unit
4.7,10935.0,38470.0,30,28.9,49.6,7,4.51,0.36,0.37,42.7,27.6,2,30.4,6.8,32.8,91,400.8,85.4,7,1,44.7,155.0,0.56,Coolant Loop Unit
5.1,9190.0,28777.0,8,40.2,48.3,7,4.51,0.48,0.22,41.5,25.9,0,26.8,6.7,30.8,88,391.6,84.9,6,1,49.3,171.0,0.52,X-Ray Tube Anode
8.5,17407.0,68620.0,38,85.5,89.6,22,5.12,0.94,0.5,46.0,32.6,1,25.1,5.4,45.4,118,405.0,63.4,19,7,5.0,13.0,0.95,X-Ray Tube Anode
5.0,11657.0,39620.0,81,63.0,60.2,16,4.89,0.63,0.28,41.3,27.2,2,29.7,5.7,37.1,99,411.8,79.3,11,0,23.6,79.0,0.77,X-Ray Tube Anode
5.7,12422.0,46101.0,108,42.9,40.6,9,4.73,0.6,0.34,42.6,26.4,0,26.6,6.1,28.0,80,407.0,79.4,7,1,43.7,146.0,0.57,X-Ray Tube Anode
3.2,6408.0,17071.0,65,23.5,29.7,4,4.4,0.34,0.28,40.7,25.5,2,29.9,8.3,25.2,72,388.9,91.0,6,1,56.9,189.0,0.48,Coolant Loop Unit
4.8,10958.0,33924.0,67,53.7,55.5,9,4.71,0.51,0.42,42.4,25.1,1,27.7,6.8,31.5,90,395.1,84.0,6,1,40.0,137.0,0.58,X-Ray Tube Anode
3.1,6841.0,20559.0,174,30.8,37.9,6,4.68,0.34,0.25,41.8,28.6,0,30.8,5.5,30.8,92,393.5,84.4,5,0,56.3,182.0,0.43,Coolant Loop Unit
1.3,3163.0,10609.0,90,13.7,21.6,3,4.42,0.29,0.07,35.8,22.7,0,34.4,7.3,26.2,76,400.5,94.9,3,0,76.8,256.0,0.23,Coolant Loop Unit
7.4,17219.0,65290.0,95,66.8,65.4,11,4.92,0.76,0.54,48.7,29.6,0,25.1,5.7,32.7,98,404.6,75.4,11,2,19.0,59.0,0.82,X-Ray Tube Anode
8.2,18227.0,47710.0,72,82.3,74.4,17,5.26,0.84,0.59,48.4,31.7,0,23.2,5.3,38.6,108,408.9,67.7,14,5,5.0,12.0,0.95,X-Ray Tube Anode
7.6,16329.0,42600.0,43,56.7,52.2,10,4.81,0.62,0.33,41.0,30.2,0,27.9,7.3,33.7,92,403.2,70.1,7,0,38.9,127.0,0.59,X-Ray Tube Anode
5.8,11038.0,41673.0,46,48.0,49.5,12,4.79,0.47,0.35,47.5,26.8,0,27.8,6.5,32.4,94,412.1,76.9,14,1,30.4,95.0,0.7,X-Ray Tube Anode
4.9,9652.0,27212.0,125,41.4,56.7,7,4.84,0.54,0.29,41.1,25.0,0,29.5,6.2,33.8,94,414.8,79.8,5,0,50.7,171.0,0.49,Coolant Loop Unit
10.4,21830.0,76475.0,163,87.7,77.4,17,5.16,0.84,0.71,52.5,32.9,0,24.6,4.4,42.1,116,411.5,61.8,14,4,5.0,15.0,0.95,X-Ray Tube Anode
6.5,14359.0,47590.0,39,63.7,68.9,13,4.79,0.72,0.46,43.1,28.4,2,27.5,6.4,33.1,97,394.6,76.3,10,0,23.2,79.0,0.78,X-Ray Tube Anode
6.0,12980.0,48668.0,51,52.2,58.8,8,4.8,0.64,0.43,38.5,29.6,1,27.4,6.7,34.1,100,405.6,77.9,7,1,39.7,136.0,0.63,X-Ray Tube Anode
0.8,1591.0,4276.0,4,5.0,22.0,1,4.06,0.15,0.05,34.5,25.3,2,30.1,7.4,25.6,73,404.4,97.6,0,1,75.3,258.0,0.23,Coolant Loop Unit
4.4,7984.0,21514.0,121,32.7,37.7,7,4.55,0.44,0.26,34.4,21.6,2,31.8,6.2,29.4,85,415.2,82.5,6,0,50.5,168.0,0.53,Coolant Loop Unit
4.9,10463.0,34895.0,80,29.1,37.8,4,4.51,0.45,0.4,43.2,24.1,3,31.9,6.6,25.4,75,425.1,78.8,2,1,51.3,175.0,0.46,Coolant Loop Unit
5.1,10173.0,39872.0,77,45.6,53.8,11,4.38,0.52,0.32,46.4,27.8,2,29.2,6.8,30.9,86,397.0,78.4,10,0,36.1,121.0,0.62,X-Ray Tube Anode
7.2,16598.0,51826.0,179,73.3,68.4,14,5.16,0.75,0.51,43.4,26.3,0,24.2,5.4,36.7,103,401.9,75.4,14,1,13.5,45.0,0.86,X-Ray Tube Anode
6.6,12057.0,36055.0,133,43.0,44.4,6,4.69,0.48,0.25,34.2,25.3,0,30.2,5.8,28.6,83,401.2,73.5,3,2,49.3,165.0,0.52,Coolant Loop Unit
7.5,16550.0,56437.0,55,59.0,53.7,14,5.09,0.59,0.49,50.2,28.6,0,25.6,6.2,30.4,85,410.0,73.9,11,0,23.5,76.0,0.73,X-Ray Tube Anode
9.3,22860.0,89053.0,20,86.5,88.1,19,5.27,0.84,0.5,44.5,32.4,1,19.7,5.6,42.4,118,399.4,67.9,13,3,5.0,16.0,0.98,X-Ray Tube Anode
9.8,18931.0,71094.0,152,75.2,71.5,14,5.21,0.8,0.51,46.3,31.0,0,24.4,4.3,41.8,109,406.0,67.7,13,3,5.0,15.0,0.91,X-Ray Tube Anode
8.8,18657.0,74501.0,164,76.4,76.0,17,5.29,0.78,0.55,49.5,31.8,2,22.6,5.2,35.0,101,400.8,65.6,17,5,5.0,18.0,0.98,X-Ray Tube Anode
11.5,21415.0,54261.0,34,98.0,88.4,21,5.36,1.0,0.68,51.6,30.1,2,23.1,5.0,41.1,119,388.4,56.3,18,5,5.0,22.0,0.94,X-Ray Tube Anode
0.7,1588.0,4239.0,122,18.3,40.2,5,4.42,0.19,0.01,37.5,24.9,2,29.2,6.2,27.4,78,400.3,99.1,5,2,59.9,199.0,0.4,Coolant Loop Unit
2.8,6013.0,20529.0,109,30.7,42.4,5,4.33,0.37,0.24,43.0,28.2,0,28.8,6.8,31.8,89,402.2,83.8,3,0,58.5,196.0,0.37,Coolant Loop Unit
0.6,1224.0,4566.0,126,5.9,23.7,1,4.46,0.2,0.2,34.2,27.1,1,29.0,6.9,25.5,76,402.7,98.8,3,1,69.4,248.0,0.32,Coolant Loop Unit
7.9,17203.0,50367.0,54,61.4,71.5,12,4.91,0.6,0.46,40.8,29.1,0,25.3,5.6,40.0,114,408.9,74.4,9,0,33.6,105.0,0.66,X-Ray Tube Anode
10.8,26285.0,75143.0,162,98.0,93.0,20,5.23,0.98,0.63,52.3,33.5,1,22.6,3.8,46.3,126,397.3,55.6,21,7,5.0,9.0,0.97,X-Ray Tube Anode
3.3,6394.0,23531.0,145,23.6,28.7,9,4.59,0.22,0.24,38.0,26.7,4,32.8,6.3,28.2,78,392.3,87.9,5,0,54.5,191.0,0.43,Coolant Loop Unit
11.2,20266.0,52379.0,133,83.3,71.9,18,4.87,0.78,0.5,43.9,31.0,2,23.6,5.0,38.6,107,412.1,58.4,11,3,5.0,27.0,0.98,X-Ray Tube Anode
1.2,2867.0,8757.0,89,16.5,37.3,6,4.33,0.29,0.06,32.6,26.1,1,30.8,7.6,27.7,80,397.1,99.3,4,0,65.8,231.0,0.31,Coolant Loop Unit
11.2,24786.0,80771.0,146,98.0,95.3,20,5.51,0.97,0.78,51.1,32.5,1,23.6,3.9,46.0,128,402.3,64.8,17,7,5.0,19.0,0.96,X-Ray Tube Anode
4.5,11011.0,36784.0,53,53.3,58.2,9,4.77,0.67,0.49,44.8,32.0,0,26.8,6.0,33.6,96,401.3,90.4,5,2,33.7,112.0,0.63,X-Ray Tube Anode
1.7,3696.0,13278.0,50,18.4,34.0,5,4.31,0.29,0.07,33.7,26.2,1,31.3,6.6,26.9,89,388.6,97.6,4,1,62.5,211.0,0.41,Coolant Loop Unit
6.1,14410.0,43695.0,72,65.5,68.5,11,4.92,0.72,0.38,40.1,30.8,2,26.6,5.6,37.5,97,412.5,82.1,9,0,28.4,99.0,0.74,X-Ray Tube Anode
3.5,7254.0,24801.0,173,32.6,41.6,5,4.29,0.34,0.21,40.5,27.5,4,28.6,5.9,30.4,91,403.2,94.9,4,1,48.1,168.0,0.55,Coolant Loop Unit
3.8,8779.0,29656.0,141,34.8,48.0,5,4.73,0.39,0.24,37.9,26.5,1,28.1,5.4,32.0,89,405.8,86.2,3,1,49.4,171.0,0.5,Coolant Loop Unit
4.0,9839.0,32680.0,16,39.9,40.1,8,4.66,0.42,0.47,43.5,26.9,2,29.2,7.2,28.2,89,411.0,86.8,6,2,41.3,130.0,0.58,X-Ray Tube Anode
9.7,21421.0,74133.0,13,85.2,88.9,18,5.18,0.81,0.58,41.2,32.2,1,20.0,5.1,43.6,115,399.8,69.7,15,4,5.0,11.0,0.95,X-Ray Tube Anode
6.7,12909.0,37295.0,20,41.4,54.0,8,4.66,0.51,0.36,48.8,28.0,1,25.2,7.0,31.3,89,405.7,75.3,5,0,49.2,169.0,0.51,X-Ray Tube Anode
4.1,8112.0,21309.0,66,24.4,39.7,4,4.5,0.36,0.4,46.5,27.2,0,32.1,6.5,26.0,74,402.3,82.5,4,1,53.8,176.0,0.45,Coolant Loop Unit
7.5,14579.0,39057.0,47,64.2,61.3,12,5.07,0.7,0.48,44.2,28.0,2,28.2,6.0,34.7,95,407.3,70.9,7,2,23.1,69.0,0.76,X-Ray Tube Anode
8.7,17234.0,48890.0,147,58.9,54.4,11,4.9,0.59,0.59,45.2,26.7,0,26.3,6.1,30.7,86,398.0,67.5,13,1,24.6,88.0,0.78,X-Ray Tube Anode
3.6,7323.0,23802.0,173,26.1,36.4,4,4.31,0.35,0.17,38.8,27.1,1,27.9,5.7,30.5,91,413.6,86.2,4,2,52.9,181.0,0.49,Coolant Loop Unit
5.3,11503.0,43258.0,165,37.6,49.6,6,4.74,0.34,0.31,41.9,27.1,1,29.7,5.7,30.5,92,391.9,78.6,3,0,51.1,181.0,0.47,Coolant Loop Unit
1.9,4206.0,14939.0,122,13.2,31.9,1,4.43,0.28,0.08,32.9,25.3,2,32.4,6.7,25.2,79,412.0,87.3,2,2,66.4,231.0,0.35,Coolant Loop Unit
2.6,5421.0,19969.0,54,20.4,32.0,4,4.48,0.22,0.26,33.0,22.9,3,30.1,7.5,26.3,74,412.7,93.7,4,3,51.8,173.0,0.45,Detector Array
8.3,18589.0,56259.0,6,71.1,72.0,15,5.21,0.68,0.64,47.6,32.1,1,24.5,6.3,36.7,103,403.5,76.7,18,0,11.2,39.0,0.92,X-Ray Tube Anode
2.6,4803.0,14924.0,14,7.8,31.7,2,4.3,0.18,0.13,33.2,26.6,1,28.7,7.2,28.1,77,400.4,85.6,1,0,73.0,244.0,0.25,Coolant Loop Unit
6.5,12173.0,37620.0,132,47.2,43.6,13,4.93,0.54,0.35,43.1,28.3,1,27.1,5.8,29.7,88,411.9,72.5,8,1,35.6,113.0,0.66,X-Ray Tube Anode
8.7,16618.0,46328.0,86,58.8,60.2,12,5.12,0.63,0.47,45.8,29.8,1,26.0,6.0,33.5,95,408.5,66.7,7,1,24.9,91.0,0.76,X-Ray Tube Anode
1.7,3739.0,9692.0,162,9.9,32.1,7,4.41,0.13,0.03,32.7,23.6,2,32.4,5.8,25.7,77,394.3,89.2,4,1,64.3,218.0,0.35,Coolant Loop Unit
7.0,13696.0,46378.0,27,60.7,63.4,10,4.82,0.7,0.36,41.3,30.0,1,29.5,6.5,32.0,97,405.4,73.1,7,2,29.7,108.0,0.7,X-Ray Tube Anode
3.5,6895.0,27469.0,7,35.2,47.7,7,4.6,0.33,0.3,46.8,26.8,1,27.4,7.0,28.9,83,399.0,86.9,8,3,42.0,143.0,0.58,X-Ray Tube Anode
11.6,24076.0,66214.0,131,85.8,80.4,18,5.42,0.8,0.62,51.0,30.2,1,26.3,4.4,41.6,118,404.4,60.1,15,5,5.0,18.0,0.96,X-Ray Tube Anode
6.1,14354.0,36890.0,175,70.0,78.8,16,4.81,0.72,0.44,43.3,32.2,0,23.9,4.0,43.2,119,405.7,76.8,12,1,14.3,52.0,0.87,X-Ray Tube Anode
9.8,17679.0,64869.0,2,66.6,57.7,13,4.94,0.64,0.42,51.0,31.4,0,24.2,6.7,34.5,91,394.5,69.3,9,1,24.9,84.0,0.8,X-Ray Tube Anode
6.8,15393.0,44315.0,80,56.8,59.6,10,4.83,0.67,0.45,41.3,31.4,5,27.6,5.8,32.9,91,389.7,72.2,6,1,30.3,102.0,0.73,X-Ray Tube Anode
1.0,2266.0,8487.0,153,5.0,15.3,1,4.13,0.09,0.07,34.0,24.8,0,31.1,7.1,22.1,65,396.3,93.8,0,0,81.6,279.0,0.2,Coolant Loop Unit
7.8,18356.0,65274.0,60,73.9,64.9,19,5.22,0.84,0.44,44.4,29.7,1,23.8,5.6,35.7,93,410.9,78.8,15,2,7.4,31.0,0.93,X-Ray Tube Anode
11.4,28064.0,109970.0,24,98.0,86.3,22,5.43,1.03,0.86,49.4,32.0,2,23.5,5.8,43.1,126,401.9,59.7,19,4,5.0,20.0,0.94,X-Ray Tube Anode
7.4,13458.0,41900.0,15,41.5,42.2,6,4.59,0.54,0.48,50.9,25.7,0,29.7,7.3,30.8,87,411.1,74.4,3,1,46.2,157.0,0.55,X-Ray Tube Anode
9.9,18925.0,66105.0,95,59.2,70.7,12,5.0,0.73,0.48,46.0,30.1,3,25.4,5.0,33.8,96,415.0,61.8,13,0,19.4,64.0,0.83,X-Ray Tube Anode
10.7,25821.0,82557.0,142,98.0,97.5,24,5.35,0.99,0.72,48.5,35.1,3,24.3,4.1,48.1,126,402.0,62.2,19,9,5.0,16.0,0.97,X-Ray Tube Anode
3.1,6624.0,22824.0,134,31.0,38.5,5,4.44,0.33,0.23,41.4,29.3,0,28.0,6.7,24.8,74,404.8,88.3,5,1,58.0,193.0,0.43,Coolant Loop Unit
2.9,6451.0,20477.0,81,26.2,41.2,5,4.41,0.33,0.08,37.1,25.7,1,27.8,6.7,29.2,78,407.7,89.0,10,2,47.7,157.0,0.51,Coolant Loop Unit
7.5,17040.0,47423.0,18,72.9,71.7,13,5.14,0.73,0.39,42.7,27.6,1,24.1,6.0,32.7,94,384.7,73.7,9,0,26.3,88.0,0.74,X-Ray Tube Anode
5.2,11893.0,38793.0,20,38.5,53.3,8,4.8,0.41,0.47,41.7,27.6,1,26.8,7.0,33.4,100,395.8,84.6,7,2,40.1,136.0,0.61,X-Ray Tube Anode
10.2,24911.0,82028.0,115,92.1,87.0,18,5.23,0.94,0.63,44.5,33.8,0,21.9,4.6,41.5,111,400.6,59.7,17,3,5.0,21.0,0.97,X-Ray Tube Anode
10.9,27102.0,100710.0,40,98.0,78.6,21,5.46,0.97,0.87,60.8,34.5,1,23.9,5.5,40.5,120,409.7,62.8,18,3,5.0,11.0,0.95,X-Ray Tube Anode
4.6,10517.0,37895.0,39,56.1,64.6,11,5.11,0.57,0.22,35.8,31.7,0,23.3,6.2,34.4,99,389.3,83.8,8,0,37.4,127.0,0.65,X-Ray Tube Anode
3.2,6451.0,22552.0,32,30.3,46.1,7,4.37,0.36,0.27,46.1,29.5,0,31.3,7.3,31.2,87,407.0,89.8,7,1,50.3,173.0,0.52,Coolant Loop Unit
9.5,22892.0,61125.0,124,96.4,87.7,22,5.41,1.0,0.64,46.4,31.2,2,21.8,4.3,39.3,106,396.7,68.8,19,3,5.0,12.0,0.94,X-Ray Tube Anode
3.7,6715.0,24044.0,108,18.3,40.8,3,4.54,0.31,0.22,42.1,25.7,0,30.0,6.5,30.0,89,405.3,85.6,4,1,59.8,201.0,0.39,Coolant Loop Unit
10.0,19539.0,63511.0,27,81.5,85.2,16,5.16,0.75,0.72,52.2,30.2,1,23.2,5.4,41.8,112,397.9,63.5,15,5,5.0,21.0,0.98,X-Ray Tube Anode
5.4,13047.0,50114.0,110,42.7,50.4,7,4.9,0.47,0.3,43.5,27.0,0,27.7,6.5,31.9,96,398.8,82.1,5,1,48.5,165.0,0.53,X-Ray Tube Anode
8.2,16185.0,62793.0,97,78.9,77.4,14,5.48,0.8,0.53,48.8,32.7,2,23.5,5.5,39.8,113,397.0,68.0,12,3,5.0,7.0,0.96,X-Ray Tube Anode
1.6,3125.0,8070.0,74,5.0,33.4,5,4.31,0.09,0.18,34.1,28.4,1,30.8,6.8,28.8,81,397.9,92.9,4,0,67.9,235.0,0.31,Coolant Loop Unit
7.7,14556.0,54308.0,17,51.9,52.3,10,4.79,0.56,0.71,48.5,28.8,0,27.6,6.9,33.1,91,410.7,72.5,11,1,22.9,78.0,0.73,X-Ray Tube Anode
5.7,13677.0,34965.0,49,42.9,46.5,8,4.86,0.49,0.33,38.1,27.2,0,25.2,6.4,27.4,80,392.6,82.2,7,0,46.6,150.0,0.54,X-Ray Tube Anode
7.2,15579.0,47528.0,81,63.0,57.8,12,5.08,0.69,0.42,44.7,27.3,1,26.5,5.7,33.9,100,389.8,74.0,10,2,21.0,67.0,0.8,X-Ray Tube Anode
2.4,5527.0,18313.0,116,22.5,43.6,4,4.09,0.31,0.26,36.8,27.1,1,30.8,7.1,29.5,94,391.4,91.1,6,0,55.6,188.0,0.46,Coolant Loop Unit
9.0,17655.0,48060.0,23,82.7,82.8,16,5.19,0.8,0.5,40.2,32.2,1,23.6,5.5,40.1,112,396.7,66.9,15,4,5.0,19.0,0.95,X-Ray Tube Anode
10.4,24290.0,87918.0,98,98.0,80.7,20,5.32,1.08,0.66,48.8,29.5,0,22.9,5.2,40.3,108,399.9,63.4,17,3,5.0,22.0,0.94,X-Ray Tube Anode
3.0,6979.0,17534.0,72,21.6,44.7,3,4.52,0.34,0.31,35.3,28.8,2,28.9,6.3,30.8,85,402.3,89.1,2,0,62.0,206.0,0.39,Coolant Loop Unit
1.6,3232.0,8896.0,141,19.9,38.6,2,4.41,0.31,0.11,38.3,26.0,1,32.2,5.6,30.6,86,400.0,91.5,4,1,58.8,198.0,0.44,Coolant Loop Unit
0.8,1611.0,5432.0,151,5.0,30.5,4,4.25,0.2,0.02,31.7,27.0,2,32.2,5.9,27.9,86,395.8,98.2,2,2,68.0,236.0,0.33,Coolant Loop Unit
7.9,15346.0,54809.0,57,55.6,49.9,12,4.74,0.61,0.52,43.9,28.0,1,26.8,6.6,32.6,95,416.6,67.4,13,2,23.5,85.0,0.74,X-Ray Tube Anode
7.5,18581.0,72001.0,148,75.3,72.8,15,5.21,0.84,0.58,40.8,31.2,0,25.4,4.4,42.8,113,405.7,73.1,15,3,5.0,15.0,0.95,X-Ray Tube Anode
6.8,15284.0,54384.0,86,52.1,60.4,13,5.07,0.57,0.43,49.5,28.2,1,28.7,5.6,34.1,97,394.8,80.6,9,0,29.8,99.0,0.69,X-Ray Tube Anode
3.2,7773.0,27266.0,23,39.6,48.6,9,4.55,0.46,0.23,35.6,27.3,0,26.6,7.0,29.9,87,400.8,83.6,6,0,50.0,172.0,0.53,X-Ray Tube Anode
5.0,10053.0,31078.0,105,58.4,64.2,12,4.69,0.66,0.24,39.3,30.7,0,26.9,5.7,36.8,99,409.5,78.6,9,2,30.5,93.0,0.69,X-Ray Tube Anode
7.3,17221.0,43086.0,163,66.5,72.9,14,5.0,0.78,0.57,42.1,30.6,1,24.2,4.6,38.6,106,396.5,76.9,14,1,14.5,49.0,0.88,X-Ray Tube Anode
6.2,14514.0,38900.0,67,52.8,54.5,10,4.83,0.65,0.41,41.5,26.9,0,29.6,6.0,31.9,91,399.1,79.7,8,2,32.8,111.0,0.68,X-Ray Tube Anode
11.9,27089.0,89444.0,34,98.0,95.6,20,5.55,1.01,0.71,55.9,33.6,0,20.6,4.7,43.2,120,397.4,54.5,19,3,5.0,15.0,0.94,X-Ray Tube Anode
2.1,5123.0,17995.0,33,16.0,24.5,5,4.21,0.27,0.08,37.7,25.5,0,31.0,8.3,24.0,76,410.0,88.2,5,0,69.5,239.0,0.29,Coolant Loop Unit
8.5,17630.0,55113.0,46,72.6,66.2,16,4.99,0.79,0.55,45.0,32.0,1,25.0,5.6,36.9,102,404.2,62.6,13,1,9.8,39.0,0.89,X-Ray Tube Anode
5.1,9741.0,35027.0,81,28.4,30.7,5,4.22,0.4,0.27,40.8,27.4,2,26.7,7.2,29.2,83,395.6,75.6,4,3,52.4,173.0,0.48,High Voltage Power Supply
5.4,12314.0,40425.0,173,51.8,53.6,13,5.03,0.63,0.22,38.1,28.3,1,24.2,4.5,31.9,94,418.0,79.4,11,2,24.8,81.0,0.73,X-Ray Tube Anode
8.8,20223.0,52806.0,147,96.2,84.9,21,5.39,0.95,0.49,45.6,31.4,3,22.3,4.9,39.3,105,392.9,71.9,14,4,5.0,20.0,0.96,X-Ray Tube Anode
8.5,18640.0,51969.0,87,58.5,67.1,10,4.83,0.69,0.53,48.9,29.7,2,28.9,6.0,35.9,105,400.7,72.6,15,1,15.8,46.0,0.83,X-Ray Tube Anode
11.9,23142.0,87013.0,15,83.2,81.3,16,5.0,0.87,0.65,48.3,31.0,1,23.8,5.4,38.4,104,410.5,59.7,15,5,5.0,14.0,0.92,X-Ray Tube Anode
2.0,4256.0,15267.0,123,13.5,28.2,4,4.18,0.25,0.14,38.8,26.1,0,31.8,6.3,22.2,65,399.9,87.8,6,1,63.3,226.0,0.34,Coolant Loop Unit
1.7,3426.0,13163.0,121,18.0,35.7,2,4.48,0.33,0.11,38.1,27.8,1,25.5,6.8,26.3,75,398.3,97.2,1,2,62.5,213.0,0.37,Coolant Loop Unit
8.8,18536.0,49608.0,78,81.3,67.9,19,5.01,0.87,0.43,43.4,32.0,0,25.1,5.2,41.1,108,404.4,70.0,14,6,5.0,16.0,0.96,X-Ray Tube Anode
7.2,16103.0,64174.0,66,70.9,63.2,13,5.07,0.78,0.41,41.8,29.0,1,26.4,6.1,39.7,108,402.2,69.6,11,0,24.4,74.0,0.79,X-Ray Tube Anode
3.7,8481.0,23865.0,39,20.4,36.8,3,4.75,0.26,0.37,41.6,25.6,0,31.7,6.7,28.6,87,394.3,82.5,2,0,66.1,213.0,0.33,Coolant Loop Unit
1.4,2774.0,6983.0,18,5.7,26.8,2,4.22,0.23,0.21,41.6,24.6,1,32.2,7.9,21.6,66,406.6,96.5,2,0,70.5,245.0,0.3,Coolant Loop Unit
1.5,3094.0,12366.0,160,5.2,29.1,3,4.12,0.18,0.18,41.3,22.6,3,30.9,7.0,23.7,66,394.3,96.4,4,1,61.5,203.0,0.38,Coolant Loop Unit
10.8,21441.0,62644.0,21,85.2,77.7,18,5.28,0.87,0.66,46.1,29.5,1,23.2,5.4,39.2,110,389.8,60.1,17,3,5.0,17.0,0.91,X-Ray Tube Anode
2.7,5248.0,18379.0,168,21.1,39.2,4,4.27,0.35,0.26,40.0,26.7,1,28.9,6.1,27.7,80,402.6,88.0,4,1,58.5,205.0,0.42,Coolant Loop Unit
4.2,9907.0,27394.0,27,28.7,43.8,5,4.8,0.49,0.22,37.7,27.8,2,30.2,7.3,29.0,83,394.1,85.7,6,0,59.1,198.0,0.41,Coolant Loop Unit
3.1,7569.0,25510.0,2,26.8,48.0,4,4.73,0.28,0.25,43.0,28.5,1,29.0,6.1,30.9,90,401.3,88.7,5,2,49.3,165.0,0.48,Coolant Loop Unit
4.6,9436.0,36386.0,97,42.4,44.0,7,4.68,0.44,0.21,38.3,26.1,1,30.0,6.7,26.9,78,404.2,84.8,6,2,40.3,141.0,0.63,X-Ray Tube Anode
1.3,3020.0,9000.0,39,7.1,26.0,3,4.15,0.3,0.04,42.5,24.4,1,33.1,7.5,23.9,67,402.6,90.2,4,0,73.1,255.0,0.28,Coolant Loop Unit
6.5,15707.0,55057.0,56,61.2,64.9,10,4.87,0.67,0.5,46.6,29.4,0,28.9,6.2,35.9,92,426.2,76.3,10,2,24.8,89.0,0.72,X-Ray Tube Anode
1.3,3056.0,8502.0,107,25.8,48.0,5,4.47,0.34,0.21,43.1,27.2,0,29.9,5.3,30.9,87,412.9,95.6,4,1,52.8,187.0,0.48,Coolant Loop Unit
9.7,18709.0,64307.0,127,90.8,77.6,20,5.35,0.91,0.53,43.7,32.3,2,22.7,5.3,41.0,115,405.7,65.6,18,5,5.0,5.0,0.98,X-Ray Tube Anode
3.2,7872.0,23652.0,13,14.2,30.4,5,4.53,0.29,0.39,43.7,23.7,0,31.9,7.3,25.4,76,405.2,87.9,4,0,64.2,220.0,0.36,Coolant Loop Unit
6.7,13848.0,39006.0,126,56.3,56.3,14,4.72,0.74,0.44,46.4,27.0,2,23.4,5.2,33.6,94,407.8,73.3,10,0,22.1,82.0,0.79,X-Ray Tube Anode
10.6,21640.0,64265.0,56,98.0,89.1,19,5.53,0.95,0.56,44.3,32.2,2,21.9,5.5,41.9,116,401.3,62.8,17,3,5.0,19.0,0.94,X-Ray Tube Anode
8.0,14722.0,40755.0,28,62.7,58.5,12,5.05,0.66,0.36,42.9,27.0,0,27.8,6.7,31.8,92,400.6,65.7,8,0,36.8,124.0,0.62,X-Ray Tube Anode
6.6,14188.0,54665.0,64,56.9,50.8,11,4.81,0.59,0.51,49.4,25.2,1,27.4,6.3,32.2,97,400.9,76.5,14,1,22.2,69.0,0.81,X-Ray Tube Anode
4.2,7936.0,24570.0,71,42.2,51.0,7,4.54,0.52,0.27,40.0,25.9,1,28.5,6.4,29.6,84,397.6,88.6,7,1,45.4,151.0,0.56,X-Ray Tube Anode
4.3,8546.0,24510.0,169,35.9,41.9,5,4.65,0.48,0.33,39.7,26.7,0,28.7,5.7,34.6,103,417.5,84.5,5,0,57.7,204.0,0.44,Coolant Loop Unit
8.2,16577.0,52594.0,119,72.0,64.0,14,4.9,0.83,0.28,46.6,30.6,0,27.4,4.9,40.2,106,393.3,67.5,10,0,24.5,83.0,0.75,X-Ray Tube Anode
11.9,28235.0,84162.0,100,98.0,85.1,22,5.53,1.02,0.82,49.6,33.2,2,22.6,4.9,41.2,115,409.1,56.3,17,4,5.0,14.0,0.96,X-Ray Tube Anode
8.1,19571.0,70781.0,41,79.9,66.9,15,4.99,0.95,0.53,47.1,32.4,2,23.6,6.5,36.4,102,407.9,68.2,14,5,5.0,9.0,0.95,X-Ray Tube Anode
6.9,13910.0,55040.0,4,59.1,70.3,12,4.99,0.6,0.31,39.7,30.6,1,29.7,6.7,37.1,99,406.9,75.4,10,0,29.6,103.0,0.72,X-Ray Tube Anode
8.9,21376.0,67484.0,158,92.4,86.3,18,5.3,0.89,0.62,45.7,32.7,1,20.8,4.1,43.7,117,401.9,67.9,18,3,5.0,13.0,0.95,X-Ray Tube Anode
5.8,14040.0,53233.0,88,52.7,63.2,10,4.75,0.65,0.51,48.5,29.2,1,26.0,5.8,36.3,102,394.3,75.7,14,1,24.2,82.0,0.79,X-Ray Tube Anode
1.2,2783.0,9319.0,84,7.5,23.7,4,4.27,0.17,0.31,41.1,24.5,2,30.4,7.1,25.4,79,405.1,98.1,9,0,57.7,205.0,0.42,Coolant Loop Unit
7.0,13255.0,36263.0,46,37.6,54.4,6,4.81,0.37,0.42,45.5,31.6,3,26.3,6.6,33.4,91,405.1,73.7,4,0,46.8,163.0,0.54,Coolant Loop Unit
11.5,26286.0,92946.0,159,98.0,88.3,21,5.2,0.97,0.69,43.5,33.0,1,24.1,4.4,41.1,108,420.4,60.0,16,5,5.0,24.0,0.91,X-Ray Tube Anode
2.5,6193.0,20252.0,88,32.4,44.2,6,4.53,0.4,0.15,39.9,27.8,1,27.5,6.6,30.3,84,406.7,94.9,5,1,53.6,183.0,0.49,Coolant Loop Unit
8.4,19213.0,66783.0,7,80.6,76.2,16,5.05,0.79,0.64,46.9,29.4,4,24.8,5.8,36.7,104,403.9,65.8,14,4,5.0,21.0,0.93,X-Ray Tube Anode
2.8,5712.0,21902.0,77,14.9,35.1,5,4.37,0.18,0.12,32.1,26.8,0,31.5,7.2,27.6,83,401.7,93.9,4,0,72.6,253.0,0.26,Coolant Loop Unit
6.7,14326.0,45280.0,136,42.1,50.8,7,4.6,0.47,0.48,51.3,29.1,3,28.9,5.5,34.0,90,398.4,73.9,9,0,35.2,116.0,0.62,Coolant Loop Unit
1.6,3630.0,13981.0,172,13.4,24.8,2,4.1,0.17,0.17,40.5,26.6,1,29.9,6.4,25.6,71,403.7,97.3,3,2,64.5,219.0,0.33,Coolant Loop Unit
5.7,12252.0,44427.0,141,56.4,52.4,10,4.72,0.64,0.39,44.3,29.2,0,27.5,5.9,33.7,92,406.5,82.7,6,1,35.2,116.0,0.67,X-Ray Tube Anode
9.2,17325.0,56009.0,93,65.5,67.9,14,5.23,0.59,0.39,47.3,30.0,1,25.1,5.6,36.8,99,395.5,64.9,10,0,24.0,79.0,0.74,X-Ray Tube Anode
4.5,9077.0,30906.0,20,24.7,37.1,6,4.53,0.33,0.26,41.5,26.2,3,30.2,6.2,31.8,87,397.8,82.9,7,1,50.9,172.0,0.46,Coolant Loop Unit
8.1,19239.0,57494.0,78,72.2,62.5,16,5.1,0.78,0.45,42.4,29.4,0,23.8,6.0,35.5,109,394.5,64.9,10,0,23.5,75.0,0.73,X-Ray Tube Anode
9.6,23183.0,92163.0,160,95.3,84.7,22,5.3,0.95,0.62,48.1,32.3,0,20.7,4.7,39.6,111,405.4,64.2,18,4,5.0,15.0,0.97,X-Ray Tube Anode
11.2,21165.0,74101.0,178,94.6,86.5,20,5.33,1.01,0.69,48.1,34.3,2,22.7,4.4,41.3,114,410.5,57.0,17,3,5.0,20.0,0.94,X-Ray Tube Anode
3.2,7889.0,20242.0,27,29.5,47.2,7,4.49,0.3,0.36,41.4,29.3,0,32.4,7.1,30.5,84,379.9,85.6,5,1,54.2,184.0,0.46,Coolant Loop Unit
5.1,10338.0,30910.0,120,49.8,46.4,8,4.88,0.51,0.34,38.8,28.7,0,26.9,6.5,32.7,95,398.9,81.4,4,1,48.3,160.0,0.54,X-Ray Tube Anode
2.3,5099.0,17516.0,25,28.0,36.5,5,4.55,0.34,0.14,35.2,29.4,3,28.9,6.8,28.1,86,415.9,92.4,5,1,57.7,200.0,0.43,Coolant Loop Unit
11.9,27714.0,71627.0,52,98.0,95.1,20,5.2,1.02,0.92,57.8,29.4,0,24.2,4.3,44.9,122,407.5,55.4,17,3,5.0,12.0,0.95,X-Ray Tube Anode
11.2,26432.0,67027.0,21,98.0,91.6,20,5.41,0.99,0.71,51.6,32.3,1,24.1,4.9,40.7,109,404.6,60.0,17,5,5.0,11.0,0.98,X-Ray Tube Anode
6.7,16519.0,52448.0,18,68.4,63.7,12,4.65,0.82,0.4,42.3,29.6,0,27.3,6.3,38.4,107,392.0,74.1,9,0,27.5,100.0,0.7,X-Ray Tube Anode
10.2,20561.0,61662.0,39,72.6,77.7,14,5.13,0.71,0.65,46.3,30.3,0,25.9,5.9,35.8,103,408.5,64.7,15,2,5.0,21.0,0.94,X-Ray Tube Anode
6.5,15585.0,49208.0,15,76.4,73.4,16,4.91,0.72,0.5,44.8,29.4,0,24.8,6.0,34.3,94,401.0,75.6,14,4,5.0,15.0,0.97,X-Ray Tube Anode
7.7,14515.0,42008.0,53,57.1,59.9,13,4.87,0.7,0.39,38.6,26.6,0,28.5,5.6,33.4,93,407.6,68.9,8,3,28.9,108.0,0.75,X-Ray Tube Anode
1.5,3497.0,9608.0,38,5.0,33.0,5,4.08,0.07,0.15,38.7,25.5,1,32.5,7.2,27.2,81,419.5,91.5,6,0,63.6,213.0,0.4,Coolant Loop Unit
9.2,21305.0,75286.0,176,79.6,84.6,15,5.16,0.85,0.65,52.2,33.5,2,23.5,4.3,41.0,120,391.0,66.0,15,4,5.0,20.0,0.93,X-Ray Tube Anode
2.0,4478.0,14650.0,52,10.3,24.4,3,4.41,0.14,0.19,46.2,26.1,0,32.7,7.4,22.5,72,413.1,94.0,5,1,64.7,212.0,0.35,Coolant Loop Unit
10.0,19766.0,55349.0,72,73.6,64.3,15,5.31,0.66,0.61,45.2,28.6,2,26.2,6.6,32.9,90,399.1,68.5,13,0,12.1,36.0,0.89,X-Ray Tube Anode
9.5,22890.0,68197.0,28,88.0,78.1,18,5.02,0.87,0.62,51.3,31.7,4,22.4,6.1,42.0,118,411.4,63.9,16,4,5.0,22.0,0.95,X-Ray Tube Anode
8.7,16594.0,56214.0,144,64.3,55.6,11,5.12,0.72,0.53,44.6,30.7,1,24.0,5.5,34.1,97,396.7,63.5,15,2,18.3,69.0,0.83,X-Ray Tube Anode
0.9,1683.0,4390.0,118,5.0,13.9,3,4.28,0.08,0.1,33.7,21.4,0,30.8,6.5,23.7,75,393.6,99.6,1,1,76.8,260.0,0.28,Coolant Loop Unit
4.0,9177.0,24971.0,144,35.9,43.1,7,4.56,0.45,0.26,37.3,26.9,3,27.6,6.5,33.4,93,407.5,86.7,5,2,45.4,166.0,0.53,Coolant Loop Unit
3.5,7520.0,19626.0,35,34.8,53.2,6,4.73,0.45,0.23,40.5,28.8,0,28.6,5.8,36.5,110,388.1,87.5,5,1,52.4,185.0,0.45,Coolant Loop Unit
4.6,11114.0,41326.0,145,38.5,54.4,9,4.63,0.38,0.34,39.7,28.5,1,29.9,5.4,31.4,87,395.3,78.8,6,0,45.8,152.0,0.55,Coolant Loop Unit
1.5,3119.0,11317.0,99,21.9,35.6,2,4.57,0.29,0.02,33.6,27.5,0,29.8,6.1,28.3,86,395.3,93.5,1,0,72.1,243.0,0.27,Coolant Loop Unit
11.3,21623.0,78491.0,52,76.7,75.0,18,4.97,0.87,0.58,46.3,28.8,3,25.7,5.5,39.8,116,396.0,61.7,18,5,5.0,10.0,0.96,X-Ray Tube Anode
6.9,16385.0,58569.0,140,70.5,59.4,16,4.95,0.77,0.49,43.6,27.6,2,27.0,5.4,34.7,99,406.4,70.7,10,3,8.6,27.0,0.92,X-Ray Tube Anode
4.0,8766.0,30718.0,83,48.2,48.1,8,4.92,0.52,0.18,36.4,28.8,1,25.7,5.7,29.9,82,405.6,87.7,4,0,50.0,171.0,0.5,X-Ray Tube Anode
5.1,9788.0,31474.0,48,37.7,36.9,6,4.88,0.46,0.26,33.5,23.9,2,29.2,5.9,23.0,72,400.5,82.5,5,0,53.5,182.0,0.45,Coolant Loop Unit
5.6,13003.0,45033.0,22,53.6,62.6,9,4.84,0.55,0.59,48.2,30.7,1,24.8,5.9,37.4,99,395.2,82.9,13,1,25.8,88.0,0.74,X-Ray Tube Anode
7.4,15982.0,40875.0,123,56.2,52.2,13,4.46,0.66,0.39,43.7,28.9,2,26.3,5.3,36.5,106,400.0,75.5,11,2,21.7,79.0,0.78,X-Ray Tube Anode
6.4,14295.0,49062.0,127,53.1,64.5,8,4.81,0.63,0.4,41.4,30.9,1,26.9,5.0,37.6,107,391.0,69.9,6,0,37.3,128.0,0.65,X-Ray Tube Anode
11.1,23504.0,86184.0,177,98.0,91.5,21,5.38,0.99,0.61,49.5,32.3,2,22.6,4.0,43.8,128,391.0,57.2,19,3,5.0,20.0,0.95,X-Ray Tube Anode
6.2,14792.0,48084.0,52,65.2,60.2,13,4.95,0.7,0.44,48.8,30.0,2,24.6,6.7,32.2,82,395.4,79.3,12,2,18.0,63.0,0.79,X-Ray Tube Anode
11.9,28354.0,86089.0,79,98.0,81.8,21,5.43,0.93,0.74,51.4,30.1,3,24.0,5.0,40.7,116,389.5,53.6,17,4,5.0,18.0,0.98,X-Ray Tube Anode
10.3,23635.0,68923.0,129,79.0,77.9,18,5.08,0.74,0.66,53.5,30.7,1,24.9,4.7,42.4,108,402.2,60.6,16,4,5.0,22.0,0.95,X-Ray Tube Anode
2.9,5430.0,18811.0,66,16.0,39.2,5,4.52,0.23,0.14,44.7,26.8,0,31.3,6.7,29.3,92,405.8,88.4,5,2,55.9,194.0,0.48,Coolant Loop Unit
11.2,26741.0,94642.0,64,98.0,93.0,23,5.2,0.98,0.85,61.2,31.8,2,22.9,5.3,38.6,107,401.1,58.3,20,4,5.0,11.0,0.94,X-Ray Tube Anode
1.8,4172.0,15881.0,8,20.0,31.0,4,4.63,0.33,0.17,35.1,26.0,2,29.5,7.7,28.3,78,392.1,86.6,5,2,59.0,210.0,0.39,Coolant Loop Unit
9.9,22652.0,68262.0,25,94.9,88.2,22,5.57,1.0,0.57,44.1,30.9,0,21.3,4.7,43.7,121,397.4,65.7,22,3,5.0,18.0,0.94,X-Ray Tube Anode
4.9,10018.0,36613.0,94,41.4,45.2,9,4.56,0.48,0.38,42.1,27.8,0,28.9,5.9,28.3,81,408.4,81.3,9,1,41.9,138.0,0.58,X-Ray Tube Anode
10.6,25596.0,85544.0,179,97.5,98.2,21,5.23,1.04,0.66,49.8,36.4,9,21.9,4.3,46.4,124,410.4,62.6,17,7,5.0,17.0,0.94,X-Ray Tube Anode
10.5,24191.0,92514.0,15,98.0,93.6,23,5.44,0.93,0.57,52.3,31.3,1,22.9,5.2,43.6,115,391.4,61.7,18,4,5.0,18.0,0.94,X-Ray Tube Anode
9.8,18353.0,60411.0,178,61.2,65.1,12,4.76,0.7,0.54,48.7,29.8,0,29.3,5.3,36.4,102,404.6,58.0,15,2,11.3,41.0,0.88,X-Ray Tube Anode
9.6,19990.0,65495.0,122,67.1,65.4,13,4.93,0.66,0.74,47.6,27.4,1,25.7,5.7,33.7,102,394.4,63.5,12,1,13.9,52.0,0.89,X-Ray Tube Anode
4.0,9691.0,32628.0,75,32.9,45.4,5,4.76,0.46,0.16,36.7,26.2,3,30.0,5.5,30.3,88,410.5,82.2,5,2,45.7,159.0,0.54,Coolant Loop Unit
1.4,2622.0,9503.0,104,12.0,25.3,3,4.45,0.21,0.01,35.2,26.1,1,31.4,6.2,21.9,59,410.9,94.1,4,4,60.7,216.0,0.44,High Voltage Power Supply
5.1,12697.0,50116.0,38,38.2,37.3,5,4.96,0.34,0.45,40.4,25.8,0,29.1,6.9,29.9,86,381.1,83.0,3,1,53.9,184.0,0.48,Coolant Loop Unit
2.5,5678.0,14822.0,168,23.7,34.5,5,4.51,0.35,0.15,38.3,27.3,1,28.3,6.2,25.8,80,393.5,89.1,5,0,62.9,213.0,0.37,Coolant Loop Unit
8.5,19039.0,49123.0,115,68.2,76.3,13,4.93,0.75,0.61,44.8,31.7,0,24.6,5.0,41.3,118,404.4,71.2,14,1,13.8,40.0,0.88,X-Ray Tube Anode
4.5,8913.0,34816.0,39,28.8,42.7,4,4.55,0.34,0.22,34.9,27.0,0,31.0,6.7,30.2,87,383.2,87.4,4,0,62.0,216.0,0.37,Coolant Loop Unit
11.7,23136.0,76229.0,108,98.0,80.3,22,5.35,0.96,0.68,47.1,30.1,2,24.0,5.0,39.2,103,412.8,59.7,18,5,5.0,20.0,0.97,X-Ray Tube Anode
7.9,19359.0,66252.0,17,77.7,82.1,17,5.11,0.79,0.71,51.8,32.9,4,25.2,5.7,38.3,108,404.2,77.1,17,4,5.0,14.0,0.98,X-Ray Tube Anode
10.0,20005.0,64488.0,135,72.8,66.3,15,5.07,0.66,0.49,46.9,30.4,1,24.1,5.2,36.8,104,388.5,60.6,12,0,16.3,57.0,0.85,X-Ray Tube Anode
2.0,4742.0,12521.0,118,20.5,29.2,5,4.31,0.17,0.26,41.0,23.2,2,32.8,5.6,28.8,83,408.9,95.1,8,4,43.4,148.0,0.56,Coolant Loop Unit
10.4,21609.0,78920.0,39,74.7,68.2,15,5.14,0.84,0.68,52.9,28.7,2,23.8,5.9,37.8,109,409.0,61.1,15,1,5.0,18.0,0.96,X-Ray Tube Anode
11.1,21084.0,76343.0,35,87.4,82.7,18,5.04,0.85,0.49,48.5,27.8,0,24.4,5.4,41.4,111,405.5,61.1,10,4,5.0,16.0,0.94,X-Ray Tube Anode
6.1,11028.0,32726.0,51,53.0,58.0,9,4.73,0.67,0.39,44.2,26.9,1,26.2,5.8,33.4,94,404.4,73.1,8,2,29.7,102.0,0.68,X-Ray Tube Anode
7.5,16296.0,48226.0,47,70.5,69.2,14,5.03,0.8,0.49,46.0,29.8,0,28.1,5.6,38.3,111,407.7,78.6,9,1,20.6,62.0,0.8,X-Ray Tube Anode
9.3,23081.0,86709.0,36,98.0,93.0,19,5.04,1.06,0.67,50.2,31.6,1,22.9,4.6,40.6,110,391.9,64.3,16,5,5.0,15.0,0.92,X-Ray Tube Anode
2.5,5168.0,13481.0,64,5.2,19.9,1,4.38,0.11,0.21,39.3,23.1,1,34.1,7.5,23.0,73,402.2,92.7,5,2,69.3,237.0,0.3,Coolant Loop Unit
6.3,12873.0,49197.0,95,52.5,62.4,10,4.52,0.49,0.37,36.5,31.6,2,26.9,5.3,35.4,91,394.2,82.4,7,0,37.9,125.0,0.63,X-Ray Tube Anode
5.1,10377.0,29938.0,105,30.8,35.0,5,4.67,0.32,0.33,45.7,27.7,1,30.0,6.5,24.9,73,409.6,81.1,7,0,54.2,186.0,0.49,Coolant Loop Unit
2.2,4725.0,16017.0,13,17.5,37.9,3,4.22,0.24,0.2,40.5,25.5,1,29.4,7.0,26.8,84,400.3,95.1,1,0,67.2,239.0,0.32,Coolant Loop Unit
4.7,9966.0,38907.0,146,39.9,51.2,9,4.62,0.34,0.38,39.6,29.3,0,27.9,5.6,35.6,100,382.4,78.7,7,1,41.4,135.0,0.57,Coolant Loop Unit
1.3,3102.0,10910.0,149,30.6,45.1,7,4.65,0.35,0.01,39.5,29.2,1,27.2,6.2,31.2,86,388.2,97.2,5,2,51.6,166.0,0.5,Coolant Loop Unit
0.8,1716.0,5358.0,112,6.4,24.1,3,4.61,0.15,0.2,37.6,25.8,1,31.0,6.5,26.4,76,399.9,96.7,3,1,66.7,233.0,0.34,Coolant Loop Unit
2.1,4428.0,15650.0,65,17.1,35.3,4,4.42,0.19,0.08,36.3,26.7,1,30.7,6.8,26.1,76,395.7,91.2,5,3,59.8,214.0,0.4,Coolant Loop Unit
11.6,21958.0,66224.0,8,95.9,78.7,22,5.05,0.91,0.7,53.4,33.1,0,21.0,6.2,35.1,106,396.0,56.6,19,3,5.0,19.0,0.92,X-Ray Tube Anode
6.8,16967.0,49473.0,48,67.4,74.2,13,5.15,0.7,0.51,46.9,32.1,0,23.0,5.8,40.8,118,394.0,70.8,15,0,19.2,65.0,0.83,X-Ray Tube Anode
11.6,22924.0,91580.0,85,98.0,79.7,21,5.34,1.0,0.56,51.3,29.7,0,21.4,4.9,38.5,111,393.3,58.8,17,6,5.0,14.0,0.91,X-Ray Tube Anode
5.5,10134.0,36747.0,43,45.9,45.1,8,4.76,0.47,0.36,41.9,27.1,3,29.1,6.1,29.5,82,403.0,78.6,5,1,44.4,154.0,0.56,X-Ray Tube Anode
4.1,9251.0,32075.0,85,43.6,52.1,7,4.81,0.51,0.22,44.9,27.4,0,27.8,5.8,29.5,84,406.0,86.6,6,0,51.8,176.0,0.51,X-Ray Tube Anode
6.3,14011.0,42495.0,155,41.1,53.6,7,4.36,0.48,0.51,43.9,30.2,2,25.7,5.6,35.6,101,402.1,77.8,9,0,36.5,128.0,0.64,Coolant Loop Unit
5.6,11612.0,29886.0,19,62.3,55.2,11,4.95,0.66,0.3,45.6,27.7,0,26.6,6.6,32.9,92,405.3,80.5,7,0,32.1,101.0,0.67,X-Ray Tube Anode
1.7,3594.0,9153.0,23,9.1,34.8,1,4.25,0.15,0.03,28.8,25.0,1,32.8,7.4,26.0,81,400.5,94.9,1,2,74.0,253.0,0.24,Coolant Loop Unit
7.9,18490.0,61594.0,115,73.9,81.2,16,5.27,0.7,0.67,46.3,33.3,3,23.9,4.8,41.7,113,387.6,68.3,16,1,5.0,13.0,0.94,X-Ray Tube Anode
3.0,5781.0,21060.0,50,17.9,34.7,4,4.52,0.35,0.22,40.7,26.5,1,28.4,6.7,26.3,80,412.0,84.1,4,0,63.5,221.0,0.41,Coolant Loop Unit
7.6,18104.0,59852.0,179,64.2,64.6,11,4.73,0.71,0.6,47.0,32.9,0,24.7,4.3,35.6,96,411.5,69.4,12,0,21.5,67.0,0.77,X-Ray Tube Anode
8.0,17982.0,67633.0,43,62.3,68.4,12,5.14,0.71,0.46,44.9,28.9,1,25.1,5.5,34.3,94,405.0,70.2,7,0,31.6,111.0,0.69,X-Ray Tube Anode
2.2,4706.0,12002.0,99,19.7,30.3,3,4.5,0.27,0.02,35.7,24.9,0,31.3,6.3,23.7,69,390.1,88.3,1,0,70.0,235.0,0.28,Coolant Loop Unit
1.2,2556.0,7798.0,104,5.0,23.4,2,4.03,0.14,0.25,37.0,26.5,0,31.0,7.4,25.6,73,388.2,91.0,3,0,77.1,260.0,0.22,Coolant Loop Unit
9.5,18765.0,53584.0,116,73.1,79.5,15,5.09,0.78,0.55,43.7,29.6,0,25.5,4.5,42.9,113,394.1,61.2,15,2,10.3,39.0,0.86,X-Ray Tube Anode
5.8,13465.0,42696.0,51,62.3,72.7,14,5.1,0.57,0.45,45.6,32.7,3,22.5,5.3,34.5,94,417.2,78.2,11,1,16.8,53.0,0.83,X-Ray Tube Anode
1.2,2524.0,6583.0,106,15.2,39.1,6,4.2,0.18,0.17,36.7,24.9,1,31.3,6.1,28.6,82,403.0,94.1,7,1,57.7,189.0,0.42,Coolant Loop Unit
11.9,24176.0,95039.0,112,98.0,83.8,20,5.58,0.94,0.67,53.7,33.0,2,21.8,5.3,40.9,113,400.2,57.2,16,3,5.0,17.0,0.98,X-Ray Tube Anode
1.2,2582.0,7319.0,169,5.0,18.1,0,4.03,0.12,0.14,37.4,21.4,0,31.8,6.7,21.5,64,401.0,97.3,4,0,78.7,264.0,0.2,Coolant Loop Unit
8.5,21207.0,82356.0,72,72.1,66.5,14,4.95,0.71,0.74,53.5,30.0,0,25.2,5.7,34.3,94,396.9,69.3,14,0,14.7,43.0,0.84,X-Ray Tube Anode
11.8,24861.0,78035.0,139,98.0,87.4,23,5.23,1.0,0.71,52.0,30.4,3,22.5,3.9,43.1,122,399.5,59.3,18,4,5.0,19.0,0.97,X-Ray Tube Anode
3.3,7946.0,31611.0,80,28.2,36.0,5,4.74,0.36,0.34,40.6,29.2,1,28.8,6.6,26.0,77,400.8,89.5,3,0,55.6,190.0,0.44,Coolant Loop Unit
2.1,4360.0,14525.0,151,16.8,29.2,2,4.33,0.32,0.01,29.3,23.9,2,29.9,6.6,25.8,73,395.4,87.9,3,0,68.9,235.0,0.31,Coolant Loop Unit
1.9,3485.0,13580.0,49,12.4,31.1,2,4.17,0.33,0.23,43.7,24.5,1,31.8,7.6,23.0,68,390.3,98.4,1,3,60.5,208.0,0.39,Coolant Loop Unit
4.0,7748.0,19432.0,166,36.4,50.7,9,4.7,0.36,0.13,35.0,28.9,0,25.6,4.6,32.0,91,400.9,82.5,6,1,48.8,156.0,0.49,Coolant Loop Unit
1.7,3479.0,12601.0,47,28.7,44.8,5,4.64,0.37,0.22,38.7,26.5,1,29.4,6.3,29.3,89,393.9,92.9,3,0,60.8,203.0,0.38,Coolant Loop Unit
8.5,16528.0,63710.0,72,77.8,80.8,15,5.23,0.81,0.52,46.0,32.7,2,23.8,5.3,39.2,109,408.6,67.6,14,6,5.0,18.0,0.95,X-Ray Tube Anode
1.2,2190.0,5933.0,7,5.0,14.1,2,4.22,0.14,0.1,37.1,22.6,4,35.2,8.4,22.4,68,403.9,94.4,6,0,72.2,251.0,0.25,Detector Array
6.4,15518.0,41031.0,66,59.6,52.7,12,4.95,0.58,0.46,47.9,27.1,0,26.6,5.7,31.4,89,399.2,80.5,9,2,27.4,94.0,0.7,X-Ray Tube Anode
12.0,28598.0,89707.0,77,98.0,94.4,24,5.28,0.94,0.79,52.5,33.3,1,24.4,4.3,46.2,122,394.3,60.5,21,8,5.0,23.0,0.97,X-Ray Tube Anode
9.9,22873.0,89216.0,62,98.0,89.3,22,5.63,0.99,0.59,47.7,30.9,0,24.5,4.9,36.5,101,405.5,63.1,17,4,5.0,14.0,0.96,X-Ray Tube Anode
7.6,14525.0,48129.0,157,58.1,62.3,13,5.07,0.58,0.42,47.3,30.1,0,26.0,4.6,36.0,98,405.8,68.2,10,1,24.2,79.0,0.76,X-Ray Tube Anode
4.0,7578.0,24942.0,38,35.2,35.7,6,4.78,0.42,0.43,46.2,27.6,1,28.8,6.2,23.5,74,396.3,90.6,6,1,43.4,146.0,0.56,Coolant Loop Unit
7.7,14178.0,38446.0,125,53.6,52.6,10,4.96,0.57,0.53,44.5,29.1,2,25.2,6.6,34.1,100,402.9,76.5,12,2,21.8,74.0,0.79,X-Ray Tube Anode
6.6,15135.0,37855.0,84,52.2,59.3,10,4.9,0.58,0.38,40.0,30.1,0,25.8,5.7,38.2,107,393.1,69.2,8,0,36.6,116.0,0.59,X-Ray Tube Anode
5.4,13231.0,49155.0,161,46.0,59.4,7,4.57,0.47,0.42,41.9,26.2,2,28.7,4.9,34.8,92,401.3,80.7,5,2,36.9,125.0,0.61,Coolant Loop Unit
2.0,4209.0,11076.0,29,5.0,31.8,1,4.35,0.15,0.17,38.6,25.1,1,31.5,6.7,29.7,89,393.5,87.7,1,1,73.1,248.0,0.28,Coolant Loop Unit
10.7,20145.0,69515.0,114,70.5,69.3,12,5.06,0.69,0.58,43.9,30.0,0,26.6,5.2,35.5,102,396.1,61.0,13,0,15.7,50.0,0.83,X-Ray Tube Anode
5.7,12245.0,47412.0,79,37.2,46.9,8,4.84,0.44,0.3,41.8,29.8,1,28.9,6.0,32.7,90,406.9,79.7,7,1,44.5,147.0,0.55,Coolant Loop Unit
2.7,5597.0,15745.0,23,14.1,36.5,4,4.49,0.29,0.23,39.8,25.5,1,31.5,7.4,28.4,81,409.5,91.1,4,0,61.2,209.0,0.4,Coolant Loop Unit
4.7,9753.0,34117.0,106,30.3,41.9,5,4.65,0.39,0.38,35.7,23.6,1,31.4,5.8,29.4,87,388.9,77.3,8,1,46.0,159.0,0.52,Coolant Loop Unit
5.3,11761.0,30792.0,131,50.2,55.5,8,4.55,0.57,0.3,37.3,27.2,0,28.3,5.6,33.3,92,398.8,85.3,7,2,39.8,136.0,0.59,X-Ray Tube Anode
10.0,23069.0,78566.0,101,95.1,94.7,19,5.33,1.0,0.82,44.4,32.4,0,22.7,4.5,44.8,121,405.4,60.9,18,4,5.0,18.0,0.94,X-Ray Tube Anode
8.9,16778.0,46070.0,173,70.3,75.0,14,4.96,0.66,0.62,47.6,27.8,1,24.9,4.8,39.4,108,391.7,66.1,12,2,6.0,20.0,0.94,X-Ray Tube Anode
9.3,17057.0,61474.0,8,77.6,82.5,15,5.17,0.88,0.55,50.3,33.4,0,26.5,5.6,40.7,110,396.8,66.8,13,4,5.0,17.0,0.92,X-Ray Tube Anode
0.6,1565.0,4619.0,86,5.6,18.3,0,4.21,0.1,0.01,29.5,21.8,1,33.9,7.4,26.5,80,404.4,95.1,4,0,76.7,264.0,0.24,Coolant Loop Unit
5.3,10375.0,33151.0,117,35.3,45.2,7,4.58,0.46,0.36,38.9,28.1,3,29.2,6.1,34.2,97,395.7,82.0,5,0,44.6,160.0,0.55,Coolant Loop Unit
6.0,11091.0,37701.0,29,62.1,70.3,15,5.01,0.7,0.37,42.6,28.8,2,25.2,6.3,38.0,103,389.4,79.0,10,0,24.7,91.0,0.76,X-Ray Tube Anode
0.7,1393.0,3841.0,2,12.8,21.2,1,4.29,0.17,0.13,34.6,26.8,2,34.5,8.0,26.5,76,397.3,98.1,0,1,69.8,232.0,0.29,Coolant Loop Unit
3.5,6373.0,23023.0,113,26.7,44.6,5,4.54,0.39,0.35,39.4,26.9,2,28.7,6.0,28.0,86,398.3,87.7,9,0,48.7,155.0,0.51,Coolant Loop Unit
9.2,19173.0,56637.0,178,77.4,67.8,17,4.9,0.82,0.55,48.7,29.4,1,25.0,5.4,38.2,107,412.5,62.5,18,4,5.0,20.0,0.97,X-Ray Tube Anode
2.1,4905.0,17135.0,65,21.9,41.5,4,4.34,0.39,0.34,41.1,27.8,3,30.0,6.4,30.8,83,418.8,93.1,4,1,53.9,183.0,0.47,Coolant Loop Unit
6.7,13571.0,37149.0,108,52.7,59.1,10,4.93,0.58,0.44,40.3,27.6,2,25.5,6.2,32.7,95,402.7,80.0,6,1,35.4,120.0,0.67,X-Ray Tube Anode
3.0,6280.0,22181.0,20,26.1,32.2,5,4.33,0.33,0.19,33.0,26.7,3,30.5,7.7,29.7,89,400.8,86.7,4,1,55.0,189.0,0.43,Coolant Loop Unit
0.6,1453.0,3913.0,37,9.8,26.3,2,4.5,0.16,0.28,47.8,24.4,0,32.4,7.5,27.3,81,391.1,96.6,1,1,65.4,221.0,0.36,Coolant Loop Unit
3.3,7059.0,22152.0,72,22.4,39.3,5,4.62,0.21,0.3,45.1,25.8,0,28.8,6.6,29.3,85,388.8,90.5,6,0,54.4,177.0,0.44,Coolant Loop Unit
11.7,28169.0,80869.0,27,98.0,91.3,20,5.34,0.97,0.76,50.5,32.8,1,23.4,5.0,41.4,111,409.3,60.9,17,5,5.0,11.0,0.9,X-Ray Tube Anode
9.7,23383.0,84706.0,175,76.9,72.4,20,5.57,0.78,0.68,50.2,29.1,0,23.7,4.8,35.3,99,388.2,62.8,17,5,5.0,12.0,0.97,X-Ray Tube Anode
11.5,20843.0,60301.0,123,90.5,91.3,19,5.47,0.93,0.66,48.0,32.7,2,22.5,4.6,41.2,113,405.3,56.0,15,4,5.0,20.0,0.97,X-Ray Tube Anode
6.1,14326.0,54764.0,134,44.6,51.6,10,4.59,0.43,0.42,45.8,28.7,1,26.6,5.7,35.5,97,419.1,77.6,10,2,27.6,103.0,0.75,X-Ray Tube Anode
1.8,3740.0,14352.0,45,18.7,33.2,3,4.54,0.26,0.16,36.0,22.5,0,32.7,7.2,25.5,77,391.8,93.8,2,3,61.7,207.0,0.35,Coolant Loop Unit
6.8,16951.0,47371.0,172,58.6,52.2,11,4.91,0.66,0.44,43.0,29.9,0,27.1,5.7,34.6,98,384.7,77.6,6,1,36.7,138.0,0.64,X-Ray Tube Anode
5.7,12242.0,41878.0,83,39.9,56.3,7,4.56,0.49,0.24,41.7,30.0,3,26.1,5.6,34.2,100,403.8,72.7,4,2,43.0,137.0,0.57,Coolant Loop Unit
10.2,25432.0,66925.0,146,96.0,80.7,20,5.19,0.87,0.74,55.6,28.9,0,22.8,4.4,36.7,106,410.3,62.6,20,6,5.0,14.0,0.97,X-Ray Tube Anode
1.6,3790.0,11701.0,120,16.7,32.3,2,4.55,0.29,0.16,40.8,22.9,1,30.9,5.9,26.6,79,392.1,93.4,1,0,71.0,242.0,0.26,Coolant Loop Unit
6.1,12071.0,43092.0,65,38.0,52.7,12,4.57,0.43,0.41,47.8,29.6,1,29.1,6.4,29.9,86,407.7,72.6,8,2,29.6,88.0,0.7,X-Ray Tube Anode
2.2,4845.0,16904.0,25,14.4,24.4,3,4.36,0.22,0.13,37.0,26.1,0,29.9,8.1,24.7,73,410.0,91.8,2,2,67.3,236.0,0.33,Coolant Loop Unit
4.2,10561.0,36299.0,27,42.0,50.0,6,4.57,0.36,0.22,38.1,28.9,0,27.8,6.1,33.2,91,403.1,82.0,9,0,47.6,158.0,0.54,Coolant Loop Unit
9.0,21553.0,63018.0,135,76.5,68.4,15,5.01,0.86,0.55,41.2,28.1,1,25.1,4.9,36.9,108,396.8,70.6,15,5,5.0,17.0,0.96,X-Ray Tube Anode
6.0,11161.0,34230.0,172,56.1,64.4,13,4.85,0.61,0.43,44.7,32.5,0,25.3,4.4,39.8,106,406.5,77.1,9,1,24.6,86.0,0.75,X-Ray Tube Anode
4.8,11066.0,29373.0,106,30.5,42.6,7,4.62,0.3,0.29,42.6,26.0,1,32.3,6.0,31.8,90,395.8,81.8,5,0,52.7,171.0,0.47,Coolant Loop Unit
5.0,10284.0,36802.0,157,39.4,54.7,5,4.28,0.47,0.29,40.5,28.9,1,27.2,4.6,33.2,88,399.6,77.6,5,1,43.6,160.0,0.56,Coolant Loop Unit
5.8,10439.0,33987.0,44,51.9,64.2,9,4.83,0.58,0.3,39.3,30.1,0,26.5,6.5,35.6,110,397.1,82.6,6,1,40.1,137.0,0.61,X-Ray Tube Anode
9.5,19841.0,70696.0,107,68.8,71.1,12,4.91,0.78,0.53,50.4,32.9,1,25.2,5.6,35.6,100,402.2,68.5,12,3,7.4,23.0,0.91,X-Ray Tube Anode
10.8,21134.0,60727.0,36,83.7,83.1,18,5.41,0.84,0.56,49.2,32.2,1,23.0,5.6,39.5,107,401.4,61.5,14,3,5.0,11.0,0.95,X-Ray Tube Anode
11.5,27260.0,81415.0,147,98.0,89.6,22,5.8,0.98,0.71,54.5,33.4,1,21.3,4.8,43.8,123,399.8,58.0,18,4,5.0,18.0,0.95,X-Ray Tube Anode
9.5,19444.0,58357.0,6,71.3,67.6,14,5.0,0.71,0.68,47.1,30.0,3,25.8,6.6,35.4,96,398.1,68.2,12,0,12.9,36.0,0.83,X-Ray Tube Anode
4.1,9820.0,24928.0,153,38.7,50.0,5,4.41,0.48,0.37,40.9,26.2,2,30.2,5.6,29.1,88,404.8,86.6,3,2,45.4,155.0,0.51,Coolant Loop Unit
8.4,15148.0,45619.0,159,65.1,73.7,13,5.0,0.65,0.55,50.8,27.4,2,28.5,4.3,40.0,109,394.2,67.3,12,0,11.1,45.0,0.86,X-Ray Tube Anode
5.5,11150.0,41312.0,9,40.9,46.9,9,4.66,0.42,0.46,45.1,27.7,3,28.1,6.6,29.5,90,393.5,77.2,6,1,37.4,133.0,0.62,X-Ray Tube Anode
3.4,6751.0,25962.0,165,33.1,39.5,5,4.89,0.39,0.04,34.2,24.6,0,28.8,5.8,27.4,88,409.1,84.3,4,2,55.0,184.0,0.46,Coolant Loop Unit
10.2,19969.0,65444.0,155,83.0,75.9,18,5.45,0.79,0.61,46.9,31.6,0,22.7,4.5,37.3,108,407.4,63.2,20,6,5.0,16.0,0.94,X-Ray Tube Anode
0.9,1740.0,5540.0,13,5.0,22.2,4,4.39,0.23,0.05,36.1,24.9,2,34.2,8.4,21.8,68,394.5,94.6,4,1,70.5,242.0,0.26,Coolant Loop Unit
10.9,20990.0,53446.0,41,93.0,76.6,22,5.23,1.03,0.7,53.4,31.4,0,23.6,5.8,38.9,107,394.0,64.5,21,3,5.0,23.0,0.97,X-Ray Tube Anode
5.8,12711.0,48540.0,128,44.9,51.4,10,4.84,0.48,0.33,41.8,26.6,0,27.2,5.8,31.6,91,394.4,81.9,7,1,39.8,143.0,0.61,X-Ray Tube Anode
7.8,15687.0,39523.0,66,69.6,68.6,15,5.07,0.66,0.38,45.8,31.8,1,23.9,6.1,36.6,105,385.2,71.2,10,0,25.6,95.0,0.74,X-Ray Tube Anode
8.1,16910.0,66239.0,85,61.9,65.1,11,4.98,0.67,0.39,44.9,30.5,0,24.2,5.8,34.9,96,407.6,72.6,9,0,31.8,103.0,0.69,X-Ray Tube Anode
10.8,22276.0,72038.0,24,86.6,77.9,18,5.01,0.86,0.62,46.0,29.6,1,24.1,5.7,39.9,110,402.9,64.2,17,3,5.0,21.0,0.93,X-Ray Tube Anode
7.8,18875.0,56868.0,44,74.2,74.2,14,5.25,0.83,0.63,46.1,34.0,0,24.6,6.4,36.9,102,392.8,78.5,13,1,11.3,32.0,0.91,X-Ray Tube Anode
7.6,18399.0,71506.0,106,76.3,81.0,16,5.13,0.75,0.56,46.0,31.4,2,26.8,5.2,36.8,105,405.7,74.9,18,5,5.0,15.0,0.96,X-Ray Tube Anode
1.3,2717.0,6891.0,98,5.0,32.6,4,4.24,0.17,0.03,31.6,23.9,1,34.1,6.4,24.3,67,407.1,96.4,3,3,65.2,216.0,0.35,Coolant Loop Unit
6.5,13124.0,44257.0,60,56.2,61.0,9,4.78,0.61,0.57,46.0,28.2,1,27.1,6.1,33.1,89,399.6,69.3,10,1,28.4,91.0,0.71,X-Ray Tube Anode
2.2,4175.0,13875.0,9,15.9,22.0,3,4.27,0.21,0.21,44.2,22.4,1,31.0,7.5,25.5,72,403.6,94.5,1,0,70.9,242.0,0.29,Coolant Loop Unit
9.0,22158.0,62685.0,130,90.9,93.0,19,5.34,0.93,0.7,50.4,35.2,2,22.9,4.1,42.2,117,403.4,67.9,16,3,5.0,14.0,0.96,X-Ray Tube Anode
6.4,11772.0,37005.0,56,51.1,59.9,11,4.55,0.6,0.47,43.0,30.8,2,24.0,6.4,34.3,95,399.9,74.5,9,1,27.7,96.0,0.69,X-Ray Tube Anode
8.3,16715.0,58141.0,158,70.0,65.7,13,5.16,0.73,0.36,48.8,31.0,1,23.9,4.9,37.4,109,400.2,67.5,9,0,26.1,83.0,0.72,X-Ray Tube Anode
1.0,1967.0,7063.0,22,5.0,16.4,1,4.1,0.15,0.03,32.9,24.8,2,33.1,7.5,19.2,65,402.9,96.7,2,1,76.2,262.0,0.23,Coolant Loop Unit
1.5,2986.0,7468.0,81,5.0,16.4,4,3.95,0.1,0.2,36.4,25.8,4,33.2,7.4,21.2,65,401.7,89.7,2,2,65.2,220.0,0.34,Detector Array
8.7,16733.0,65346.0,100,69.6,62.1,17,5.31,0.78,0.43,48.2,29.1,1,27.7,6.1,34.7,99,396.5,65.3,13,0,15.0,50.0,0.84,X-Ray Tube Anode
1.3,3121.0,8572.0,13,14.1,20.8,3,4.24,0.28,0.11,39.4,25.1,1,31.2,6.9,22.7,69,395.6,96.7,3,0,71.7,237.0,0.3,Coolant Loop Unit
1.3,2488.0,7092.0,71,5.0,31.5,1,4.15,0.12,0.11,37.0,24.6,0,34.2,6.6,27.4,77,412.8,97.6,1,1,73.1,254.0,0.26,Coolant Loop Unit
0.6,1435.0,4154.0,16,11.6,29.0,3,4.51,0.2,0.01,37.7,25.2,0,30.9,6.5,26.8,79,397.0,100.0,2,0,72.2,246.0,0.26,Coolant Loop Unit
11.5,21697.0,55472.0,45,84.7,83.3,19,5.49,0.93,0.6,49.1,32.7,1,22.7,4.1,42.1,115,389.8,55.5,17,4,5.0,20.0,0.94,X-Ray Tube Anode
9.0,16610.0,44591.0,65,73.5,78.0,15,4.85,0.71,0.57,43.9,26.7,0,26.6,5.5,40.9,111,409.4,65.4,19,0,8.7,23.0,0.94,X-Ray Tube Anode
4.6,11117.0,44239.0,139,54.1,63.7,12,4.71,0.62,0.4,36.7,28.7,1,28.8,4.8,36.2,100,399.7,83.6,8,1,31.5,110.0,0.69,X-Ray Tube Anode
3.9,7559.0,22471.0,70,32.5,50.4,7,4.46,0.36,0.34,40.8,28.3,1,30.3,6.6,31.2,91,399.4,88.3,6,0,47.9,163.0,0.51,Coolant Loop Unit
4.5,10738.0,28703.0,148,47.4,62.5,10,4.91,0.62,0.42,47.4,29.4,0,28.9,4.8,36.4,100,399.5,84.5,6,0,41.9,140.0,0.57,Coolant Loop Unit
9.4,20522.0,54599.0,99,77.2,72.8,16,5.37,0.8,0.63,47.6,30.1,0,25.6,5.6,35.4,104,410.0,66.7,15,4,5.0,24.0,0.91,X-Ray Tube Anode
8.1,15032.0,53803.0,101,67.3,76.1,15,4.85,0.77,0.48,46.9,32.0,1,26.5,5.3,39.8,104,392.2,68.9,12,0,17.0,60.0,0.83,X-Ray Tube Anode
2.6,6492.0,24553.0,105,27.7,43.9,7,4.74,0.31,0.24,40.9,26.2,0,30.0,5.8,28.9,77,408.8,86.4,8,0,54.7,188.0,0.46,Coolant Loop Unit
2.5,4937.0,14244.0,140,17.4,23.6,4,4.3,0.19,0.13,32.8,23.0,2,32.2,6.4,24.1,76,402.7,85.7,4,1,63.7,207.0,0.37,Coolant Loop Unit
1.6,3919.0,9919.0,94,5.9,27.8,2,4.32,0.14,0.07,35.4,27.1,1,35.6,6.9,26.1,71,407.4,92.2,7,0,77.0,267.0,0.23,Coolant Loop Unit
8.1,15525.0,44007.0,42,58.2,64.5,9,4.71,0.64,0.41,45.1,31.3,0,27.3,6.3,35.7,97,396.4,68.6,6,0,39.7,137.0,0.59,X-Ray Tube Anode
9.3,22276.0,57578.0,83,80.2,84.3,15,5.14,0.8,0.62,46.2,31.2,0,24.2,5.7,37.6,101,421.5,64.7,14,4,5.0,23.0,0.97,X-Ray Tube Anode
3.5,6419.0,17044.0,133,31.8,39.7,6,4.56,0.42,0.17,37.6,26.7,1,30.7,6.2,25.9,73,399.1,87.0,7,0,55.1,184.0,0.44,Coolant Loop Unit
0.7,1599.0,5032.0,105,16.2,33.0,2,4.35,0.23,0.13,38.9,27.2,3,29.0,6.6,24.7,69,399.5,97.8,2,1,63.8,213.0,0.34,Coolant Loop Unit
1.4,3379.0,9613.0,155,20.8,24.8,6,4.51,0.18,0.16,38.7,25.0,3,30.3,6.4,25.2,75,392.7,92.2,5,2,51.6,184.0,0.47,Coolant Loop Unit
11.6,28545.0,93454.0,28,98.0,85.2,19,5.22,1.01,0.84,56.5,33.0,3,21.9,5.4,43.5,117,399.0,59.3,16,4,5.0,22.0,0.94,X-Ray Tube Anode
3.9,9496.0,27352.0,26,34.3,35.3,6,4.48,0.36,0.33,43.4,26.9,2,28.1,7.0,25.9,71,393.1,86.9,5,0,50.9,166.0,0.49,X-Ray Tube Anode
9.3,22185.0,86762.0,116,93.5,85.9,20,5.39,0.92,0.74,48.4,31.8,3,25.6,4.4,40.2,107,417.3,64.7,17,4,5.0,17.0,0.94,X-Ray Tube Anode
7.7,18608.0,71806.0,49,65.0,71.8,15,5.18,0.76,0.55,45.6,31.4,0,26.1,5.9,35.1,95,385.6,70.4,15,0,17.9,66.0,0.83,X-Ray Tube Anode
4.9,9488.0,31788.0,149,36.4,39.6,6,4.63,0.52,0.38,43.5,25.3,0,30.4,5.7,30.1,88,381.4,82.1,4,2,44.4,152.0,0.55,Coolant Loop Unit
2.9,5728.0,17364.0,1,11.1,28.3,5,4.41,0.17,0.24,44.4,26.0,1,31.2,7.7,26.6,80,395.5,86.0,9,2,54.5,183.0,0.47,Coolant Loop Unit
1.9,3796.0,11661.0,92,19.7,27.9,4,4.55,0.31,0.24,38.9,25.2,1,29.1,6.8,27.2,80,402.9,100.0,4,2,56.9,190.0,0.43,Coolant Loop Unit
7.6,15629.0,48729.0,58,59.7,54.2,13,5.04,0.61,0.6,42.9,28.0,0,26.7,6.5,30.7,89,410.9,73.4,13,0,24.7,84.0,0.75,X-Ray Tube Anode
9.4,19525.0,70122.0,79,61.7,63.4,12,4.8,0.64,0.62,49.9,27.7,2,26.1,5.9,31.9,90,401.1,62.7,12,0,19.4,71.0,0.8,X-Ray Tube Anode
7.9,17242.0,54786.0,81,63.5,56.0,12,4.85,0.64,0.52,44.1,28.9,2,24.7,5.7,33.5,93,397.3,72.7,13,1,17.8,56.0,0.81,X-Ray Tube Anode
6.6,12616.0,47752.0,26,64.8,67.1,12,4.87,0.6,0.39,39.8,30.1,0,26.9,5.7,39.0,110,400.1,74.5,14,1,19.4,55.0,0.78,X-Ray Tube Anode
1.0,2244.0,8787.0,153,12.3,19.2,5,4.64,0.22,0.07,36.6,23.0,1,31.7,7.0,23.6,76,406.2,98.4,4,3,61.9,208.0,0.38,Coolant Loop Unit
11.6,22313.0,67026.0,77,95.4,78.9,20,5.42,0.97,0.6,51.2,29.1,1,21.0,5.2,36.8,99,390.6,59.2,17,4,5.0,19.0,0.96,X-Ray Tube Anode
9.7,19537.0,65274.0,161,79.2,76.4,15,5.22,0.78,0.64,47.4,28.7,2,25.1,5.3,38.7,102,407.9,66.4,17,3,5.0,20.0,0.97,X-Ray Tube Anode
3.9,8324.0,21997.0,72,31.8,44.1,7,4.64,0.44,0.19,40.8,26.9,1,29.4,5.4,28.6,85,385.1,77.3,5,0,53.6,177.0,0.47,Coolant Loop Unit
11.8,27747.0,77711.0,69,98.0,79.2,22,5.18,0.96,0.92,57.3,32.0,0,23.7,5.5,40.0,108,398.0,58.6,17,5,5.0,18.0,0.98,X-Ray Tube Anode
7.4,17201.0,53669.0,6,70.8,71.0,12,5.34,0.71,0.5,48.3,33.3,0,24.5,6.5,36.1,100,399.2,77.7,12,1,19.5,63.0,0.81,X-Ray Tube Anode
7.2,16209.0,45535.0,23,56.1,66.0,14,4.94,0.63,0.71,48.4,29.9,0,25.6,6.2,34.7,96,388.6,78.5,14,2,14.7,54.0,0.82,X-Ray Tube Anode
9.1,17378.0,66293.0,158,75.6,77.4,13,5.22,0.7,0.46,41.7,28.8,1,26.0,4.8,38.3,108,400.3,73.5,8,3,9.0,30.0,0.92,X-Ray Tube Anode
9.8,21470.0,58772.0,54,94.9,79.0,23,5.07,1.0,0.64,46.2,31.2,3,22.1,5.8,39.9,111,396.5,68.8,19,3,5.0,21.0,0.97,X-Ray Tube Anode
8.0,14982.0,47695.0,87,58.4,62.7,10,5.02,0.61,0.42,46.6,31.4,0,27.0,6.1,37.0,105,401.9,70.7,7,2,28.0,96.0,0.71,X-Ray Tube Anode
2.0,4073.0,13882.0,11,12.1,31.9,3,4.29,0.26,0.1,39.1,24.8,2,33.3,7.6,28.6,85,402.3,94.9,5,1,64.9,223.0,0.32,Coolant Loop Unit
4.4,9173.0,32452.0,159,30.8,32.3,8,4.37,0.44,0.38,40.5,27.6,0,25.6,6.6,27.3,79,403.0,83.5,7,0,52.7,177.0,0.44,Coolant Loop Unit
11.2,20423.0,62792.0,134,95.8,94.1,19,5.21,0.99,0.51,52.5,33.6,1,21.1,4.2,46.9,127,395.9,61.7,16,8,5.0,13.0,0.95,X-Ray Tube Anode
3.1,6141.0,23358.0,11,20.9,42.8,3,4.26,0.25,0.16,35.3,28.1,3,30.6,7.7,26.0,77,401.2,91.1,6,3,51.5,174.0,0.46,Detector Array
4.8,11801.0,39564.0,77,52.4,63.7,10,4.64,0.51,0.41,47.1,32.4,1,26.2,5.4,34.9,95,409.7,82.5,8,0,32.9,115.0,0.67,X-Ray Tube Anode
5.5,13495.0,42633.0,12,52.5,63.2,13,4.84,0.5,0.47,49.9,26.8,2,29.7,6.8,32.1,88,406.4,82.7,9,1,23.4,92.0,0.76,X-Ray Tube Anode
5.6,11365.0,29559.0,53,43.5,55.4,9,4.66,0.55,0.24,40.6,30.0,0,29.4,6.4,31.4,83,402.4,77.9,6,2,41.5,147.0,0.61,X-Ray Tube Anode
7.5,13816.0,44169.0,99,49.1,57.1,11,4.84,0.54,0.46,42.9,28.7,1,28.8,6.7,30.5,92,392.3,74.6,7,1,29.8,109.0,0.72,X-Ray Tube Anode
11.3,21844.0,81502.0,36,79.6,79.3,15,5.41,0.79,0.64,46.9,30.1,2,22.1,5.8,42.3,111,379.3,59.9,13,4,5.0,16.0,0.94,X-Ray Tube Anode
3.3,6780.0,23198.0,145,33.0,49.3,5,4.58,0.39,0.16,37.7,27.8,1,28.8,6.0,30.6,90,384.1,86.1,3,2,54.8,184.0,0.44,Coolant Loop Unit
1.9,4674.0,17519.0,28,10.8,30.8,7,3.99,0.25,0.11,40.7,28.2,0,31.6,6.6,25.8,74,405.1,95.2,5,1,62.3,201.0,0.4,Coolant Loop Unit
2.8,5262.0,17053.0,150,24.7,33.9,4,4.46,0.36,0.03,32.0,28.1,2,29.6,6.5,23.9,74,393.6,85.0,3,1,67.4,226.0,0.33,Coolant Loop Unit
10.7,24978.0,66883.0,102,98.0,86.1,20,5.56,1.0,0.85,48.3,29.3,2,23.2,5.0,37.5,105,389.8,60.7,18,3,5.0,10.0,0.96,X-Ray Tube Anode
7.9,14871.0,37483.0,7,65.5,73.8,13,4.97,0.72,0.53,47.7,29.7,2,27.7,6.4,40.5,107,394.8,71.3,11,2,16.7,61.0,0.86,X-Ray Tube Anode
3.8,9420.0,27835.0,15,32.8,33.3,6,4.82,0.4,0.2,41.1,27.4,0,29.7,6.9,25.9,79,398.9,90.1,6,1,55.2,187.0,0.43,X-Ray Tube Anode
9.9,20430.0,72466.0,139,90.4,87.2,19,5.35,0.93,0.66,55.4,32.4,0,22.7,4.4,47.0,127,400.7,64.0,15,9,5.0,10.0,0.97,X-Ray Tube Anode
10.4,24377.0,89839.0,24,96.4,96.6,20,5.08,0.98,0.65,45.2,33.6,1,20.4,5.3,43.6,116,394.1,62.2,18,3,5.0,20.0,0.94,X-Ray Tube Anode
10.2,20877.0,61455.0,30,98.0,92.7,25,5.39,0.98,0.68,49.6,30.8,1,25.5,5.3,40.4,110,407.3,66.5,20,5,5.0,19.0,0.91,X-Ray Tube Anode
11.1,24785.0,80388.0,66,86.2,90.2,18,5.28,0.91,0.67,53.3,31.7,1,24.0,5.2,42.4,115,398.3,60.6,14,4,5.0,11.0,0.93,X-Ray Tube Anode
3.4,6578.0,20602.0,61,45.7,55.8,8,4.91,0.53,0.2,39.7,26.7,0,27.6,6.3,32.8,89,398.0,84.7,7,0,46.8,167.0,0.51,X-Ray Tube Anode
9.2,17468.0,54427.0,78,68.9,58.9,13,5.3,0.68,0.49,45.3,26.6,0,27.9,5.8,34.2,95,392.6,74.1,7,1,24.5,80.0,0.78,X-Ray Tube Anode
5.8,14239.0,40539.0,41,58.7,67.7,13,5.04,0.66,0.38,45.7,28.2,2,24.4,5.9,35.9,105,415.6,81.5,8,1,24.4,86.0,0.75,X-Ray Tube Anode
10.2,24870.0,67264.0,82,94.6,81.9,20,5.4,0.96,0.83,51.4,30.4,1,25.9,4.9,37.6,103,398.7,62.4,20,5,5.0,16.0,0.94,X-Ray Tube Anode
8.9,21495.0,60079.0,51,73.4,70.3,14,5.18,0.79,0.7,52.8,29.3,1,26.3,6.9,32.6,90,404.3,67.5,14,2,8.1,36.0,0.95,X-Ray Tube Anode
9.4,21101.0,54503.0,172,80.2,72.4,14,5.14,0.82,0.62,44.9,29.4,0,28.1,4.9,40.5,119,401.4,62.6,14,3,5.0,22.0,0.93,X-Ray Tube Anode
8.0,19035.0,53244.0,95,73.2,66.6,14,4.86,0.8,0.64,44.5,31.5,1,25.6,6.3,39.3,106,410.0,71.6,12,3,5.8,14.0,0.93,X-Ray Tube Anode
2.5,4696.0,11804.0,13,20.2,32.8,3,4.45,0.28,0.05,35.2,24.6,0,31.4,6.9,25.7,70,393.2,92.9,7,1,64.0,227.0,0.36,Coolant Loop Unit
6.8,13768.0,47375.0,90,64.0,62.4,13,5.02,0.71,0.32,34.3,31.6,0,24.5,5.7,31.2,88,404.2,69.9,9,1,32.6,105.0,0.67,X-Ray Tube Anode
11.8,23879.0,71030.0,140,97.0,90.6,23,5.18,0.95,0.72,51.2,32.1,0,21.9,4.3,45.8,123,397.5,58.2,19,7,5.0,12.0,0.96,X-Ray Tube Anode
11.3,25323.0,100272.0,82,98.0,94.9,20,5.57,0.96,0.78,47.1,34.0,2,20.1,4.9,42.1,119,401.5,55.2,18,5,5.0,25.0,0.96,X-Ray Tube Anode
1.0,2042.0,5698.0,9,11.2,23.8,4,4.49,0.23,0.13,38.6,25.6,1,34.4,7.7,23.9,68,397.2,94.6,4,2,63.7,216.0,0.35,Coolant Loop Unit
2.4,4561.0,13768.0,48,5.0,17.8,2,4.05,0.13,0.02,36.0,22.8,0,33.0,7.1,21.3,66,415.3,91.1,3,0,82.2,281.0,0.14,Coolant Loop Unit
2.0,4468.0,13568.0,49,5.0,26.8,2,4.46,0.26,0.08,36.6,24.7,1,33.5,7.4,23.3,66,399.1,92.5,5,3,66.3,228.0,0.34,Coolant Loop Unit
8.8,20972.0,52696.0,53,71.9,73.7,16,5.02,0.78,0.64,50.4,30.1,0,26.8,5.8,35.9,104,387.6,75.2,15,1,9.9,28.0,0.86,X-Ray Tube Anode
9.9,20477.0,76971.0,40,78.9,83.3,15,5.03,0.81,0.79,53.0,32.6,1,23.6,5.6,43.0,116,399.0,65.2,14,4,5.0,26.0,0.96,X-Ray Tube Anode
3.0,5593.0,14252.0,107,7.4,15.5,1,4.45,0.21,0.3,40.6,23.7,2,31.1,7.6,22.2,64,401.1,87.0,2,0,71.9,255.0,0.3,Coolant Loop Unit
6.3,12241.0,47865.0,24,43.4,57.5,8,4.71,0.47,0.5,51.6,27.8,1,27.1,6.8,33.2,101,401.0,74.1,8,1,38.4,121.0,0.64,X-Ray Tube Anode
10.2,19993.0,76735.0,108,69.0,68.7,14,5.31,0.77,0.61,49.6,30.4,0,23.0,6.1,36.2,106,389.8,61.7,15,0,17.7,58.0,0.82,X-Ray Tube Anode
8.9,17943.0,59271.0,33,75.7,75.4,16,4.98,0.83,0.56,49.5,31.6,0,22.8,5.9,38.7,107,390.5,68.9,17,3,5.0,20.0,0.98,X-Ray Tube Anode
6.7,15155.0,50245.0,23,64.1,56.7,12,4.71,0.74,0.37,46.4,31.6,1,26.2,6.9,29.9,89,414.9,70.1,8,0,33.2,112.0,0.64,X-Ray Tube Anode
7.3,16186.0,56339.0,77,62.3,62.3,13,4.91,0.64,0.56,49.3,29.6,1,27.7,5.8,35.8,100,398.2,69.9,14,2,13.0,41.0,0.9,X-Ray Tube Anode
6.3,14515.0,44715.0,54,42.9,44.5,7,4.83,0.42,0.43,50.7,27.4,0,28.4,6.7,31.9,90,399.0,77.7,5,0,42.9,149.0,0.56,X-Ray Tube Anode
3.9,8054.0,27956.0,53,30.3,36.3,5,4.42,0.34,0.32,42.5,27.0,2,30.9,7.1,27.4,81,416.7,84.7,3,2,48.1,167.0,0.52,Coolant Loop Unit
7.0,16632.0,42698.0,49,69.2,68.5,15,4.83,0.71,0.5,45.9,28.8,2,27.2,5.7,38.2,105,406.4,75.9,9,0,19.4,74.0,0.81,X-Ray Tube Anode
8.4,16363.0,42234.0,78,71.9,76.6,15,5.1,0.83,0.51,44.2,28.6,1,25.2,5.4,37.9,109,399.7,67.1,14,0,13.6,38.0,0.89,X-Ray Tube Anode
10.5,22439.0,71489.0,80,98.0,93.5,24,5.16,1.09,0.64,48.3,32.7,2,24.0,4.3,44.9,123,401.9,60.3,19,3,5.0,12.0,0.93,X-Ray Tube Anode
7.8,18454.0,61349.0,177,82.8,79.8,15,5.24,0.86,0.56,45.1,33.2,1,23.2,5.0,39.2,106,416.0,74.9,14,4,5.0,13.0,0.98,X-Ray Tube Anode
9.3,17822.0,68289.0,102,72.6,71.6,19,5.02,0.75,0.61,50.3,32.4,2,23.8,5.9,33.7,95,394.9,68.6,19,1,5.0,29.0,0.91,X-Ray Tube Anode
2.3,4394.0,11673.0,122,15.3,29.3,2,4.46,0.22,0.07,33.7,22.7,2,32.1,6.1,25.8,78,406.7,86.3,2,0,74.5,261.0,0.25,Coolant Loop Unit
5.8,14047.0,52451.0,103,50.2,64.6,10,4.6,0.59,0.31,41.9,30.8,2,24.6,6.0,37.4,103,405.5,73.4,8,0,38.9,134.0,0.62,X-Ray Tube Anode
0.6,1239.0,3488.0,90,15.8,32.3,5,4.58,0.35,0.12,39.3,22.6,1,31.9,7.1,23.3,67,400.5,93.8,5,3,51.8,176.0,0.5,Coolant Loop Unit
3.3,7604.0,23504.0,90,31.7,37.3,7,4.55,0.48,0.37,43.5,27.2,1,25.8,6.7,30.9,95,395.6,85.6,4,2,49.1,169.0,0.48,Coolant Loop Unit
8.9,16095.0,47881.0,160,69.4,63.2,15,5.15,0.78,0.61,45.8,30.2,4,26.4,5.3,34.4,95,403.2,70.8,14,0,11.9,46.0,0.84,X-Ray Tube Anode
11.9,27181.0,84269.0,121,98.0,90.8,20,5.52,1.04,0.68,52.0,30.3,0,21.1,4.8,44.0,122,400.0,53.6,18,3,5.0,16.0,0.98,X-Ray Tube Anode
1.6,3316.0,9039.0,149,5.0,24.0,2,4.09,0.19,0.11,37.1,26.4,2,31.7,6.0,28.1,84,405.8,95.5,2,0,72.1,247.0,0.28,Coolant Loop Unit
5.1,9411.0,30635.0,146,34.4,34.3,8,4.75,0.41,0.18,30.4,28.7,1,30.9,7.1,30.1,86,386.9,80.0,4,1,55.2,186.0,0.41,X-Ray Tube Anode
9.7,21602.0,79982.0,60,84.0,85.4,15,4.99,0.82,0.58,44.9,32.2,1,23.7,4.4,45.2,125,425.5,64.6,16,7,5.0,10.0,0.94,X-Ray Tube Anode
2.8,5603.0,17719.0,122,23.9,40.8,5,4.28,0.31,0.29,45.6,27.1,1,27.1,5.6,28.1,78,404.8,87.7,4,3,48.0,154.0,0.51,Coolant Loop Unit
6.9,14254.0,46125.0,141,51.1,59.0,10,5.11,0.58,0.43,48.9,31.3,0,26.7,5.9,36.2,98,403.9,75.9,10,1,33.2,109.0,0.69,X-Ray Tube Anode
8.9,16578.0,62552.0,152,66.5,57.9,12,5.16,0.63,0.46,46.7,27.3,1,26.1,5.7,32.6,91,416.4,70.7,12,1,22.6,75.0,0.77,X-Ray Tube Anode
7.6,14432.0,51365.0,30,67.2,64.2,12,5.32,0.7,0.48,47.9,28.1,1,27.6,6.9,32.3,92,395.0,70.3,9,1,26.3,92.0,0.73,X-Ray Tube Anode
2.7,5347.0,17303.0,130,8.0,34.3,4,4.24,0.13,0.13,35.5,24.9,1,31.7,6.4,26.0,83,394.4,93.0,4,0,70.2,240.0,0.29,Coolant Loop Unit
4.6,8545.0,24665.0,83,17.2,39.3,5,4.42,0.31,0.41,43.1,26.8,1,32.3,6.2,31.2,89,397.4,85.5,4,2,49.3,161.0,0.54,Coolant Loop Unit
9.5,23190.0,88758.0,111,98.0,84.3,23,5.46,0.95,0.67,53.4,32.2,1,23.2,4.9,40.2,115,417.4,64.8,19,4,5.0,17.0,0.97,X-Ray Tube Anode
6.9,12402.0,41738.0,108,37.9,39.7,7,4.65,0.46,0.35,43.9,25.9,0,30.5,6.7,26.7,81,399.3,73.0,8,0,49.8,167.0,0.52,X-Ray Tube Anode
0.6,1198.0,3392.0,111,5.0,22.5,3,4.15,0.11,0.13,38.0,24.2,2,32.2,6.6,27.2,80,422.1,100.0,4,2,65.7,222.0,0.35,Coolant Loop Unit
9.3,17451.0,50671.0,25,74.7,69.4,15,4.96,0.85,0.59,47.4,29.5,1,27.1,5.6,36.4,91,395.7,65.8,17,0,8.6,30.0,0.92,X-Ray Tube Anode
0.9,1826.0,6765.0,50,6.8,28.4,3,4.31,0.08,0.23,43.5,24.7,0,31.3,7.2,26.2,82,379.0,95.2,1,1,70.0,244.0,0.28,Coolant Loop Unit
9.1,22220.0,57022.0,14,88.3,91.1,19,5.1,0.92,0.63,52.1,31.8,0,20.7,5.2,40.7,117,386.5,68.5,17,5,5.0,15.0,0.97,X-Ray Tube Anode
2.8,5411.0,21582.0,134,22.2,32.8,2,4.3,0.24,0.28,43.1,24.8,2,29.1,6.3,26.2,77,404.7,91.4,2,3,52.2,186.0,0.47,Coolant Loop Unit
11.5,28519.0,76874.0,76,98.0,79.8,20,5.44,0.96,0.82,53.2,28.6,0,23.8,5.1,39.5,108,405.2,62.7,18,4,5.0,10.0,0.92,X-Ray Tube Anode
4.7,9198.0,33978.0,84,51.0,63.7,11,4.8,0.57,0.25,39.3,29.3,1,27.5,6.0,33.8,93,402.9,84.0,10,1,33.7,110.0,0.66,X-Ray Tube Anode
4.3,9879.0,30547.0,87,34.0,34.5,6,4.75,0.42,0.25,42.6,23.2,2,30.6,6.5,27.0,76,391.8,84.5,5,0,52.1,177.0,0.48,Coolant Loop Unit
2.2,4829.0,15636.0,158,27.7,48.5,4,4.47,0.36,0.09,33.7,28.9,2,30.9,5.4,29.9,79,390.5,92.0,5,0,59.3,196.0,0.43,Coolant Loop Unit
4.0,9711.0,37107.0,30,42.9,53.3,7,4.63,0.49,0.25,37.8,27.6,0,28.6,6.8,31.4,91,388.4,81.2,7,2,39.9,129.0,0.62,X-Ray Tube Anode
10.6,23150.0,72214.0,166,92.4,93.5,19,5.37,0.9,0.76,47.3,33.0,2,23.2,3.7,47.0,126,397.5,61.1,16,8,5.0,17.0,0.93,X-Ray Tube Anode
12.0,25999.0,85958.0,58,96.7,81.7,21,5.24,0.96,0.8,56.3,31.2,1,24.4,5.0,37.0,100,402.8,54.2,21,4,5.0,10.0,0.97,X-Ray Tube Anode
4.7,9172.0,23608.0,94,40.3,39.0,9,4.58,0.46,0.2,37.1,26.3,0,26.4,6.6,27.9,85,410.3,84.9,9,2,41.5,136.0,0.53,X-Ray Tube Anode
5.7,10845.0,27150.0,41,40.9,48.4,7,4.6,0.48,0.2,40.6,29.7,0,28.9,6.3,29.9,85,407.5,77.2,5,1,48.5,164.0,0.52,X-Ray Tube Anode
8.8,21495.0,61630.0,94,82.9,77.1,15,5.16,0.84,0.53,46.4,29.2,0,26.6,5.8,37.3,105,401.5,71.6,15,4,5.0,26.0,0.94,X-Ray Tube Anode
10.7,21698.0,76395.0,57,80.7,73.1,16,5.43,0.86,0.57,56.2,28.3,1,26.1,5.3,41.9,113,421.5,60.1,16,4,5.0,16.0,0.92,X-Ray Tube Anode
7.3,15083.0,40450.0,164,68.3,77.0,13,4.81,0.72,0.43,45.7,31.4,1,25.6,4.6,42.5,115,400.4,71.4,10,1,18.8,65.0,0.79,X-Ray Tube Anode
5.0,11665.0,31154.0,64,40.5,54.8,7,4.88,0.47,0.45,39.4,27.8,1,29.6,5.9,31.9,86,381.9,79.3,5,0,45.5,149.0,0.57,Coolant Loop Unit
5.2,10685.0,33300.0,98,36.6,48.9,7,4.75,0.41,0.29,44.9,28.4,0,25.3,6.7,27.8,83,389.3,76.4,7,2,44.2,145.0,0.57,X-Ray Tube Anode
8.5,20964.0,72781.0,16,90.1,76.3,18,5.52,0.86,0.74,50.2,32.2,1,22.9,5.5,41.6,112,400.9,66.7,15,4,5.0,6.0,0.96,X-Ray Tube Anode
0.5,1244.0,4439.0,88,5.0,28.2,3,4.73,0.15,0.01,34.6,23.7,1,30.5,7.6,25.2,70,389.3,94.9,2,0,78.7,263.0,0.23,Coolant Loop Unit
7.6,16914.0,46814.0,78,66.7,71.2,11,5.22,0.76,0.47,43.4,31.5,1,25.8,5.6,34.9,94,410.5,75.3,7,0,28.8,102.0,0.71,X-Ray Tube Anode
4.6,11088.0,29043.0,90,52.6,55.3,15,4.97,0.6,0.41,44.6,27.1,1,26.2,5.9,31.1,86,401.9,82.1,11,0,30.5,101.0,0.72,X-Ray Tube Anode
9.6,17674.0,69117.0,72,81.2,85.3,17,4.98,0.79,0.59,48.5,32.4,2,25.1,4.3,42.2,110,410.8,64.7,17,4,5.0,18.0,0.95,X-Ray Tube Anode
1.6,3107.0,8983.0,14,5.0,16.8,1,4.08,0.19,0.11,35.4,22.2,4,32.3,8.5,24.2,66,402.2,92.3,1,1,69.8,238.0,0.24,Detector Array
7.3,15441.0,58365.0,31,60.7,57.9,13,4.98,0.63,0.54,45.4,29.1,0,24.5,6.6,32.1,89,380.6,76.7,11,3,17.4,63.0,0.86,X-Ray Tube Anode
6.0,11814.0,44838.0,66,36.0,36.4,6,4.38,0.46,0.43,44.8,26.3,3,27.8,6.3,28.7,82,412.1,78.4,3,0,47.3,169.0,0.47,Coolant Loop Unit
7.9,18303.0,66967.0,112,70.1,75.0,14,5.13,0.71,0.48,38.6,29.3,1,23.6,5.0,37.6,99,399.6,68.6,9,0,26.9,94.0,0.73,X-Ray Tube Anode
1.2,3044.0,8381.0,68,12.1,30.9,1,4.03,0.23,0.16,34.1,23.7,1,31.9,6.3,27.4,82,400.0,90.7,3,1,69.6,235.0,0.32,Coolant Loop Unit
7.2,15033.0,56112.0,55,57.3,56.4,12,5.06,0.59,0.51,51.2,29.9,0,27.4,5.9,29.9,91,403.8,72.4,13,2,20.3,73.0,0.75,X-Ray Tube Anode
7.0,14189.0,51844.0,123,48.6,47.3,9,4.73,0.51,0.38,44.3,27.0,0,27.1,5.9,32.2,97,398.9,78.3,8,0,43.5,149.0,0.56,X-Ray Tube Anode
6.9,17182.0,58334.0,168,60.1,52.9,14,4.94,0.56,0.64,47.6,29.9,2,24.0,6.1,32.6,101,404.6,74.2,15,0,17.4,48.0,0.82,X-Ray Tube Anode
7.4,15709.0,47218.0,153,68.7,61.4,12,4.91,0.74,0.4,38.8,28.6,1,25.9,6.3,32.4,94,401.9,76.5,10,0,29.4,94.0,0.72,X-Ray Tube Anode
8.3,17737.0,51327.0,25,83.2,77.3,18,4.91,0.87,0.53,46.6,33.2,2,23.3,6.0,31.6,88,399.7,75.2,15,4,5.0,16.0,0.96,X-Ray Tube Anode
9.8,19965.0,53563.0,131,63.4,59.3,12,5.15,0.69,0.48,48.6,27.7,0,25.9,4.9,38.2,103,388.6,70.7,8,0,25.8,85.0,0.72,X-Ray Tube Anode
3.6,8779.0,28661.0,69,32.5,37.9,6,4.79,0.41,0.29,49.4,28.8,0,27.6,7.6,23.4,75,400.4,85.4,6,2,49.6,168.0,0.49,X-Ray Tube Anode
10.0,21956.0,74167.0,102,93.7,93.1,19,5.27,0.91,0.55,52.8,33.4,1,24.4,4.0,46.8,125,399.1,61.5,17,8,5.0,5.0,0.93,X-Ray Tube Anode
6.2,14538.0,44180.0,118,57.9,60.8,11,4.99,0.67,0.41,41.5,29.9,0,25.5,5.9,32.6,89,405.6,79.5,10,1,31.3,111.0,0.65,X-Ray Tube Anode
1.4,3283.0,10548.0,26,5.0,28.1,3,4.2,0.19,0.01,33.7,23.9,2,30.3,7.4,25.4,76,406.4,90.8,2,3,68.8,234.0,0.3,Coolant Loop Unit
1.2,2393.0,7287.0,40,5.7,14.7,3,4.31,0.11,0.18,34.5,24.9,1,31.9,8.2,21.7,64,398.5,94.9,1,1,70.0,244.0,0.33,Coolant Loop Unit
4.3,9137.0,31629.0,38,39.0,44.6,9,4.78,0.48,0.32,39.6,28.5,2,29.1,6.5,33.0,95,397.6,81.1,7,1,44.3,151.0,0.57,X-Ray Tube Anode
9.5,22805.0,87844.0,166,88.8,81.7,18,5.35,0.94,0.75,50.8,31.3,1,24.2,4.9,38.3,105,409.7,64.4,18,6,5.0,18.0,0.96,X-Ray Tube Anode
8.6,17746.0,48727.0,7,70.6,63.1,14,5.25,0.71,0.5,44.8,26.4,1,24.0,7.0,33.7,97,405.9,68.5,8,2,17.6,55.0,0.8,X-Ray Tube Anode
9.6,22542.0,69253.0,158,90.0,75.4,19,5.36,0.9,0.74,57.5,29.4,0,25.8,4.9,37.0,100,394.8,64.1,15,5,5.0,11.0,0.91,X-Ray Tube Anode
6.4,15855.0,42988.0,120,59.2,68.9,12,4.91,0.66,0.48,41.5,28.6,0,27.0,5.3,34.8,94,387.5,78.6,11,3,18.5,64.0,0.83,X-Ray Tube Anode
5.6,12439.0,42757.0,147,56.3,68.2,10,4.76,0.53,0.39,43.5,30.9,0,27.1,5.5,36.7,104,414.5,80.2,6,1,33.1,113.0,0.69,X-Ray Tube Anode
2.2,5092.0,18298.0,35,16.5,23.2,4,4.33,0.19,0.35,36.6,24.1,1,35.4,8.0,24.5,73,406.6,88.4,4,0,67.5,221.0,0.33,Coolant Loop Unit
4.3,10102.0,39378.0,161,32.4,39.6,6,4.71,0.34,0.28,42.2,26.1,1,30.7,5.7,34.2,102,407.5,81.4,3,1,52.3,183.0,0.49,Coolant Loop Unit
5.5,13132.0,38324.0,161,70.4,78.4,15,4.82,0.64,0.5,41.9,30.6,0,26.1,4.4,39.8,106,391.0,77.8,9,1,15.9,54.0,0.83,X-Ray Tube Anode
1.5,3154.0,12381.0,78,12.0,20.1,2,4.51,0.26,0.17,42.1,26.6,1,30.7,7.0,22.9,68,406.5,97.6,1,1,66.5,224.0,0.34,Coolant Loop Unit
3.0,5576.0,14468.0,38,5.0,26.4,0,4.22,0.05,0.15,37.5,25.2,0,32.0,6.4,25.1,77,392.3,90.6,1,1,75.2,251.0,0.23,Coolant Loop Unit
7.4,15359.0,52291.0,138,71.5,79.5,13,4.93,0.76,0.35,38.6,31.8,3,22.9,5.2,40.0,106,408.5,67.2,9,0,21.9,78.0,0.79,X-Ray Tube Anode
9.0,20354.0,52630.0,28,91.4,93.6,17,5.13,0.96,0.51,39.9,32.3,0,23.1,5.3,43.6,120,399.0,68.5,18,4,5.0,14.0,0.95,X-Ray Tube Anode
12.0,25343.0,97333.0,100,98.0,88.0,22,5.48,0.97,0.82,50.0,32.5,1,24.8,4.7,40.0,109,389.4,64.6,20,5,5.0,18.0,0.96,X-Ray Tube Anode
11.2,26103.0,86003.0,38,98.0,81.9,22,5.37,0.95,0.88,55.2,30.4,1,23.7,5.4,34.6,97,401.5,60.6,18,3,5.0,16.0,0.97,X-Ray Tube Anode
7.9,16173.0,56669.0,144,82.0,71.4,16,5.42,0.85,0.49,47.0,31.1,0,27.5,5.2,37.1,104,404.2,71.1,11,4,5.0,14.0,0.94,X-Ray Tube Anode
5.3,11994.0,44948.0,124,40.3,56.0,7,4.49,0.46,0.38,41.9,27.0,0,29.5,5.4,37.5,105,404.9,78.4,6,0,40.6,132.0,0.6,Coolant Loop Unit
7.8,15089.0,41124.0,149,61.4,71.2,11,4.85,0.7,0.51,49.1,31.7,3,26.0,5.3,37.6,110,400.4,68.7,13,1,16.8,64.0,0.82,X-Ray Tube Anode
9.5,22165.0,56695.0,92,98.0,90.8,20,5.36,0.85,0.65,45.8,31.8,1,22.4,4.7,42.7,120,383.8,66.4,16,3,5.0,12.0,0.98,X-Ray Tube Anode
1.9,4060.0,15504.0,97,33.7,48.9,6,4.49,0.36,0.25,31.6,29.3,2,31.5,5.7,31.5,87,411.8,86.4,4,1,52.4,174.0,0.5,Coolant Loop Unit
5.2,10130.0,30110.0,6,37.6,51.1,5,4.65,0.47,0.34,43.4,31.0,0,27.0,7.1,29.3,88,405.0,78.7,4,1,50.4,178.0,0.5,X-Ray Tube Anode
10.2,20360.0,54838.0,169,97.5,91.5,20,5.42,0.98,0.6,52.2,33.0,1,21.2,3.8,43.9,118,400.5,63.4,17,4,5.0,16.0,0.93,X-Ray Tube Anode
4.9,11420.0,36576.0,127,52.1,63.0,12,4.9,0.61,0.3,45.5,31.5,2,25.1,5.4,35.4,101,410.3,85.1,7,1,30.6,106.0,0.7,X-Ray Tube Anode
7.1,15128.0,51398.0,15,72.5,74.4,14,5.3,0.77,0.38,39.4,32.1,1,28.0,6.4,37.3,103,389.5,69.7,9,1,22.0,82.0,0.76,X-Ray Tube Anode
7.3,14165.0,36070.0,108,62.8,64.7,14,4.76,0.66,0.17,37.2,27.6,0,26.9,5.6,35.8,108,397.1,72.3,13,1,27.7,102.0,0.73,X-Ray Tube Anode
2.6,6494.0,18912.0,131,28.4,34.6,4,4.59,0.34,0.32,44.3,26.3,0,30.0,6.3,27.5,79,408.1,91.7,2,1,58.6,196.0,0.37,Coolant Loop Unit
4.7,10734.0,27363.0,43,60.6,67.3,11,4.83,0.76,0.32,40.3,30.8,2,26.7,5.8,35.9,104,417.4,82.1,9,0,30.9,111.0,0.67,X-Ray Tube Anode
4.3,10737.0,33611.0,47,38.7,46.6,6,4.73,0.53,0.3,42.0,28.5,1,28.0,6.7,32.2,95,396.3,87.7,4,1,52.3,170.0,0.48,Coolant Loop Unit
0.8,1682.0,6463.0,99,21.9,31.3,3,4.53,0.32,0.01,33.1,26.0,0,29.3,6.4,30.2,92,385.8,97.8,2,0,74.0,243.0,0.29,Coolant Loop Unit
0.8,1660.0,6595.0,14,23.1,42.2,3,4.33,0.31,0.04,32.7,27.3,1,28.7,7.2,24.9,76,405.9,93.8,3,0,70.1,239.0,0.31,Coolant Loop Unit
10.1,24442.0,84462.0,157,98.0,92.5,19,5.24,1.01,0.64,46.4,33.1,1,21.0,4.1,42.9,118,411.1,63.9,16,3,5.0,17.0,0.94,X-Ray Tube Anode
3.6,7891.0,21639.0,132,31.0,50.4,6,4.65,0.42,0.2,42.2,28.3,0,26.0,5.7,27.5,79,385.9,83.8,4,2,50.1,174.0,0.48,Coolant Loop Unit
6.5,14822.0,57193.0,154,61.2,56.2,10,4.94,0.67,0.47,45.4,26.9,1,27.1,5.0,35.0,95,398.9,76.2,8,1,29.3,102.0,0.7,X-Ray Tube Anode
3.9,7778.0,25469.0,115,20.9,37.6,5,4.42,0.25,0.27,44.7,26.2,1,28.1,6.5,30.4,92,409.0,85.8,3,0,62.6,216.0,0.34,Coolant Loop Unit
11.3,23911.0,65293.0,140,92.0,79.3,18,5.4,1.02,0.58,49.3,29.3,1,24.7,4.6,40.5,113,411.8,61.4,17,4,5.0,25.0,0.94,X-Ray Tube Anode
3.5,6568.0,25502.0,2,31.2,49.9,8,4.68,0.39,0.12,42.5,27.2,0,30.6,6.4,31.3,86,387.4,87.4,6,1,53.5,192.0,0.51,Coolant Loop Unit
5.4,10578.0,38465.0,145,30.9,33.6,5,4.49,0.48,0.23,42.5,25.1,1,29.1,6.0,26.2,85,398.0,76.4,5,0,53.9,188.0,0.46,Coolant Loop Unit
10.5,18972.0,68255.0,35,73.5,74.6,15,4.95,0.77,0.7,52.7,30.0,1,25.6,6.1,37.9,99,396.0,56.2,13,2,6.8,23.0,0.94,X-Ray Tube Anode
10.2,18608.0,66314.0,10,90.0,88.8,21,5.09,0.9,0.67,49.3,31.1,1,24.6,5.8,41.2,114,391.9,64.9,17,4,5.0,16.0,0.91,X-Ray Tube Anode
2.6,6558.0,18367.0,112,25.0,34.6,3,4.51,0.39,0.16,47.5,26.6,1,32.3,5.6,30.3,84,401.7,83.4,2,1,56.7,193.0,0.46,Coolant Loop Unit
9.7,19165.0,53980.0,171,84.9,88.5,18,5.01,0.88,0.4,44.2,32.1,2,23.0,4.0,47.2,124,402.7,65.4,12,8,5.0,14.0,0.98,X-Ray Tube Anode
5.8,13063.0,46145.0,21,56.8,66.8,11,4.9,0.62,0.41,38.1,29.4,2,24.5,6.8,38.0,112,414.4,76.0,7,0,34.5,122.0,0.66,X-Ray Tube Anode
6.1,14453.0,40897.0,15,55.4,54.6,10,5.05,0.54,0.44,45.5,26.4,0,26.3,7.1,36.1,96,380.6,77.7,8,2,31.7,113.0,0.7,X-Ray Tube Anode
2.0,4447.0,14045.0,163,16.5,21.7,4,4.35,0.28,0.19,36.3,24.2,0,28.9,5.9,25.8,83,404.3,91.4,3,1,68.5,230.0,0.3,Coolant Loop Unit
1.4,2721.0,9996.0,112,12.2,24.5,4,4.27,0.19,0.18,42.1,26.7,0,31.7,7.1,24.7,74,393.6,94.9,5,0,66.7,226.0,0.33,Coolant Loop Unit
8.9,20490.0,75319.0,126,65.6,61.5,13,5.29,0.67,0.63,51.1,31.1,1,20.6,4.9,35.4,100,390.6,67.9,12,2,15.2,43.0,0.9,X-Ray Tube Anode
6.2,13786.0,43837.0,85,62.7,71.7,14,5.18,0.64,0.33,41.6,31.2,0,24.1,5.2,38.5,114,397.8,79.2,11,1,27.4,93.0,0.72,X-Ray Tube Anode
5.5,12770.0,47100.0,85,50.1,64.4,9,4.69,0.57,0.41,41.4,29.3,1,27.2,5.3,36.5,101,402.3,80.4,7,1,34.5,117.0,0.69,X-Ray Tube Anode
8.9,20791.0,78130.0,172,91.0,75.1,19,5.31,0.84,0.67,50.2,31.9,0,21.5,5.0,41.5,117,395.3,71.2,18,3,5.0,11.0,0.98,X-Ray Tube Anode
9.3,23098.0,80432.0,5,95.5,86.3,22,5.4,0.95,0.61,46.5,31.4,0,21.7,5.7,40.5,117,397.9,64.9,21,4,5.0,14.0,0.96,X-Ray Tube Anode
2.3,5124.0,14565.0,117,19.2,34.4,3,4.46,0.32,0.21,42.0,25.7,0,32.0,6.6,24.9,76,399.9,87.6,4,0,68.5,227.0,0.31,Coolant Loop Unit
7.5,15329.0,44624.0,146,62.9,55.9,12,5.23,0.6,0.41,45.8,27.6,1,25.0,4.7,34.2,99,403.4,73.4,9,4,16.8,49.0,0.81,X-Ray Tube Anode
2.1,4635.0,13778.0,149,20.1,31.7,2,4.45,0.29,0.33,51.1,27.2,2,29.6,6.6,24.5,76,409.1,91.5,3,4,44.7,159.0,0.56,High Voltage Power Supply
9.1,16891.0,45188.0,72,79.4,71.9,14,5.19,0.78,0.39,42.3,31.8,2,25.5,6.3,36.3,101,398.4,68.1,11,3,11.0,30.0,0.89,X-Ray Tube Anode
8.1,19559.0,56911.0,74,78.7,75.8,16,5.25,0.79,0.66,48.7,31.0,0,23.8,5.6,35.0,97,400.8,70.6,13,5,5.0,18.0,0.95,X-Ray Tube Anode
11.5,21663.0,60966.0,51,89.0,85.5,20,5.45,0.98,0.49,45.4,34.9,1,26.0,6.1,40.3,116,400.3,61.8,14,3,5.0,22.0,0.94,X-Ray Tube Anode
1.3,2624.0,8353.0,169,5.0,27.6,0,4.4,0.06,0.26,40.5,25.9,1,33.5,6.6,23.6,76,413.8,95.8,1,0,74.0,259.0,0.27,Coolant Loop Unit
1.2,2741.0,10588.0,24,10.6,20.1,6,4.41,0.23,0.03,38.8,25.0,2,33.4,8.4,23.1,66,403.9,91.3,5,1,62.9,209.0,0.38,Coolant Loop Unit
3.7,8307.0,22070.0,152,44.9,57.7,8,4.5,0.48,0.29,40.5,29.3,0,25.5,5.3,33.4,91,403.1,84.6,8,0,41.1,146.0,0.59,Coolant Loop Unit
3.5,7284.0,26081.0,38,32.6,46.4,9,4.52,0.37,0.11,43.4,25.7,3,29.5,6.8,25.9,83,399.7,87.2,7,1,44.0,150.0,0.58,X-Ray Tube Anode
3.3,7119.0,25138.0,44,19.8,41.7,4,4.56,0.22,0.13,39.6,25.7,1,30.3,6.5,28.1,76,400.2,86.1,4,2,60.6,209.0,0.39,Coolant Loop Unit
10.9,26193.0,69244.0,162,97.0,86.9,24,5.4,1.01,0.82,51.6,32.3,1,21.9,3.8,42.8,115,384.4,58.9,18,3,5.0,26.0,0.95,X-Ray Tube Anode
3.4,6868.0,26673.0,75,21.5,43.0,4,4.58,0.28,0.32,39.7,27.1,1,29.3,6.2,30.2,83,396.6,91.0,8,0,50.4,174.0,0.47,Coolant Loop Unit
3.6,8738.0,29295.0,95,42.9,57.4,8,5.0,0.47,0.3,44.8,29.8,2,27.4,6.0,34.4,101,404.3,88.5,5,1,40.1,132.0,0.59,X-Ray Tube Anode
9.2,17189.0,52351.0,23,75.8,71.8,18,4.93,0.79,0.57,47.6,29.6,1,21.5,5.5,35.8,101,400.1,64.4,14,3,5.0,7.0,0.95,X-Ray Tube Anode
5.7,13294.0,48320.0,124,25.5,35.5,3,4.68,0.32,0.49,45.8,26.4,0,28.7,6.4,26.0,74,398.7,81.8,2,0,61.9,214.0,0.33,Coolant Loop Unit
9.4,22574.0,65149.0,86,89.6,91.4,21,5.23,0.81,0.6,46.3,33.1,0,25.4,4.0,43.8,113,411.4,68.3,19,3,5.0,19.0,0.96,X-Ray Tube Anode
1.3,2412.0,8540.0,43,10.8,31.9,3,4.47,0.17,0.01,35.0,26.0,2,30.5,7.0,26.6,79,403.2,96.4,4,2,62.0,207.0,0.4,Coolant Loop Unit
6.1,12832.0,32845.0,40,43.6,59.1,10,4.72,0.54,0.39,41.7,29.1,0,26.8,6.4,34.3,93,390.6,73.0,8,1,38.7,132.0,0.66,X-Ray Tube Anode
0.9,1699.0,6385.0,47,5.0,29.4,1,4.58,0.07,0.05,40.2,23.4,1,32.5,6.9,27.4,83,387.4,96.3,2,2,71.3,236.0,0.27,Coolant Loop Unit
1.2,2801.0,8884.0,169,21.9,37.5,6,4.48,0.24,0.16,40.6,23.1,1,31.4,5.8,25.3,71,407.6,91.8,6,2,52.1,179.0,0.48,Coolant Loop Unit
10.9,23757.0,82081.0,175,98.0,80.9,22,5.28,0.96,0.73,50.5,30.3,2,19.7,4.4,42.7,118,392.8,60.2,19,4,5.0,10.0,0.96,X-Ray Tube Anode
2.1,4717.0,13358.0,20,14.9,26.2,7,4.44,0.2,0.12,37.1,24.4,1,31.7,7.3,25.9,77,402.2,95.0,5,1,64.6,226.0,0.35,Coolant Loop Unit
6.6,12832.0,45112.0,109,49.8,64.3,9,4.85,0.55,0.45,45.1,27.9,1,28.5,5.6,37.1,106,406.4,74.6,5,0,38.6,142.0,0.6,X-Ray Tube Anode
5.2,10185.0,37259.0,68,38.9,43.6,7,4.84,0.4,0.37,43.2,27.2,1,29.6,5.9,29.6,86,402.2,80.2,8,2,40.4,139.0,0.57,Coolant Loop Unit
4.5,8221.0,26387.0,24,35.1,36.5,6,4.69,0.4,0.33,39.3,28.0,0,27.4,6.7,28.0,78,412.6,79.0,5,0,57.9,199.0,0.42,Coolant Loop Unit
10.8,21972.0,75290.0,36,76.5,77.7,15,5.49,0.79,0.6,42.6,32.4,0,26.5,5.3,40.1,113,398.7,61.4,13,5,5.0,20.0,0.97,X-Ray Tube Anode
0.8,1646.0,5242.0,45,5.0,28.2,3,4.24,0.18,0.16,36.0,26.1,1,33.9,7.1,24.5,78,402.4,100.0,2,2,69.3,237.0,0.31,Coolant Loop Unit
8.1,19525.0,74999.0,130,86.4,76.2,19,5.22,0.94,0.61,48.1,32.6,1,25.3,5.7,40.2,110,396.6,76.8,19,4,5.0,12.0,0.95,X-Ray Tube Anode
11.6,26248.0,85222.0,28,98.0,84.6,20,5.29,0.97,0.8,50.4,30.8,1,24.1,5.8,38.0,114,397.8,61.2,17,3,5.0,24.0,0.96,X-Ray Tube Anode
6.9,14611.0,54978.0,154,51.6,55.5,10,4.83,0.66,0.57,50.1,28.0,0,27.0,4.8,35.6,104,406.4,73.4,13,2,19.8,70.0,0.82,X-Ray Tube Anode
11.3,27814.0,102967.0,23,98.0,79.0,22,5.41,0.97,0.82,52.3,32.4,0,22.4,5.9,39.9,99,407.4,60.9,17,3,5.0,20.0,0.96,X-Ray Tube Anode
1.1,2536.0,7902.0,164,15.9,36.9,6,4.43,0.28,0.07,42.1,25.7,2,33.1,5.7,31.5,92,387.6,93.7,5,5,45.4,159.0,0.52,High Voltage Power Supply
5.3,13030.0,37073.0,91,48.0,49.9,7,4.79,0.63,0.31,40.1,27.4,0,24.5,6.0,35.4,96,393.8,80.9,6,0,48.1,168.0,0.53,X-Ray Tube Anode
3.5,7575.0,23551.0,134,34.4,51.1,5,4.52,0.42,0.34,43.0,30.9,2,26.9,5.5,31.9,92,401.7,88.3,6,3,36.9,132.0,0.62,Coolant Loop Unit
8.9,17642.0,65968.0,163,65.6,71.9,13,4.85,0.62,0.55,46.2,30.8,3,26.2,4.7,41.3,112,404.7,63.7,12,2,9.4,34.0,0.89,X-Ray Tube Anode
11.8,21649.0,61514.0,103,77.6,77.5,19,5.07,0.8,0.76,53.1,33.9,1,23.3,4.4,40.5,111,390.2,60.0,17,3,5.0,13.0,0.93,X-Ray Tube Anode
3.5,7964.0,26174.0,38,33.8,40.2,6,4.78,0.37,0.1,40.4,24.1,1,29.5,6.8,28.9,86,395.6,88.2,4,2,50.3,173.0,0.5,Coolant Loop Unit
8.0,15123.0,56092.0,163,59.7,62.1,11,5.12,0.62,0.53,48.4,28.5,0,29.1,5.3,36.0,95,404.3,68.7,10,1,23.5,80.0,0.75,X-Ray Tube Anode
2.8,5589.0,16937.0,94,27.8,38.4,6,4.52,0.45,0.18,32.8,27.2,0,30.9,6.2,25.8,77,405.8,83.3,4,1,55.6,185.0,0.44,Coolant Loop Unit
7.0,15212.0,52684.0,53,67.9,64.3,13,4.87,0.65,0.43,45.9,29.9,0,27.1,5.8,37.6,108,403.2,75.1,8,2,22.9,85.0,0.75,X-Ray Tube Anode
5.8,12809.0,36742.0,38,48.4,60.8,7,4.77,0.55,0.33,39.2,26.2,1,27.1,5.8,31.7,92,398.7,80.7,8,2,36.9,125.0,0.65,X-Ray Tube Anode
11.7,25930.0,69076.0,43,98.0,88.3,21,5.69,0.94,0.81,52.0,32.2,1,21.7,5.2,42.9,116,392.0,57.1,17,3,5.0,18.0,0.94,X-Ray Tube Anode
7.5,14369.0,53045.0,103,54.4,64.7,11,5.0,0.57,0.48,47.7,33.5,3,26.2,5.6,30.6,86,397.0,71.8,9,0,24.3,79.0,0.74,X-Ray Tube Anode
4.5,9336.0,24726.0,114,42.4,41.8,8,4.79,0.52,0.21,36.2,27.4,2,29.0,6.1,28.9,85,408.1,84.9,7,0,46.0,156.0,0.51,X-Ray Tube Anode
1.8,4045.0,11758.0,4,18.0,25.5,3,4.56,0.28,0.17,42.2,26.0,1,33.5,7.9,23.4,72,407.3,90.7,3,3,56.6,197.0,0.47,High Voltage Power Supply
2.2,5551.0,20998.0,5,17.2,41.6,4,4.64,0.24,0.25,39.5,26.0,0,31.4,7.5,29.2,90,393.1,93.2,5,2,58.2,208.0,0.39,Coolant Loop Unit
3.1,7139.0,21556.0,68,22.9,37.8,5,4.3,0.27,0.25,47.1,26.9,0,32.6,6.5,30.9,88,412.7,87.4,4,1,55.2,180.0,0.45,Coolant Loop Unit
3.4,8282.0,32793.0,123,35.3,44.9,9,4.56,0.43,0.36,43.1,27.4,0,29.9,5.9,30.1,93,393.9,87.8,8,1,43.7,149.0,0.58,Coolant Loop Unit
10.3,23994.0,95246.0,173,98.0,89.1,20,5.3,1.07,0.67,54.8,34.4,0,21.5,3.8,41.0,111,401.2,64.0,20,3,5.0,3.0,0.94,X-Ray Tube Anode
7.0,15398.0,44690.0,80,68.8,62.5,12,5.11,0.67,0.28,44.8,31.1,1,24.0,5.6,34.1,95,391.6,79.3,9,3,19.6,64.0,0.81,X-Ray Tube Anode
6.5,12610.0,32301.0,153,42.9,54.4,9,4.74,0.58,0.4,42.0,29.1,2,29.0,5.5,33.6,98,413.5,77.0,8,1,37.6,128.0,0.63,Coolant Loop Unit
1.8,4125.0,14675.0,11,9.8,18.6,2,4.43,0.25,0.17,34.9,24.3,0,31.4,8.1,21.8,70,406.8,89.9,4,2,66.6,227.0,0.35,Coolant Loop Unit
10.4,23239.0,73820.0,157,87.4,82.7,17,5.17,0.96,0.69,50.6,29.4,0,24.0,4.5,37.7,108,401.5,61.0,15,3,5.0,25.0,0.96,X-Ray Tube Anode
8.8,19579.0,51906.0,162,73.5,72.9,14,5.29,0.78,0.66,47.8,28.2,3,24.4,4.9,37.3,101,396.6,66.6,14,1,6.2,20.0,0.93,X-Ray Tube Anode
1.3,2739.0,9754.0,142,5.0,31.8,0,4.25,0.2,0.01,40.0,25.9,2,31.8,5.8,26.1,71,417.4,96.1,1,0,74.7,262.0,0.24,Coolant Loop Unit
8.6,18750.0,47751.0,120,81.3,77.4,18,5.28,0.78,0.53,45.9,32.6,0,24.6,5.1,38.8,101,404.2,68.6,15,4,5.0,18.0,0.98,X-Ray Tube Anode
6.8,13732.0,52253.0,152,51.3,48.6,12,4.99,0.53,0.34,41.6,29.8,0,26.3,5.3,33.0,90,416.3,75.3,9,1,34.5,115.0,0.68,X-Ray Tube Anode
1.4,3115.0,8436.0,167,16.2,32.8,3,4.56,0.28,0.04,31.6,24.6,3,30.3,6.7,24.9,72,401.2,97.5,2,3,57.5,196.0,0.41,Coolant Loop Unit
5.8,11185.0,30098.0,26,42.2,41.4,8,4.76,0.49,0.34,43.8,24.7,1,29.3,7.7,29.8,86,401.4,81.4,4,0,52.6,179.0,0.48,X-Ray Tube Anode
6.1,14357.0,39675.0,171,57.2,54.1,11,5.01,0.61,0.49,42.2,29.9,0,27.2,6.0,34.1,92,406.7,76.9,6,2,30.3,104.0,0.7,X-Ray Tube Anode
2.4,4644.0,18301.0,36,13.1,19.8,5,4.62,0.09,0.2,40.7,23.2,1,32.0,7.2,18.6,57,401.5,95.7,4,0,70.3,236.0,0.3,Coolant Loop Unit
11.4,21153.0,74875.0,167,84.4,79.3,19,5.29,0.84,0.56,49.0,29.2,2,27.3,4.8,39.2,112,402.1,66.0,18,3,5.0,13.0,0.98,X-Ray Tube Anode
10.3,21632.0,80083.0,144,79.6,67.4,16,5.05,0.76,0.62,46.3,29.3,0,25.0,4.1,38.1,110,403.1,60.5,13,4,5.0,23.0,0.95,X-Ray Tube Anode
8.2,18525.0,57360.0,122,73.9,71.1,14,5.17,0.79,0.62,51.5,29.8,3,25.9,5.6,40.2,113,407.0,68.7,15,0,10.1,40.0,0.9,X-Ray Tube Anode
5.8,12252.0,36810.0,59,60.7,71.1,10,4.92,0.64,0.43,43.7,32.5,1,26.7,5.7,34.7,103,393.8,75.4,7,2,28.1,91.0,0.74,X-Ray Tube Anode
5.2,10438.0,29766.0,96,45.9,56.5,8,4.4,0.48,0.28,36.8,30.1,0,27.9,5.2,30.5,86,400.3,84.9,5,1,43.7,148.0,0.54,X-Ray Tube Anode
8.0,17496.0,56353.0,6,72.3,62.2,15,5.14,0.88,0.47,49.9,28.4,2,24.3,6.7,34.3,95,396.0,68.5,9,2,18.4,64.0,0.81,X-Ray Tube Anode
6.8,13835.0,46041.0,98,44.8,45.8,9,4.75,0.55,0.28,38.4,29.6,1,26.3,6.1,28.4,87,405.2,73.8,7,0,44.4,155.0,0.59,X-Ray Tube Anode
1.2,2983.0,10285.0,56,16.5,35.0,4,4.57,0.3,0.1,38.6,26.4,2,29.1,6.8,26.8,74,400.2,100.0,5,1,61.7,211.0,0.38,Coolant Loop Unit
6.4,15638.0,45127.0,136,67.9,75.4,13,4.9,0.82,0.33,43.5,32.6,0,22.8,5.2,37.2,105,395.6,79.5,10,1,25.0,91.0,0.73,X-Ray Tube Anode
9.8,21030.0,82499.0,94,86.3,71.0,16,5.01,0.92,0.78,53.2,32.5,2,23.8,5.8,38.8,106,411.6,64.0,15,3,5.0,17.0,0.95,X-Ray Tube Anode
5.8,11733.0,32321.0,27,48.6,60.3,8,4.81,0.5,0.29,42.6,28.8,1,29.3,6.5,35.1,99,409.5,78.7,8,2,37.2,134.0,0.63,X-Ray Tube Anode
1.1,2542.0,10036.0,155,9.0,27.6,3,4.37,0.14,0.21,36.6,26.2,1,32.5,5.4,25.3,75,409.5,89.8,5,1,62.7,226.0,0.4,Coolant Loop Unit
9.5,17421.0,43941.0,120,74.9,73.3,17,5.11,0.82,0.66,54.6,30.2,0,26.0,5.3,41.1,112,410.5,65.4,16,0,7.2,25.0,0.95,X-Ray Tube Anode
2.8,6004.0,19343.0,174,35.2,53.8,5,4.63,0.31,0.23,42.9,29.9,3,26.7,4.9,33.7,90,404.7,89.8,5,0,45.3,156.0,0.55,Coolant Loop Unit
3.5,7071.0,21214.0,169,30.9,46.6,7,4.41,0.37,0.23,41.5,27.7,0,29.9,5.8,31.5,96,405.4,83.6,6,0,56.3,187.0,0.47,Coolant Loop Unit
2.4,5852.0,18573.0,25,15.6,37.9,9,4.37,0.13,0.1,33.2,28.0,3,31.1,7.2,26.0,75,398.6,91.3,8,1,47.8,162.0,0.55,Coolant Loop Unit
4.3,7772.0,26081.0,86,23.9,33.8,4,4.43,0.32,0.22,36.8,28.3,1,32.1,6.6,25.4,84,410.8,90.1,2,2,58.2,199.0,0.43,Coolant Loop Unit
9.2,20126.0,63465.0,146,86.3,81.5,17,5.4,0.92,0.72,52.7,32.6,2,23.8,4.6,43.8,122,401.4,71.2,17,3,5.0,20.0,0.93,X-Ray Tube Anode
6.5,15007.0,46857.0,12,52.3,58.9,9,4.88,0.58,0.48,39.5,28.9,0,29.7,5.8,34.2,96,395.5,81.1,7,0,40.1,135.0,0.63,X-Ray Tube Anode
2.9,6111.0,21993.0,87,26.1,34.7,4,4.47,0.38,0.22,40.8,26.0,1,30.3,7.3,26.8,78,403.5,88.1,4,1,59.5,206.0,0.43,Coolant Loop Unit
10.6,19704.0,69533.0,179,76.1,74.6,14,5.37,0.88,0.68,46.0,26.5,2,26.6,4.7,37.9,103,397.2,60.8,12,3,5.0,15.0,0.93,X-Ray Tube Anode
10.6,26333.0,98748.0,109,96.8,82.5,25,5.32,0.96,0.81,50.2,30.8,1,24.8,5.0,41.1,111,407.5,63.6,22,4,5.0,22.0,0.94,X-Ray Tube Anode
10.5,22733.0,65355.0,167,97.6,81.2,21,5.45,1.12,0.64,44.9,33.1,3,22.6,4.6,40.7,108,406.2,60.6,18,3,5.0,19.0,0.92,X-Ray Tube Anode
3.2,7239.0,24715.0,89,34.6,41.7,8,4.59,0.42,0.26,41.5,28.5,0,26.4,5.7,29.7,88,407.0,89.8,5,3,41.8,144.0,0.56,Coolant Loop Unit
5.7,11183.0,37774.0,10,33.9,48.5,7,4.85,0.45,0.29,44.7,26.7,2,27.8,7.2,33.2,91,388.7,82.0,5,0,52.5,176.0,0.5,X-Ray Tube Anode
11.8,25292.0,77258.0,74,98.0,96.9,24,5.39,0.95,0.68,51.0,33.9,0,26.0,4.6,44.9,121,386.1,64.2,22,4,5.0,17.0,0.95,X-Ray Tube Anode
9.4,19698.0,63606.0,77,81.5,76.2,17,5.2,0.91,0.56,48.7,30.9,2,24.4,5.4,36.4,105,401.7,62.2,14,4,5.0,15.0,0.94,X-Ray Tube Anode
0.8,1505.0,4471.0,54,12.7,31.8,2,4.33,0.27,0.13,38.5,26.8,1,32.0,6.8,27.2,84,401.7,99.3,3,3,59.1,205.0,0.42,Coolant Loop Unit
1.2,2343.0,6355.0,157,10.7,19.6,2,4.36,0.27,0.01,37.3,27.7,0,29.2,6.0,23.1,66,410.7,93.2,3,1,73.1,242.0,0.29,Coolant Loop Unit
5.8,13924.0,39276.0,102,67.1,75.1,13,5.19,0.71,0.43,45.8,32.1,0,25.5,5.0,36.7,107,395.2,83.1,7,1,23.1,75.0,0.8,X-Ray Tube Anode
11.0,21560.0,57313.0,169,85.2,81.0,18,5.35,0.8,0.59,39.9,30.7,2,26.0,4.4,39.4,107,392.4,61.8,19,4,5.0,23.0,0.96,X-Ray Tube Anode
6.7,12965.0,45696.0,137,49.7,60.4,9,4.8,0.57,0.32,44.8,29.1,0,24.5,5.4,36.9,100,394.2,76.0,6,0,41.3,141.0,0.6,X-Ray Tube Anode
6.2,13405.0,46797.0,165,45.8,58.0,7,5.01,0.43,0.38,45.7,31.1,3,27.3,5.0,32.4,89,391.5,80.1,4,1,34.8,124.0,0.64,Coolant Loop Unit
1.7,4005.0,15724.0,142,8.5,21.1,0,4.43,0.16,0.01,34.1,22.4,0,32.9,6.6,21.8,65,396.2,96.0,1,1,74.4,257.0,0.26,Coolant Loop Unit
8.1,14845.0,53359.0,101,51.2,56.4,9,4.75,0.57,0.39,37.6,27.8,1,28.0,5.7,33.5,91,390.7,69.7,5,0,43.7,153.0,0.56,X-Ray Tube Anode
10.0,21937.0,56554.0,73,89.5,91.9,19,5.07,1.02,0.55,47.8,34.1,1,25.8,4.4,42.9,118,400.8,64.5,17,4,5.0,19.0,0.9,X-Ray Tube Anode
4.9,9181.0,35132.0,72,34.6,36.0,5,4.55,0.43,0.27,42.0,28.3,0,28.4,6.7,25.3,72,400.3,80.2,5,0,57.7,193.0,0.43,Coolant Loop Unit
9.4,17196.0,65240.0,167,71.4,73.7,14,5.12,0.75,0.33,40.9,31.8,1,24.1,4.7,40.6,120,394.6,66.5,8,1,21.6,74.0,0.75,X-Ray Tube Anode
11.6,21293.0,67391.0,168,75.5,82.1,14,5.2,0.78,0.63,49.5,30.9,0,24.4,4.2,40.5,110,392.2,61.3,14,3,5.0,11.0,0.96,X-Ray Tube Anode
2.8,6778.0,22902.0,54,20.3,30.2,3,4.65,0.22,0.3,44.9,26.4,1,34.0,7.4,22.5,70,391.1,93.7,2,1,63.6,215.0,0.36,Coolant Loop Unit
6.5,12271.0,48645.0,3,42.1,56.7,8,4.54,0.48,0.37,50.3,29.4,2,28.0,6.6,33.2,92,381.0,70.7,5,1,38.9,130.0,0.6,X-Ray Tube Anode
3.8,6964.0,22970.0,111,45.2,60.3,10,4.68,0.51,0.28,41.5,29.8,1,28.3,5.8,35.9,100,394.5,89.2,7,2,33.0,103.0,0.66,X-Ray Tube Anode
9.6,20260.0,78164.0,161,79.7,80.7,17,4.98,0.77,0.55,48.1,31.5,0,20.7,4.2,41.9,110,396.3,67.6,15,5,5.0,19.0,0.94,X-Ray Tube Anode
7.1,17076.0,44817.0,96,67.8,62.1,12,4.81,0.65,0.38,40.9,29.5,1,25.9,5.4,36.4,95,383.9,70.5,8,1,25.9,90.0,0.74,X-Ray Tube Anode
7.8,15468.0,43103.0,71,61.3,59.6,14,4.84,0.63,0.46,43.7,27.8,0,26.5,5.9,35.3,100,411.2,67.0,11,0,29.0,105.0,0.73,X-Ray Tube Anode
9.7,20273.0,64086.0,19,93.5,76.2,20,5.38,0.94,0.65,48.8,34.9,2,22.2,5.4,38.1,108,407.4,65.2,19,5,5.0,11.0,0.93,X-Ray Tube Anode
5.1,9238.0,31197.0,34,24.0,43.5,6,4.6,0.29,0.19,42.7,27.5,1,29.4,6.1,28.9,86,398.6,81.1,6,3,48.6,171.0,0.51,Coolant Loop Unit
11.0,23308.0,86806.0,50,92.8,91.9,20,5.17,0.88,0.63,51.4,33.9,1,20.5,5.7,41.0,111,383.6,60.6,18,4,5.0,5.0,0.98,X-Ray Tube Anode
6.6,14614.0,58200.0,175,45.5,54.5,10,4.62,0.52,0.42,50.0,28.2,0,27.5,5.0,33.6,95,409.0,80.4,9,1,35.8,121.0,0.63,X-Ray Tube Anode
2.3,5095.0,15711.0,46,5.0,20.6,3,3.99,0.17,0.41,39.6,25.7,0,34.1,7.4,19.5,60,396.4,86.4,1,0,74.0,261.0,0.26,Coolant Loop Unit
8.5,17284.0,44439.0,83,63.3,55.8,11,4.99,0.68,0.53,42.7,26.8,1,27.1,6.1,30.5,87,387.4,65.9,16,0,19.7,67.0,0.82,X-Ray Tube Anode
9.6,19446.0,71984.0,51,81.1,81.8,15,5.06,0.8,0.42,47.5,29.2,1,22.1,5.3,42.8,111,390.0,61.2,9,4,5.0,13.0,0.98,X-Ray Tube Anode
4.1,7766.0,26456.0,54,24.7,41.8,4,4.75,0.35,0.08,41.2,27.0,1,28.2,6.2,31.0,89,395.8,88.0,5,0,60.9,207.0,0.42,Coolant Loop Unit
10.4,21303.0,59602.0,90,88.4,90.1,19,5.32,0.89,0.68,50.0,35.9,5,22.6,5.3,42.6,118,392.4,64.9,17,6,5.0,21.0,0.95,X-Ray Tube Anode
10.9,20418.0,66199.0,81,82.5,82.4,17,5.16,0.78,0.79,39.1,33.7,1,21.7,5.0,43.7,121,394.8,61.3,15,3,5.0,16.0,0.96,X-Ray Tube Anode
3.7,8609.0,31108.0,118,33.3,49.9,7,4.5,0.45,0.26,38.4,26.8,0,29.7,6.1,32.1,95,384.2,84.6,5,1,51.7,178.0,0.48,Coolant Loop Unit
11.8,29247.0,106917.0,156,98.0,93.5,19,5.15,1.0,0.8,53.7,34.0,3,23.8,4.8,43.7,119,411.4,57.1,19,4,5.0,19.0,0.97,X-Ray Tube Anode
2.1,5251.0,17063.0,19,16.2,34.0,5,4.19,0.24,0.22,37.2,25.1,0,31.9,6.7,24.1,73,407.7,90.4,5,2,58.3,201.0,0.41,Coolant Loop Unit
2.8,6791.0,20087.0,27,30.2,39.7,5,4.47,0.29,0.17,39.2,27.4,1,27.9,7.3,27.0,75,393.9,91.0,7,2,49.7,174.0,0.54,Coolant Loop Unit
2.6,5815.0,23030.0,176,8.8,34.2,1,4.2,0.14,0.01,40.9,26.9,1,31.5,6.0,29.5,85,406.9,95.6,0,2,67.4,239.0,0.29,Coolant Loop Unit
10.8,24695.0,86309.0,147,98.0,91.6,24,5.23,1.08,0.79,56.7,34.4,1,23.0,4.0,45.0,130,396.2,58.0,20,8,5.0,17.0,0.96,X-Ray Tube Anode
8.0,16046.0,49940.0,179,62.1,61.5,14,5.0,0.58,0.43,46.9,27.0,0,25.8,5.2,39.1,115,400.2,69.6,9,1,20.5,71.0,0.81,X-Ray Tube Anode
2.2,5042.0,14725.0,7,10.7,19.2,1,4.41,0.18,0.27,40.7,22.4,2,30.8,7.9,22.0,72,390.4,90.4,3,0,67.5,224.0,0.27,Coolant Loop Unit
5.6,11789.0,42402.0,157,50.3,51.1,10,4.74,0.55,0.3,40.2,28.0,1,27.4,5.3,27.3,77,404.2,71.8,7,2,39.7,140.0,0.57,X-Ray Tube Anode
7.6,16193.0,46365.0,171,58.9,62.1,13,5.2,0.65,0.49,48.1,27.9,0,29.2,5.8,35.4,102,406.5,75.1,9,1,23.5,87.0,0.79,X-Ray Tube Anode
1.5,3402.0,9381.0,69,27.5,34.7,4,4.27,0.27,0.21,39.7,24.5,1,29.0,7.0,21.8,71,401.8,94.1,3,1,58.0,201.0,0.43,Coolant Loop Unit
10.6,21267.0,70070.0,94,65.6,60.3,12,5.0,0.7,0.7,50.6,29.6,1,25.2,5.3,33.8,93,395.8,62.9,12,1,16.6,50.0,0.85,X-Ray Tube Anode
9.7,19703.0,57829.0,113,80.8,77.1,18,5.14,0.74,0.59,43.4,29.9,1,22.8,5.2,40.8,119,384.1,63.1,18,6,5.0,15.0,0.98,X-Ray Tube Anode
6.3,15442.0,53172.0,107,62.1,56.9,13,4.86,0.66,0.48,43.3,32.2,2,24.2,5.7,36.9,100,406.9,78.1,8,0,28.6,97.0,0.71,X-Ray Tube Anode
11.6,21377.0,57224.0,120,83.3,84.3,17,5.09,0.82,0.67,52.0,31.3,1,23.7,4.3,39.7,111,398.4,57.9,20,3,5.0,13.0,0.98,X-Ray Tube Anode
5.3,11351.0,39528.0,136,41.2,48.5,6,4.69,0.43,0.39,40.3,27.4,1,28.3,5.7,32.2,97,393.8,80.6,5,1,42.8,156.0,0.63,Coolant Loop Unit
11.8,28822.0,84302.0,170,98.0,90.1,22,5.34,1.02,0.72,51.5,33.3,1,18.1,4.4,46.3,128,395.0,60.9,19,9,5.0,19.0,0.98,X-Ray Tube Anode
8.2,18221.0,45560.0,42,81.4,69.9,15,5.12,0.82,0.43,45.8,28.1,0,24.7,5.5,37.1,104,402.2,71.5,10,3,10.3,40.0,0.91,X-Ray Tube Anode
7.8,17021.0,45792.0,13,54.7,54.8,10,4.66,0.62,0.34,43.8,29.3,1,29.5,6.1,31.4,93,390.2,67.2,8,1,32.2,114.0,0.68,X-Ray Tube Anode
2.4,4756.0,18552.0,154,12.6,27.0,5,4.11,0.24,0.24,41.9,25.8,1,31.5,5.8,29.6,88,403.4,90.3,6,0,61.9,211.0,0.39,Coolant Loop Unit
10.6,21713.0,82532.0,18,78.5,81.1,16,5.1,0.87,0.6,50.0,31.2,0,24.0,5.2,42.0,111,398.0,65.3,15,4,5.0,11.0,0.95,X-Ray Tube Anode
5.4,12979.0,36997.0,42,43.1,55.6,9,4.66,0.43,0.46,43.3,29.1,1,27.0,6.6,32.4,90,394.3,79.5,7,2,35.6,125.0,0.64,X-Ray Tube Anode
2.4,5184.0,19014.0,51,23.5,30.9,3,4.45,0.36,0.22,35.4,26.3,1,28.8,7.2,22.4,71,393.6,93.0,3,0,68.0,241.0,0.3,Coolant Loop Unit
0.6,1393.0,4755.0,113,10.3,29.5,2,4.31,0.19,0.01,32.6,27.7,0,31.0,6.2,25.4,72,402.8,100.0,3,1,72.7,245.0,0.28,Coolant Loop Unit
6.9,12971.0,51316.0,144,60.4,57.2,13,4.85,0.62,0.39,45.7,32.6,0,26.1,5.4,32.4,93,380.2,77.4,10,2,21.9,72.0,0.79,X-Ray Tube Anode
6.6,11891.0,36391.0,101,52.4,66.4,9,4.8,0.51,0.33,38.7,28.4,2,29.9,5.0,33.2,94,394.9,77.6,7,2,27.7,98.0,0.75,X-Ray Tube Anode
8.8,21708.0,76461.0,3,92.3,93.7,17,5.18,0.96,0.58,44.6,31.3,1,22.1,5.2,45.9,120,405.2,69.0,16,7,5.0,22.0,0.96,X-Ray Tube Anode
10.7,22162.0,57517.0,79,77.4,75.4,15,5.36,0.75,0.71,47.6,31.2,1,26.4,5.2,39.8,108,399.2,60.7,18,5,5.0,23.0,0.94,X-Ray Tube Anode
1.4,3140.0,9718.0,98,24.4,41.1,5,4.37,0.35,0.33,36.8,23.8,0,32.8,6.5,27.4,77,409.7,93.7,6,0,56.3,191.0,0.42,Coolant Loop Unit
8.9,16539.0,65259.0,173,64.5,71.2,13,4.92,0.78,0.58,44.3,31.5,1,24.8,5.3,36.4,96,401.1,72.0,11,2,12.4,41.0,0.88,X-Ray Tube Anode
2.7,6049.0,20013.0,150,32.5,47.1,7,4.48,0.44,0.21,42.6,27.8,1,28.0,5.3,30.6,88,394.7,91.7,7,2,42.7,132.0,0.56,Coolant Loop Unit
10.4,25433.0,74565.0,23,90.7,87.5,20,5.18,0.99,0.83,51.1,33.1,1,20.7,5.2,39.7,112,398.1,62.3,18,4,5.0,17.0,0.95,X-Ray Tube Anode
9.9,21852.0,58572.0,59,85.5,89.0,19,5.23,0.83,0.77,46.7,32.2,0,23.5,5.3,47.7,128,401.2,63.4,19,8,5.0,14.0,0.94,X-Ray Tube Anode
6.7,12688.0,45108.0,113,58.3,62.7,12,4.88,0.66,0.28,39.6,29.9,3,25.9,5.0,34.3,94,393.5,75.7,9,1,30.2,92.0,0.72,X-Ray Tube Anode
8.7,19132.0,66335.0,68,76.7,76.5,17,5.05,0.73,0.66,51.0,31.9,0,25.9,5.1,38.3,102,404.9,69.6,18,4,5.0,26.0,0.96,X-Ray Tube Anode
4.1,9615.0,29429.0,54,32.4,49.7,7,4.55,0.38,0.37,37.6,28.3,2,29.5,6.8,29.2,83,414.5,83.5,8,0,45.8,157.0,0.56,Coolant Loop Unit
5.9,12337.0,48440.0,57,59.8,65.3,13,4.81,0.73,0.47,48.3,27.8,2,23.9,6.4,31.3,85,390.7,74.8,9,0,25.4,77.0,0.74,X-Ray Tube Anode
9.9,24035.0,60889.0,151,86.8,85.4,17,5.3,0.85,0.76,47.3,32.5,1,23.2,4.1,39.7,106,405.0,65.8,15,3,5.0,19.0,0.95,X-Ray Tube Anode
5.8,13032.0,38517.0,111,52.0,51.1,10,5.13,0.62,0.38,42.2,30.9,0,27.0,5.6,34.3,97,393.8,77.6,6,0,40.3,146.0,0.62,X-Ray Tube Anode
4.6,11211.0,43518.0,60,50.0,52.4,11,4.67,0.6,0.51,45.0,28.6,0,27.1,6.6,30.9,93,394.5,81.0,11,0,30.9,111.0,0.7,X-Ray Tube Anode
6.2,13829.0,41230.0,73,72.1,63.4,13,5.12,0.8,0.45,43.1,29.8,0,26.6,6.2,35.4,101,397.0,76.0,8,1,26.1,94.0,0.75,X-Ray Tube Anode
10.0,18966.0,54592.0,55,72.2,70.7,14,5.07,0.69,0.52,46.3,32.8,2,23.5,5.7,37.9,105,395.2,61.9,15,1,9.4,26.0,0.89,X-Ray Tube Anode
4.4,8783.0,28995.0,117,32.9,42.2,5,4.7,0.42,0.32,44.5,25.9,2,31.1,5.9,30.6,86,405.1,86.0,5,0,50.1,168.0,0.52,Coolant Loop Unit
2.5,4850.0,18117.0,63,15.8,41.0,4,4.49,0.23,0.26,40.5,28.3,0,29.4,6.9,27.0,79,400.4,93.1,3,2,58.2,194.0,0.41,Coolant Loop Unit
8.7,21166.0,56190.0,55,86.6,82.8,18,5.27,0.93,0.62,46.9,31.1,0,23.2,5.5,43.6,122,398.5,70.8,15,4,5.0,17.0,0.98,X-Ray Tube Anode
10.0,23320.0,91286.0,25,98.0,94.3,22,5.37,0.9,0.7,51.8,34.9,2,24.6,5.2,45.2,124,402.8,64.7,19,8,5.0,21.0,0.95,X-Ray Tube Anode
1.7,3768.0,13913.0,26,23.8,33.4,4,4.42,0.33,0.16,39.1,27.2,0,28.0,7.9,26.4,78,403.3,89.4,2,0,66.1,227.0,0.36,Coolant Loop Unit
3.3,6552.0,18161.0,177,32.3,49.2,7,4.47,0.4,0.17,36.8,27.3,1,29.4,5.5,32.3,90,399.8,89.1,4,1,52.8,175.0,0.46,Coolant Loop Unit
2.1,4114.0,14677.0,63,12.5,31.0,1,4.34,0.11,0.09,37.2,25.3,1,31.9,6.5,23.5,73,408.0,97.5,1,0,76.0,257.0,0.24,Coolant Loop Unit
4.5,10486.0,32270.0,173,48.5,57.9,8,4.59,0.49,0.22,37.5,30.4,3,26.1,5.4,35.8,103,400.8,82.7,8,1,37.6,133.0,0.62,Coolant Loop Unit
5.7,12107.0,37574.0,73,49.2,50.3,8,4.7,0.45,0.49,43.3,25.3,2,29.2,6.0,31.3,92,416.9,74.3,4,2,39.0,135.0,0.57,X-Ray Tube Anode
9.1,17841.0,65564.0,79,77.3,75.1,15,5.29,0.76,0.51,48.6,30.3,1,25.8,5.4,36.8,106,392.7,69.3,14,5,5.0,19.0,0.9,X-Ray Tube Anode
8.0,17827.0,70312.0,167,77.7,77.1,15,5.15,0.83,0.25,41.9,32.2,0,24.5,4.9,37.3,105,388.0,65.7,13,3,6.7,18.0,0.93,X-Ray Tube Anode
7.6,13969.0,37576.0,65,68.9,70.0,14,5.16,0.73,0.45,47.3,29.9,0,25.8,6.0,38.4,110,401.5,69.4,9,1,22.6,78.0,0.74,X-Ray Tube Anode
4.6,9234.0,28910.0,69,34.1,52.2,4,4.83,0.42,0.33,44.1,28.5,0,29.5,5.1,30.2,91,407.3,82.3,5,0,51.6,170.0,0.49,Coolant Loop Unit
10.2,21656.0,69762.0,9,82.3,85.5,20,5.16,0.79,0.48,42.9,29.2,1,23.5,5.4,40.1,111,397.3,66.7,13,3,5.0,13.0,0.95,X-Ray Tube Anode
5.9,11269.0,34533.0,156,48.7,63.5,9,4.81,0.59,0.28,44.2,28.3,0,26.7,5.0,36.2,104,393.4,78.8,7,1,39.2,126.0,0.55,Coolant Loop Unit
11.8,29273.0,89130.0,173,98.0,91.9,20,5.33,0.98,0.76,50.8,34.1,1,22.6,4.1,43.6,117,400.0,56.0,17,4,5.0,26.0,0.94,X-Ray Tube Anode
7.8,15167.0,39108.0,26,61.1,72.2,13,4.81,0.65,0.4,46.5,29.5,0,25.7,5.6,38.3,105,398.0,70.0,8,1,25.7,96.0,0.74,X-Ray Tube Anode
2.0,3692.0,13026.0,28,24.7,44.0,6,4.35,0.37,0.25,40.0,25.3,2,30.3,6.7,31.6,91,398.5,88.9,5,1,53.7,178.0,0.49,Coolant Loop Unit
8.3,16076.0,50709.0,40,69.8,64.3,16,5.16,0.68,0.47,46.2,31.3,0,21.2,6.1,36.2,105,393.8,68.4,10,0,23.2,75.0,0.76,X-Ray Tube Anode
4.2,9912.0,27675.0,143,38.0,45.2,6,4.69,0.45,0.28,42.2,28.2,0,29.5,5.2,31.2,85,395.9,83.5,4,1,49.2,166.0,0.48,Coolant Loop Unit
8.4,17607.0,65569.0,134,74.9,67.2,17,5.38,0.8,0.61,50.8,28.4,0,27.5,5.1,35.8,95,407.7,69.8,17,4,5.0,23.0,0.91,X-Ray Tube Anode
1.3,2856.0,10580.0,27,7.9,15.6,2,4.44,0.14,0.17,33.7,24.1,2,33.1,8.1,18.0,60,410.2,96.3,3,0,76.4,263.0,0.23,Coolant Loop Unit
2.5,4557.0,14717.0,38,20.1,27.9,3,4.33,0.31,0.03,31.0,23.8,1,32.4,6.8,25.1,73,398.7,90.8,2,0,68.2,239.0,0.3,Coolant Loop Unit
10.3,18863.0,55602.0,85,66.9,56.9,14,5.13,0.73,0.5,48.1,28.6,0,27.5,6.0,32.5,93,391.3,59.2,16,1,19.3,74.0,0.8,X-Ray Tube Anode
3.1,6574.0,22727.0,64,25.8,42.4,9,4.46,0.33,0.25,41.6,27.4,0,29.5,6.6,30.0,82,392.0,82.0,6,0,52.0,179.0,0.48,Coolant Loop Unit
10.1,24015.0,70418.0,30,98.0,87.1,23,5.56,0.98,0.62,46.2,31.2,2,21.5,4.7,41.8,114,389.9,61.7,19,4,5.0,18.0,0.96,X-Ray Tube Anode
3.7,8981.0,25632.0,99,42.1,45.7,8,4.63,0.5,0.45,46.0,28.6,0,28.8,6.1,32.4,99,407.2,92.1,6,3,34.9,125.0,0.66,X-Ray Tube Anode
7.9,14687.0,52810.0,131,63.7,69.8,11,4.81,0.71,0.45,40.7,31.7,0,27.0,5.1,36.4,98,401.4,70.4,8,0,33.0,118.0,0.66,X-Ray Tube Anode
8.5,18466.0,47281.0,12,76.2,80.0,17,4.99,0.79,0.48,55.4,32.0,1,22.7,6.3,37.5,103,398.4,69.8,13,4,5.0,22.0,0.96,X-Ray Tube Anode
6.4,15600.0,41219.0,91,63.7,74.1,13,4.85,0.73,0.38,47.2,31.5,2,26.5,5.2,39.1,107,407.1,72.4,9,1,22.2,78.0,0.75,X-Ray Tube Anode
4.0,8309.0,20858.0,30,23.1,39.0,4,4.35,0.34,0.35,44.5,24.5,1,31.2,7.1,27.8,84,403.3,83.3,4,1,55.8,195.0,0.44,Coolant Loop Unit
2.9,7012.0,19139.0,38,26.4,37.7,6,4.43,0.25,0.19,39.3,28.6,0,29.2,6.7,28.5,81,380.5,90.6,5,0,59.1,199.0,0.41,Coolant Loop Unit
0.9,1670.0,4347.0,85,8.1,21.8,1,4.43,0.1,0.12,35.9,24.5,1,31.6,7.2,23.0,73,394.2,97.5,1,0,75.0,252.0,0.25,Coolant Loop Unit
4.0,9808.0,39169.0,60,30.2,35.6,5,4.83,0.43,0.22,35.9,24.9,1,30.5,7.2,26.8,84,399.7,85.1,5,1,53.6,181.0,0.44,Coolant Loop Unit
8.0,18634.0,54659.0,38,60.5,56.6,11,4.73,0.63,0.55,46.8,29.0,1,25.5,5.7,32.9,91,414.2,72.2,10,3,16.9,69.0,0.81,X-Ray Tube Anode
11.3,27763.0,75623.0,104,98.0,86.8,23,5.57,0.99,0.74,48.7,33.5,2,26.6,4.9,42.1,122,413.2,63.4,20,5,5.0,12.0,0.96,X-Ray Tube Anode
10.5,23916.0,68435.0,143,96.1,97.1,19,5.28,1.02,0.66,47.2,34.4,3,20.0,4.4,47.3,126,382.4,62.7,16,7,5.0,22.0,0.94,X-Ray Tube Anode
9.3,19126.0,74671.0,146,78.2,64.7,17,5.19,0.8,0.5,41.7,28.1,0,21.5,5.2,35.0,106,389.8,71.4,11,5,5.5,29.0,0.96,X-Ray Tube Anode
9.6,23504.0,77098.0,29,98.0,82.5,23,5.13,0.98,0.76,52.4,33.0,1,22.7,5.7,38.7,101,401.2,66.7,19,4,5.0,19.0,0.94,X-Ray Tube Anode
8.1,16237.0,49477.0,112,57.1,53.7,10,4.96,0.57,0.44,43.6,28.4,1,27.1,6.1,32.9,93,405.0,68.6,7,0,35.2,118.0,0.71,X-Ray Tube Anode
3.5,7100.0,27052.0,21,25.2,42.0,5,4.2,0.35,0.23,41.6,27.8,1,30.5,6.4,28.7,80,394.7,84.4,6,1,54.5,188.0,0.45,Coolant Loop Unit
10.9,25042.0,77443.0,145,98.0,85.6,20,5.42,1.01,0.71,52.0,31.1,1,18.6,4.7,44.5,119,404.1,59.7,19,4,5.0,15.0,0.97,X-Ray Tube Anode
8.2,19184.0,57601.0,146,72.8,70.1,15,5.11,0.73,0.69,50.9,32.0,0,21.8,5.5,38.4,112,394.7,69.9,18,2,5.0,12.0,0.98,X-Ray Tube Anode
6.9,17019.0,47840.0,119,66.0,59.1,12,5.02,0.65,0.58,55.6,29.4,1,25.2,5.4,36.1,100,395.3,77.6,13,0,19.4,73.0,0.83,X-Ray Tube Anode
1.8,3452.0,10587.0,165,8.5,24.0,2,4.19,0.31,0.21,42.0,26.7,2,32.6,6.1,26.8,83,391.1,96.6,3,1,65.6,229.0,0.34,Coolant Loop Unit
5.6,13305.0,39583.0,60,47.3,45.2,10,4.85,0.52,0.28,37.3,25.1,1,26.0,6.3,28.7,82,389.1,78.6,6,2,39.0,131.0,0.61,X-Ray Tube Anode
5.8,13425.0,47201.0,166,62.5,64.4,10,5.01,0.63,0.36,44.2,27.6,1,27.4,5.2,36.2,105,396.0,80.2,8,1,26.7,88.0,0.67,X-Ray Tube Anode
10.4,19263.0,56524.0,140,57.2,52.0,10,4.86,0.65,0.66,49.3,27.9,2,26.7,6.2,33.1,91,409.0,63.1,11,1,22.9,79.0,0.72,X-Ray Tube Anode
6.8,14055.0,47307.0,113,52.6,62.6,8,4.93,0.57,0.33,38.3,31.7,3,26.5,6.4,34.3,98,403.8,74.7,7,1,34.9,118.0,0.65,X-Ray Tube Anode
4.9,9739.0,25310.0,129,40.8,49.9,10,4.67,0.41,0.32,37.7,30.9,1,27.4,6.5,29.2,82,402.2,83.1,9,0,42.5,140.0,0.56,X-Ray Tube Anode
11.7,23621.0,65829.0,58,98.0,93.1,22,5.46,1.01,0.59,49.4,31.8,0,22.6,4.9,45.2,119,397.7,59.7,21,7,5.0,9.0,0.93,X-Ray Tube Anode
1.8,4412.0,13726.0,3,8.6,24.4,1,4.28,0.13,0.09,39.1,25.0,0,31.8,7.4,23.4,76,403.4,99.1,3,1,74.1,245.0,0.26,Coolant Loop Unit
5.4,12058.0,47092.0,149,37.8,44.1,7,4.69,0.52,0.51,43.0,27.5,1,30.4,5.2,31.4,97,396.2,85.4,8,0,39.0,127.0,0.6,Coolant Loop Unit
1.0,2264.0,6941.0,23,5.0,15.5,1,4.35,0.17,0.17,41.6,24.9,2,32.2,8.0,22.0,71,393.6,99.5,2,1,70.9,236.0,0.27,Coolant Loop Unit
9.0,22375.0,78225.0,137,95.1,87.1,20,5.28,0.94,0.73,51.8,33.8,1,23.8,5.7,44.0,124,404.2,66.8,16,4,5.0,18.0,0.97,X-Ray Tube Anode
11.1,22824.0,65793.0,83,92.3,84.9,23,5.12,0.94,0.72,54.5,30.5,4,22.8,5.2,41.5,111,395.5,57.0,18,4,5.0,13.0,0.92,X-Ray Tube Anode
3.7,8785.0,23636.0,55,23.6,35.9,9,4.52,0.36,0.27,44.3,26.4,0,31.9,7.0,22.9,78,391.5,87.4,7,1,49.8,165.0,0.52,X-Ray Tube Anode
10.4,21822.0,56472.0,110,88.1,86.5,18,5.44,0.9,0.58,47.2,29.4,2,23.8,4.8,42.2,115,403.5,57.4,16,5,5.0,11.0,0.95,X-Ray Tube Anode
3.9,9299.0,27507.0,116,49.6,61.4,10,4.84,0.65,0.27,45.8,30.6,1,26.5,5.8,35.1,101,389.1,85.2,7,0,39.6,128.0,0.63,X-Ray Tube Anode
11.0,21141.0,57851.0,147,86.7,85.7,19,5.29,0.94,0.6,44.8,31.8,2,20.9,4.3,38.8,104,403.1,62.1,22,6,5.0,11.0,0.94,X-Ray Tube Anode
9.2,22591.0,62373.0,62,91.7,77.1,19,5.29,0.95,0.79,59.7,29.4,1,22.5,5.6,41.6,115,403.2,63.8,18,3,5.0,17.0,0.92,X-Ray Tube Anode
9.8,19056.0,69384.0,87,78.0,77.1,14,5.25,0.76,0.45,42.3,31.7,1,23.2,5.2,33.8,90,389.7,65.7,9,3,11.7,45.0,0.87,X-Ray Tube Anode
0.7,1434.0,3620.0,167,9.1,17.9,2,4.28,0.17,0.04,35.8,23.6,0,29.5,6.7,23.9,69,390.3,99.1,6,1,70.3,247.0,0.3,Coolant Loop Unit
11.6,26956.0,89944.0,100,97.7,92.3,21,5.3,1.0,0.7,48.6,35.0,0,20.4,4.7,40.3,110,410.4,58.3,17,4,5.0,17.0,0.97,X-Ray Tube Anode
8.9,18383.0,56422.0,27,71.7,67.8,14,5.23,0.7,0.62,47.6,28.8,0,26.7,6.3,37.8,104,405.0,68.2,13,0,15.1,57.0,0.87,X-Ray Tube Anode
4.0,8913.0,29056.0,174,34.2,36.6,8,4.53,0.47,0.44,53.4,29.7,2,29.5,5.5,29.8,90,403.9,87.2,7,0,39.0,129.0,0.61,Coolant Loop Unit
10.0,21192.0,70872.0,34,80.9,83.9,19,5.3,0.78,0.64,47.7,33.3,3,21.0,6.0,42.9,119,401.7,69.0,16,3,5.0,20.0,0.95,X-Ray Tube Anode
3.7,8670.0,25749.0,33,40.2,50.4,8,4.85,0.43,0.31,44.4,30.0,1,30.3,7.0,31.6,91,405.7,86.6,6,0,43.3,143.0,0.58,X-Ray Tube Anode
10.5,20650.0,60766.0,92,77.5,71.4,14,5.22,0.77,0.61,47.7,29.0,0,26.4,5.3,38.2,109,405.7,64.2,14,4,5.0,19.0,0.97,X-Ray Tube Anode
1.8,3304.0,11894.0,96,10.3,17.8,3,4.14,0.23,0.17,41.6,26.8,1,34.2,6.9,21.9,64,393.6,91.8,2,0,71.7,240.0,0.29,Coolant Loop Unit
8.6,17270.0,65746.0,178,59.0,62.0,10,4.91,0.59,0.57,46.0,27.6,1,28.7,4.5,32.5,90,398.5,71.0,12,1,17.6,56.0,0.83,X-Ray Tube Anode
6.7,14323.0,39945.0,148,60.3,70.7,13,4.89,0.55,0.47,46.0,30.2,3,29.0,4.5,42.5,117,396.5,77.7,9,0,19.7,67.0,0.81,X-Ray Tube Anode
1.6,3088.0,8171.0,168,19.9,35.8,4,4.36,0.33,0.17,40.7,28.3,1,30.6,5.8,27.2,78,404.6,94.9,5,1,58.7,208.0,0.42,Coolant Loop Unit
3.3,6722.0,25858.0,95,24.0,46.2,4,4.51,0.29,0.29,39.2,28.3,0,28.4,6.3,30.9,91,401.4,92.7,5,0,59.3,206.0,0.41,Coolant Loop Unit
0.6,1337.0,4043.0,159,11.8,21.0,3,4.46,0.15,0.01,43.5,22.7,1,32.6,6.6,22.0,68,410.1,96.0,2,0,73.8,247.0,0.24,Coolant Loop Unit
5.9,10840.0,36065.0,38,42.2,50.9,9,4.64,0.44,0.34,44.5,29.8,1,24.3,7.3,28.3,74,402.2,78.5,6,2,40.5,132.0,0.56,X-Ray Tube Anode
4.0,8755.0,26609.0,173,14.8,36.3,4,4.35,0.32,0.31,41.1,26.9,1,30.5,5.7,28.5,90,400.3,89.4,5,2,54.2,180.0,0.44,Coolant Loop Unit
7.4,17855.0,48007.0,41,71.0,70.2,15,5.02,0.71,0.56,45.2,29.8,1,25.3,5.7,37.7,110,406.5,72.3,14,2,7.6,29.0,0.91,X-Ray Tube Anode
3.9,7469.0,25275.0,137,28.5,31.8,4,4.72,0.35,0.24,40.5,23.5,4,32.1,6.3,30.1,90,406.6,87.7,3,1,54.4,186.0,0.47,Coolant Loop Unit
3.9,8761.0,28803.0,137,35.9,46.8,7,4.59,0.4,0.3,37.9,28.3,2,29.0,5.5,33.2,94,409.8,90.7,6,2,45.1,157.0,0.54,Coolant Loop Unit
9.0,20494.0,57474.0,79,84.0,81.0,16,5.02,0.79,0.54,52.2,31.5,1,23.2,5.9,40.0,113,401.6,69.8,13,4,5.0,14.0,0.95,X-Ray Tube Anode
1.1,2206.0,7010.0,128,5.0,28.1,2,4.02,0.11,0.01,36.5,25.6,1,29.8,7.3,24.6,73,416.4,96.7,2,0,75.4,258.0,0.25,Coolant Loop Unit
10.9,24931.0,92131.0,22,98.0,93.8,21,5.43,0.92,0.79,52.2,30.9,2,21.8,5.6,43.5,116,407.4,60.5,17,5,5.0,18.0,0.96,X-Ray Tube Anode
10.3,21504.0,72803.0,16,85.5,85.3,17,5.11,0.92,0.53,49.9,31.6,2,23.3,6.0,39.8,111,416.8,66.5,16,3,5.0,23.0,0.94,X-Ray Tube Anode
8.2,17613.0,46593.0,32,68.9,71.5,16,5.13,0.72,0.51,44.0,31.3,3,24.0,5.9,37.5,102,400.7,67.4,16,0,8.6,37.0,0.9,X-Ray Tube Anode
7.3,13217.0,43909.0,142,58.8,55.5,11,4.71,0.75,0.34,39.1,31.5,2,21.9,5.8,31.5,87,418.1,69.1,7,1,31.6,112.0,0.65,X-Ray Tube Anode
10.8,24581.0,87365.0,38,98.0,86.7,21,5.3,0.95,0.83,52.9,32.1,2,22.5,5.9,39.7,113,405.7,58.7,17,3,5.0,23.0,0.96,X-Ray Tube Anode
2.6,5954.0,21966.0,98,44.3,56.6,6,4.53,0.46,0.2,39.8,31.0,0,26.5,5.7,33.3,92,391.8,89.9,7,0,50.9,173.0,0.43,Coolant Loop Unit
1.4,2573.0,8859.0,136,8.6,35.1,0,4.37,0.25,0.09,38.7,27.4,1,30.4,6.8,27.6,78,392.4,90.6,1,1,70.8,237.0,0.3,Coolant Loop Unit
3.3,6697.0,18275.0,21,29.6,32.3,6,4.65,0.42,0.29,36.9,26.2,0,30.0,7.3,25.6,79,397.6,94.3,5,1,53.4,181.0,0.48,X-Ray Tube Anode
9.6,23953.0,85397.0,56,89.8,83.6,17,5.33,0.93,0.86,52.6,30.5,3,23.0,5.3,41.0,118,397.5,62.9,15,7,5.0,16.0,0.95,X-Ray Tube Anode
0.9,1882.0,6618.0,46,14.5,26.4,5,4.21,0.17,0.13,28.7,23.7,0,33.3,6.9,22.9,72,402.7,98.6,8,2,60.6,205.0,0.4,Coolant Loop Unit
7.2,15495.0,39304.0,43,64.4,59.6,13,4.86,0.77,0.43,41.0,30.1,1,24.7,6.3,31.2,90,414.1,71.7,7,1,28.6,97.0,0.71,X-Ray Tube Anode
11.9,29116.0,90771.0,120,98.0,88.7,19,5.41,0.98,0.88,56.6,31.9,0,21.4,5.1,42.0,112,402.6,57.2,20,5,5.0,16.0,0.95,X-Ray Tube Anode
10.3,23805.0,71400.0,46,88.2,83.9,16,5.01,0.87,0.56,50.2,31.1,1,22.5,4.5,38.1,102,391.9,63.1,15,3,5.0,15.0,0.95,X-Ray Tube Anode
6.5,14341.0,50252.0,48,46.9,43.0,12,4.73,0.58,0.44,41.2,26.9,0,28.4,6.9,30.6,85,403.5,73.1,8,2,33.8,114.0,0.68,X-Ray Tube Anode
1.2,2905.0,8205.0,84,15.0,36.1,3,4.61,0.23,0.29,40.3,26.1,0,31.2,6.9,24.3,77,396.8,94.8,2,0,69.2,239.0,0.3,Coolant Loop Unit
10.1,24197.0,81938.0,31,85.7,86.4,17,5.2,0.81,0.71,50.6,33.7,2,22.2,5.5,40.3,108,397.2,68.1,16,6,5.0,13.0,0.93,X-Ray Tube Anode
7.4,15662.0,60608.0,161,73.1,80.5,15,4.85,0.76,0.48,48.7,30.9,0,24.9,3.8,42.3,129,398.5,72.7,14,3,5.0,24.0,0.96,X-Ray Tube Anode
1.8,3885.0,14362.0,172,5.4,17.4,1,4.17,0.11,0.16,43.0,25.3,0,32.5,6.0,25.2,79,397.1,93.4,0,1,75.2,261.0,0.25,Coolant Loop Unit
1.6,3270.0,12693.0,71,11.7,30.0,3,4.25,0.05,0.11,37.8,26.3,1,32.1,6.9,26.9,77,389.6,94.5,3,2,64.3,219.0,0.34,Coolant Loop Unit
11.0,27146.0,107710.0,8,98.0,87.1,20,5.7,0.94,0.8,51.8,29.9,0,23.0,5.0,42.8,111,400.8,61.8,18,3,5.0,5.0,0.96,X-Ray Tube Anode
8.2,18752.0,47180.0,130,75.3,69.4,16,5.35,0.75,0.61,44.1,30.8,4,23.6,6.3,41.2,111,413.9,65.1,15,4,5.0,6.0,0.98,X-Ray Tube Anode
10.0,18651.0,64049.0,145,74.8,73.7,13,5.21,0.72,0.52,46.8,26.8,2,24.8,5.5,35.9,98,406.4,66.2,13,1,16.1,55.0,0.85,X-Ray Tube Anode
10.6,25503.0,79551.0,52,98.0,94.2,19,5.32,1.01,0.53,52.9,32.0,1,23.0,4.6,44.6,119,390.5,63.6,18,3,5.0,20.0,0.97,X-Ray Tube Anode
7.1,15116.0,57286.0,45,48.3,44.2,8,4.96,0.5,0.49,49.7,28.0,0,28.8,7.1,30.3,86,379.8,74.5,6,1,41.8,151.0,0.59,X-Ray Tube Anode
6.5,11922.0,34307.0,37,41.6,58.5,9,4.53,0.5,0.54,47.4,29.0,0,28.2,6.6,33.7,95,402.6,80.5,13,3,26.4,88.0,0.76,X-Ray Tube Anode
5.4,11907.0,47289.0,170,55.4,65.0,12,5.03,0.54,0.34,43.3,27.1,2,26.8,4.9,35.5,102,404.6,83.3,10,2,25.8,85.0,0.76,X-Ray Tube Anode
4.1,8671.0,29660.0,44,40.0,53.0,8,4.82,0.51,0.16,36.5,26.7,0,27.9,6.8,32.5,95,404.6,85.7,8,0,50.6,166.0,0.48,X-Ray Tube Anode
5.5,13274.0,48986.0,117,33.1,48.4,6,4.57,0.33,0.46,44.0,23.9,0,31.4,5.1,32.9,91,400.9,78.4,4,0,52.2,180.0,0.49,Coolant Loop Unit
9.4,18262.0,47999.0,38,76.1,71.0,16,5.28,0.67,0.68,50.3,28.5,1,23.5,5.8,39.5,117,391.7,65.5,14,5,5.0,17.0,0.96,X-Ray Tube Anode
7.4,17654.0,48992.0,99,62.4,68.7,13,4.88,0.72,0.56,47.8,31.1,1,25.0,5.3,37.8,108,413.3,72.8,12,0,20.8,68.0,0.78,X-Ray Tube Anode
10.8,23577.0,85765.0,124,89.6,80.4,19,5.09,0.86,0.82,56.0,30.8,2,25.7,5.6,35.7,96,399.0,63.2,15,4,5.0,17.0,0.97,X-Ray Tube Anode
5.6,10292.0,26069.0,6,39.3,55.5,6,4.82,0.54,0.39,46.4,28.9,1,29.9,6.3,34.2,101,395.8,79.4,3,1,48.9,166.0,0.49,Coolant Loop Unit
7.5,18556.0,69128.0,68,86.7,74.2,17,5.23,0.91,0.6,49.8,30.9,0,24.1,5.8,36.9,100,404.0,73.6,17,4,5.0,22.0,0.96,X-Ray Tube Anode
7.8,16753.0,42232.0,179,58.7,56.9,10,4.99,0.67,0.46,42.0,28.9,2,25.9,4.9,33.9,92,396.0,68.3,9,1,27.2,90.0,0.72,X-Ray Tube Anode
7.3,14635.0,51014.0,101,47.3,54.1,8,5.04,0.58,0.46,42.3,30.0,1,26.8,6.4,29.9,84,390.9,76.0,6,0,41.8,142.0,0.55,X-Ray Tube Anode
8.6,18264.0,55662.0,163,76.7,70.0,14,5.01,0.8,0.53,44.1,30.1,0,25.0,4.7,38.1,105,396.1,72.7,14,3,5.0,21.0,0.95,X-Ray Tube Anode
3.2,7755.0,26500.0,134,30.8,40.0,7,4.55,0.38,0.25,41.2,28.2,0,32.2,5.6,33.3,98,401.9,86.6,6,1,51.6,174.0,0.48,Coolant Loop Unit
6.4,12870.0,45613.0,13,61.1,62.6,12,5.17,0.71,0.37,37.1,25.8,3,28.9,6.4,36.4,103,410.5,75.3,10,0,29.2,96.0,0.7,X-Ray Tube Anode
1.7,3287.0,9905.0,30,10.3,34.4,4,4.42,0.2,0.16,38.4,27.8,0,32.2,7.5,23.7,70,385.6,91.1,5,0,68.6,227.0,0.29,Coolant Loop Unit
4.9,9304.0,24767.0,100,46.9,53.3,10,4.66,0.49,0.19,43.5,26.5,2,28.1,6.2,31.8,90,403.4,87.5,9,0,39.6,129.0,0.64,X-Ray Tube Anode
6.1,12268.0,31952.0,2,49.2,51.7,9,4.65,0.57,0.44,46.7,26.6,0,27.3,6.2,33.7,93,406.7,80.1,8,1,35.4,117.0,0.6,X-Ray Tube Anode
8.0,18770.0,63505.0,58,79.3,70.5,18,5.07,0.71,0.48,44.5,29.4,0,24.5,5.1,37.1,104,403.3,70.9,12,6,5.0,22.0,0.91,X-Ray Tube Anode
11.4,24350.0,79891.0,36,98.0,86.8,19,5.27,1.05,0.68,47.8,34.0,0,23.4,5.2,37.4,101,405.1,57.2,17,4,5.0,13.0,0.96,X-Ray Tube Anode
7.4,14513.0,52440.0,72,56.7,60.0,9,4.92,0.68,0.46,47.6,27.9,0,29.5,5.6,33.3,96,411.3,70.0,8,0,34.7,117.0,0.66,X-Ray Tube Anode
9.1,17345.0,56626.0,173,77.7,79.3,17,5.14,0.86,0.44,45.6,30.5,0,23.3,4.2,43.4,117,407.5,69.7,11,4,5.0,12.0,0.92,X-Ray Tube Anode
6.3,12852.0,40274.0,137,46.5,45.0,8,4.8,0.58,0.24,39.4,26.0,0,25.0,5.7,33.5,106,396.8,76.1,5,0,48.5,165.0,0.5,X-Ray Tube Anode
7.8,19153.0,59319.0,126,78.4,69.3,15,5.02,0.8,0.53,44.9,30.7,0,24.1,5.5,36.5,102,407.7,73.1,15,3,7.0,25.0,0.94,X-Ray Tube Anode
1.3,2684.0,6817.0,77,5.0,21.1,3,4.25,0.14,0.01,35.4,25.6,0,33.5,7.1,22.7,66,401.3,98.6,4,2,72.7,249.0,0.27,Coolant Loop Unit
3.4,8535.0,25634.0,50,30.1,38.3,4,4.25,0.31,0.33,41.5,29.2,0,28.0,6.4,23.6,69,406.3,84.0,5,1,53.5,191.0,0.48,Coolant Loop Unit
4.7,9974.0,39536.0,32,31.4,39.8,9,4.6,0.47,0.22,42.3,30.4,0,29.1,6.6,28.2,85,390.0,80.8,8,0,50.1,170.0,0.5,X-Ray Tube Anode
5.9,11425.0,43532.0,98,55.5,64.7,10,5.04,0.57,0.47,49.1,30.7,0,24.7,5.8,34.2,98,398.6,79.8,9,0,32.8,113.0,0.66,X-Ray Tube Anode
1.0,2484.0,7438.0,43,23.8,33.2,4,4.27,0.33,0.12,33.4,26.5,1,29.7,7.0,22.5,68,404.8,94.8,5,2,55.6,186.0,0.41,Coolant Loop Unit
2.1,4479.0,15145.0,125,15.1,30.6,4,4.45,0.25,0.17,35.2,23.8,0,30.5,6.2,24.5,68,399.0,91.1,5,0,66.1,236.0,0.34,Coolant Loop Unit
3.7,8460.0,31902.0,95,27.7,41.8,5,4.44,0.28,0.12,41.6,29.9,0,28.6,6.6,26.2,75,404.3,88.6,6,0,60.1,209.0,0.39,Coolant Loop Unit
11.7,29048.0,91849.0,78,98.0,83.2,23,5.5,0.89,0.84,53.9,32.3,2,22.8,5.5,40.4,114,410.7,60.4,19,4,5.0,21.0,0.97,X-Ray Tube Anode
4.3,7910.0,19989.0,54,33.8,48.0,9,4.63,0.4,0.25,37.2,27.3,1,30.1,6.8,33.3,96,397.8,82.9,7,1,44.8,158.0,0.57,X-Ray Tube Anode
6.0,11287.0,29480.0,47,40.3,49.2,6,4.74,0.44,0.25,43.4,28.5,1,27.6,6.5,30.5,85,407.1,76.2,7,1,45.6,159.0,0.54,X-Ray Tube Anode
2.8,6349.0,20732.0,14,21.0,33.6,2,4.46,0.28,0.23,41.0,25.1,0,29.1,6.9,27.0,80,391.8,89.2,5,0,62.7,219.0,0.37,Coolant Loop Unit
7.5,15027.0,59421.0,176,73.1,77.4,14,5.28,0.81,0.42,50.8,27.8,2,23.5,4.5,44.8,117,406.1,76.1,9,2,12.0,40.0,0.87,X-Ray Tube Anode
3.7,7191.0,25455.0,55,26.4,33.3,4,4.57,0.35,0.22,39.2,26.9,0,31.5,6.7,22.8,71,386.9,81.1,5,0,60.9,218.0,0.38,Coolant Loop Unit
2.9,5264.0,13720.0,157,25.7,45.7,6,4.4,0.37,0.19,42.6,29.5,0,27.9,4.7,32.1,92,401.6,88.6,4,3,47.9,155.0,0.5,Coolant Loop Unit
6.4,11692.0,32550.0,175,47.2,54.3,9,4.78,0.55,0.32,37.8,29.3,0,28.2,5.2,35.6,98,401.3,78.4,8,0,40.8,137.0,0.59,X-Ray Tube Anode
0.6,1319.0,4825.0,63,5.0,25.7,3,4.2,0.13,0.1,41.5,25.1,0,29.7,6.3,25.8,79,413.8,95.2,1,3,67.8,239.0,0.32,Coolant Loop Unit
0.6,1114.0,4191.0,19,5.0,31.0,0,4.28,0.09,0.07,39.4,25.7,0,34.2,7.1,22.4,71,396.1,92.8,0,0,79.4,269.0,0.24,Coolant Loop Unit
3.0,6423.0,22010.0,91,29.6,47.1,6,4.49,0.38,0.26,45.5,27.9,0,33.4,6.0,34.6,98,384.0,85.2,6,0,51.7,179.0,0.48,Coolant Loop Unit
0.9,2051.0,7111.0,137,21.8,37.3,4,4.36,0.3,0.06,39.7,26.7,2,30.7,6.8,29.2,84,404.2,96.8,2,1,62.1,209.0,0.43,Coolant Loop Unit
1.7,3659.0,9302.0,101,17.2,37.1,5,4.44,0.3,0.06,36.1,26.4,0,30.3,6.0,28.8,85,391.9,92.7,3,2,65.6,225.0,0.38,Coolant Loop Unit
4.4,7998.0,29934.0,37,37.0,44.6,7,4.65,0.43,0.21,36.0,27.4,0,31.0,6.9,26.5,70,400.5,77.9,6,1,52.4,176.0,0.46,X-Ray Tube Anode
9.7,22850.0,84142.0,107,84.2,79.9,18,5.37,0.84,0.77,50.2,33.9,1,22.3,4.9,44.6,124,394.7,63.5,16,3,5.0,23.0,0.95,X-Ray Tube Anode
7.1,12793.0,36955.0,92,59.3,52.7,15,4.85,0.62,0.47,40.0,29.0,0,26.6,6.2,33.1,88,398.4,78.1,11,0,25.9,90.0,0.71,X-Ray Tube Anode
6.4,14923.0,53172.0,52,67.7,59.2,16,4.72,0.66,0.55,44.2,29.3,1,21.7,5.9,34.8,96,382.8,76.4,14,1,14.2,40.0,0.85,X-Ray Tube Anode
3.9,9398.0,26525.0,28,32.0,49.0,7,4.53,0.46,0.4,45.1,28.9,2,28.7,6.1,32.4,93,386.2,87.2,6,1,41.0,135.0,0.6,Coolant Loop Unit
11.2,23585.0,60390.0,36,98.0,79.8,20,5.13,1.04,0.64,49.0,32.6,2,24.1,5.7,41.2,116,403.1,59.5,19,5,5.0,12.0,0.95,X-Ray Tube Anode
5.1,11017.0,30867.0,116,29.9,34.3,5,4.62,0.31,0.37,42.4,27.5,1,28.7,6.4,27.4,83,398.8,83.7,4,1,51.1,181.0,0.47,Coolant Loop Unit
1.5,3204.0,8869.0,64,18.6,38.9,5,4.17,0.31,0.14,35.7,25.5,1,30.2,6.8,27.7,86,390.8,95.5,4,3,58.0,191.0,0.42,Coolant Loop Unit
7.6,15743.0,47333.0,18,58.4,50.9,11,4.75,0.53,0.52,41.2,27.4,3,26.5,6.6,26.6,82,395.6,72.5,13,2,20.9,70.0,0.8,X-Ray Tube Anode
1.8,4380.0,13700.0,89,7.7,21.0,2,4.24,0.22,0.14,38.7,23.3,1,35.3,6.9,21.7,63,403.9,90.0,1,0,73.6,261.0,0.26,Coolant Loop Unit
4.5,10843.0,35380.0,163,46.6,54.3,9,4.99,0.48,0.35,43.8,29.7,0,27.7,5.7,36.8,100,397.8,84.7,8,1,37.3,133.0,0.65,X-Ray Tube Anode
6.3,12893.0,41452.0,78,37.4,48.1,7,4.49,0.45,0.4,40.8,28.8,0,28.4,6.6,28.8,81,403.5,72.7,6,0,49.9,165.0,0.5,X-Ray Tube Anode
10.6,23540.0,68408.0,167,96.9,93.4,20,5.36,0.88,0.72,49.2,31.3,2,22.3,3.8,44.0,127,393.0,63.5,20,4,5.0,13.0,0.92,X-Ray Tube Anode
6.2,15123.0,38470.0,90,51.4,56.1,9,4.9,0.5,0.51,50.8,29.3,1,28.6,5.9,30.8,86,404.4,80.0,9,1,31.6,103.0,0.65,X-Ray Tube Anode
8.6,21212.0,72284.0,8,74.1,72.0,15,5.31,0.79,0.62,52.2,32.7,0,23.1,5.6,38.4,105,398.1,67.5,15,5,5.0,18.0,0.94,X-Ray Tube Anode
11.9,25697.0,79497.0,15,98.0,93.1,23,5.49,0.95,0.75,46.9,32.8,1,24.2,5.6,42.1,125,403.1,53.8,20,4,5.0,15.0,0.93,X-Ray Tube Anode
2.0,4260.0,12557.0,7,15.7,30.9,4,4.55,0.2,0.18,38.7,26.2,0,30.7,7.6,24.5,73,402.3,94.9,5,1,65.0,222.0,0.32,Coolant Loop Unit
3.7,7301.0,27746.0,17,40.9,50.8,6,4.82,0.54,0.38,47.6,29.2,1,29.7,7.3,28.8,85,396.8,86.2,7,0,44.6,153.0,0.55,X-Ray Tube Anode
5.0,12449.0,45067.0,86,39.5,55.6,9,4.49,0.57,0.24,39.7,26.7,0,28.3,6.3,33.4,94,397.2,80.9,8,0,45.0,153.0,0.57,X-Ray Tube Anode
5.4,10167.0,38498.0,118,51.7,54.2,9,4.87,0.61,0.24,39.6,28.7,1,28.5,5.9,35.6,95,398.8,80.8,6,1,38.1,130.0,0.61,X-Ray Tube Anode
5.2,11530.0,37384.0,64,37.0,43.6,8,4.77,0.38,0.41,47.3,29.1,2,29.1,7.6,24.9,73,405.5,79.3,4,2,38.9,133.0,0.62,X-Ray Tube Anode
10.9,21851.0,58919.0,12,94.8,76.4,21,5.19,1.04,0.65,52.4,30.3,1,23.2,6.1,37.4,102,413.8,56.1,21,3,5.0,13.0,0.98,X-Ray Tube Anode
8.7,17382.0,61607.0,56,78.4,77.1,15,5.05,0.73,0.53,49.6,32.5,1,26.0,5.8,38.2,107,393.7,66.8,16,5,5.0,10.0,0.96,X-Ray Tube Anode
7.5,15607.0,43842.0,174,65.0,56.1,13,4.86,0.67,0.52,45.6,28.8,1,28.1,4.5,33.0,95,407.7,72.8,11,0,23.2,79.0,0.75,X-Ray Tube Anode
4.1,10141.0,32064.0,175,34.2,44.0,8,4.73,0.41,0.34,44.4,26.3,0,28.4,6.0,32.4,88,397.9,84.9,6,1,50.2,167.0,0.5,Coolant Loop Unit
10.0,18336.0,47628.0,101,61.2,68.9,14,4.92,0.75,0.49,50.4,30.1,2,25.0,6.4,38.1,98,399.2,58.8,9,0,23.1,83.0,0.76,X-Ray Tube Anode
11.5,25320.0,94646.0,16,85.7,81.0,18,5.18,0.92,0.78,51.9,30.9,1,23.5,5.9,39.8,106,402.3,58.0,15,3,5.0,11.0,0.96,X-Ray Tube Anode
9.9,18474.0,49674.0,2,88.7,77.5,17,5.07,0.88,0.54,45.8,30.0,1,23.5,6.3,36.7,105,396.4,69.1,14,3,5.0,15.0,0.95,X-Ray Tube Anode
0.5,988.0,3810.0,128,5.0,29.2,3,4.25,0.1,0.04,39.6,25.1,1,33.6,6.9,27.7,77,397.1,97.3,4,2,68.2,233.0,0.31,Coolant Loop Unit
7.8,16479.0,62561.0,92,57.1,55.4,10,4.8,0.66,0.54,53.1,28.7,0,27.3,6.7,31.6,88,415.0,74.3,13,2,19.9,74.0,0.8,X-Ray Tube Anode
1.1,2347.0,7504.0,105,5.0,28.2,1,4.3,0.12,0.16,45.0,25.1,1,30.7,7.0,27.0,85,400.7,96.9,2,3,65.4,220.0,0.34,Coolant Loop Unit
3.5,6860.0,24809.0,155,28.8,42.4,3,4.37,0.37,0.25,39.4,26.7,2,28.4,5.2,35.3,99,404.0,85.0,4,1,56.1,192.0,0.41,Coolant Loop Unit
1.2,2395.0,8211.0,31,6.4,17.9,5,4.3,0.09,0.25,39.7,24.5,3,32.3,7.8,21.7,65,414.6,93.0,5,2,59.8,206.0,0.36,Detector Array
7.4,13852.0,51315.0,169,40.1,56.1,10,4.61,0.49,0.53,43.5,29.5,1,29.2,5.6,33.7,103,414.3,74.2,12,0,34.2,120.0,0.68,X-Ray Tube Anode
8.4,16894.0,53179.0,164,74.5,66.2,16,4.91,0.79,0.58,48.1,28.2,1,27.9,5.3,34.8,105,398.6,68.0,13,2,7.5,27.0,0.95,X-Ray Tube Anode
1.8,4499.0,16551.0,47,20.7,44.3,6,4.25,0.22,0.38,40.0,26.9,0,30.5,6.6,31.5,91,393.8,96.1,5,0,58.5,208.0,0.42,Coolant Loop Unit
4.9,12095.0,38628.0,43,63.1,54.3,11,4.78,0.72,0.36,41.4,25.6,1,27.1,6.3,32.7,93,391.4,80.9,9,2,30.8,103.0,0.71,X-Ray Tube Anode
5.7,11691.0,45730.0,65,55.9,54.4,10,4.84,0.63,0.32,44.2,28.3,0,26.7,6.1,30.0,77,390.6,81.4,7,0,39.3,142.0,0.64,X-Ray Tube Anode
4.7,10435.0,33701.0,50,17.0,25.9,4,4.42,0.29,0.4,44.9,25.3,1,30.0,7.2,22.8,65,396.6,83.5,3,0,62.5,216.0,0.37,Coolant Loop Unit
1.9,4610.0,14723.0,1,29.8,31.1,6,4.6,0.35,0.15,32.9,26.6,2,29.5,7.5,29.1,83,391.2,93.8,7,1,51.6,177.0,0.47,X-Ray Tube Anode
5.3,9595.0,35288.0,144,48.0,58.3,8,4.82,0.54,0.31,46.5,29.2,0,26.7,5.7,33.4,91,399.5,78.6,6,2,37.8,130.0,0.64,X-Ray Tube Anode
9.1,21635.0,80751.0,122,80.7,80.3,17,5.05,0.83,0.55,43.8,32.5,1,23.2,5.1,37.8,102,394.3,70.3,15,3,5.0,22.0,0.98,X-Ray Tube Anode
1.3,3244.0,10808.0,28,9.5,32.5,2,4.47,0.18,0.19,36.2,26.0,0,32.3,7.1,26.4,79,397.3,100.0,3,2,65.9,220.0,0.33,Coolant Loop Unit
1.4,2651.0,7341.0,86,13.9,24.9,3,4.3,0.23,0.01,31.5,24.0,1,29.5,6.5,23.6,67,399.2,91.2,2,2,69.6,237.0,0.33,Coolant Loop Unit
4.6,8761.0,28051.0,82,26.9,37.7,3,4.59,0.41,0.28,39.1,24.9,2,27.5,6.8,27.3,82,397.4,85.8,1,2,52.6,178.0,0.47,Coolant Loop Unit
11.3,28013.0,110712.0,22,98.0,91.8,22,5.35,1.04,0.8,49.8,32.6,0,20.9,5.3,43.8,124,391.6,59.4,17,3,5.0,25.0,0.95,X-Ray Tube Anode
8.2,17821.0,64680.0,41,79.3,74.3,18,5.21,0.75,0.49,43.2,29.8,1,25.9,6.4,37.8,107,402.8,67.9,11,3,6.5,19.0,0.93,X-Ray Tube Anode
8.3,15031.0,55866.0,76,64.3,68.9,16,4.94,0.73,0.31,34.4,30.1,1,26.4,6.0,36.3,106,409.8,66.8,9,1,27.3,103.0,0.73,X-Ray Tube Anode
4.7,9233.0,23536.0,147,31.6,44.8,5,4.64,0.44,0.16,38.8,26.6,3,30.9,6.0,29.0,85,409.7,80.1,4,0,53.5,180.0,0.44,Coolant Loop Unit
7.3,15497.0,49617.0,89,70.2,61.4,15,5.04,0.72,0.4,44.6,30.0,0,22.9,5.5,31.3,92,406.9,71.2,10,0,27.0,85.0,0.75,X-Ray Tube Anode
0.6,1409.0,4888.0,178,8.1,31.3,1,4.42,0.2,0.13,44.6,25.8,0,32.4,5.5,31.2,92,397.8,93.4,0,0,74.7,250.0,0.22,Coolant Loop Unit
7.8,18078.0,67703.0,59,74.5,76.5,16,4.97,0.79,0.56,48.7,31.9,1,22.3,5.6,42.3,113,394.9,75.0,15,0,8.9,26.0,0.89,X-Ray Tube Anode
11.0,27472.0,70710.0,69,98.0,91.7,20,5.11,0.94,0.78,50.7,33.7,2,20.4,5.0,42.9,116,405.6,60.5,17,4,5.0,25.0,0.98,X-Ray Tube Anode
7.5,15099.0,57053.0,162,60.3,55.3,11,4.78,0.62,0.38,39.8,28.4,1,24.7,4.7,35.8,97,402.6,73.8,8,0,32.1,102.0,0.72,X-Ray Tube Anode
10.5,22959.0,76285.0,167,85.6,75.3,17,5.39,0.91,0.69,49.9,30.9,0,22.2,4.9,38.9,114,405.6,58.6,14,4,5.0,19.0,0.94,X-Ray Tube Anode
8.8,19181.0,53630.0,123,61.2,60.7,13,4.91,0.63,0.42,45.5,30.0,0,30.1,5.6,33.1,97,414.8,71.7,10,1,26.7,98.0,0.76,X-Ray Tube Anode
1.9,3931.0,11699.0,74,13.5,25.0,4,4.38,0.27,0.01,33.7,28.7,1,31.1,6.0,25.4,79,399.8,90.8,6,4,52.6,193.0,0.5,Coolant Loop Unit
10.9,20869.0,60998.0,7,82.5,72.3,16,5.03,0.91,0.59,48.1,29.2,0,21.9,5.8,37.6,108,393.9,64.8,15,3,5.0,16.0,0.96,X-Ray Tube Anode
1.3,3140.0,10351.0,101,13.7,35.7,3,4.37,0.28,0.09,42.7,26.3,2,28.6,6.2,30.7,93,395.8,95.9,2,2,61.3,209.0,0.38,Coolant Loop Unit
6.6,15920.0,41034.0,111,73.4,74.1,15,4.93,0.86,0.56,46.1,29.1,1,25.5,4.7,39.0,109,401.1,72.9,14,0,16.4,50.0,0.86,X-Ray Tube Anode
2.1,4587.0,12558.0,52,13.1,30.5,1,4.23,0.21,0.18,33.4,25.6,0,31.5,7.2,28.8,93,395.4,92.6,3,0,75.8,256.0,0.24,Coolant Loop Unit
0.6,1410.0,5245.0,24,5.0,18.0,1,4.2,0.15,0.22,42.5,23.2,4,31.7,8.4,20.7,59,406.0,96.7,4,2,62.5,223.0,0.38,Detector Array
5.4,10488.0,28305.0,26,48.1,62.0,8,4.84,0.55,0.29,42.2,29.3,1,29.9,6.5,32.9,100,405.6,77.4,6,4,31.5,111.0,0.64,X-Ray Tube Anode
3.9,8489.0,24195.0,125,27.9,33.4,5,4.62,0.35,0.32,36.8,26.2,0,28.6,6.6,29.7,83,410.3,82.2,4,2,51.7,182.0,0.47,Coolant Loop Unit
6.1,13922.0,44274.0,90,56.9,65.7,12,4.97,0.64,0.4,45.1,29.2,0,28.1,5.3,38.9,106,410.4,80.2,9,1,23.0,81.0,0.76,X-Ray Tube Anode
7.1,15422.0,50518.0,122,58.4,70.2,11,4.66,0.54,0.57,44.6,27.8,1,28.2,5.4,37.3,108,379.8,77.6,11,0,23.8,86.0,0.76,X-Ray Tube Anode
1.0,2501.0,9116.0,10,8.1,30.2,2,4.3,0.18,0.1,38.5,27.8,1,34.6,7.4,25.9,77,393.7,92.4,2,3,66.9,237.0,0.32,Coolant Loop Unit
1.9,4265.0,13526.0,17,23.1,46.0,3,4.45,0.24,0.23,45.8,28.8,0,33.2,6.9,30.2,90,400.9,92.6,2,2,57.4,193.0,0.42,Coolant Loop Unit
6.9,14262.0,52553.0,2,54.1,60.9,10,4.62,0.54,0.34,42.0,29.1,0,28.0,6.3,34.3,105,391.0,70.3,7,4,25.7,91.0,0.74,X-Ray Tube Anode
4.4,10407.0,35670.0,112,48.0,47.9,8,4.78,0.57,0.29,44.7,26.4,1,28.3,5.4,30.8,94,399.5,86.0,5,0,46.3,154.0,0.52,X-Ray Tube Anode
8.9,17054.0,45529.0,27,52.6,50.9,8,4.79,0.56,0.5,42.3,28.2,2,27.9,7.0,35.5,99,393.8,68.1,5,1,40.3,127.0,0.56,X-Ray Tube Anode
8.0,16556.0,45273.0,71,54.8,54.8,11,4.93,0.63,0.59,43.5,29.1,2,27.8,6.2,31.7,88,396.7,67.0,13,1,19.2,67.0,0.8,X-Ray Tube Anode
10.2,20887.0,65911.0,176,65.0,55.6,12,4.99,0.67,0.43,50.5,29.8,4,23.1,5.2,34.9,104,413.4,61.9,9,1,19.2,66.0,0.8,X-Ray Tube Anode
8.5,17793.0,55075.0,118,61.8,66.9,12,4.86,0.71,0.5,46.9,31.3,0,23.4,6.1,36.0,103,409.8,67.7,8,1,25.2,85.0,0.76,X-Ray Tube Anode
5.4,12779.0,46200.0,9,66.0,61.6,15,5.13,0.68,0.36,44.9,31.0,1,26.9,6.1,29.3,83,400.2,77.4,12,1,20.9,68.0,0.79,X-Ray Tube Anode
8.2,17623.0,59408.0,86,70.4,75.5,13,4.71,0.64,0.35,46.2,28.5,2,27.9,5.6,38.5,108,393.0,73.0,8,0,22.9,79.0,0.78,X-Ray Tube Anode
3.7,8638.0,26626.0,23,28.8,37.3,8,4.54,0.37,0.24,38.8,26.0,2,32.1,7.9,25.8,79,402.8,83.6,10,1,52.8,182.0,0.46,X-Ray Tube Anode
4.0,8864.0,24430.0,73,41.7,48.8,9,4.44,0.37,0.16,41.1,29.3,0,27.5,6.5,29.6,81,382.9,90.0,6,0,50.0,180.0,0.5,X-Ray Tube Anode
9.6,19524.0,55454.0,27,85.5,89.2,16,5.09,0.8,0.38,45.5,31.3,2,24.3,5.0,40.3,123,405.4,68.1,10,3,5.0,20.0,0.92,X-Ray Tube Anode
5.6,13335.0,44850.0,93,43.6,45.3,7,4.8,0.45,0.38,39.6,29.3,0,27.0,6.7,33.3,97,404.7,78.3,5,0,49.7,172.0,0.49,X-Ray Tube Anode
9.7,19041.0,59698.0,81,96.2,91.7,19,5.16,0.91,0.53,51.3,35.7,2,24.3,4.7,41.0,118,390.7,72.0,18,5,5.0,13.0,0.9,X-Ray Tube Anode
10.0,19488.0,63773.0,84,80.2,81.2,15,4.95,0.79,0.55,51.0,33.5,3,22.9,5.0,40.0,122,410.9,63.0,14,3,5.0,12.0,0.93,X-Ray Tube Anode
10.4,22311.0,61489.0,43,92.5,79.1,21,5.67,0.88,0.67,45.8,32.5,1,21.7,5.2,38.5,113,395.4,58.6,16,5,5.0,12.0,0.92,X-Ray Tube Anode
11.0,21890.0,76493.0,7,91.5,84.1,17,5.09,0.85,0.56,48.0,31.4,2,23.0,6.4,37.5,113,392.8,63.3,16,4,5.0,16.0,0.96,X-Ray Tube Anode
5.5,9856.0,37244.0,92,43.4,47.4,6,4.97,0.57,0.46,44.3,28.1,0,27.5,6.1,32.3,95,401.6,77.3,4,0,49.6,169.0,0.51,Coolant Loop Unit
4.2,9392.0,27113.0,83,32.6,48.3,5,4.57,0.36,0.3,45.8,25.8,2,29.6,5.9,32.1,95,389.6,88.2,4,0,49.9,171.0,0.52,Coolant Loop Unit
7.2,15526.0,50261.0,84,79.0,77.8,17,5.07,0.7,0.57,43.2,30.2,0,26.0,5.8,37.6,109,393.2,69.7,16,3,5.0,13.0,0.92,X-Ray Tube Anode
4.8,10070.0,39912.0,44,38.0,46.1,10,4.74,0.42,0.18,49.9,26.5,0,29.2,6.0,28.7,79,403.0,79.8,11,2,39.0,121.0,0.63,X-Ray Tube Anode
7.4,18359.0,55076.0,167,81.1,82.4,18,5.37,0.77,0.47,44.9,32.0,1,23.0,4.5,42.1,116,396.5,71.4,17,4,5.0,15.0,0.94,X-Ray Tube Anode
8.6,18950.0,64289.0,40,72.0,65.1,15,4.89,0.7,0.61,50.6,29.2,3,24.5,5.8,36.3,101,411.5,70.6,15,0,6.0,25.0,0.98,X-Ray Tube Anode
8.4,20237.0,53331.0,135,75.7,78.1,14,5.03,0.82,0.57,51.7,31.8,0,23.6,5.1,39.1,108,387.7,68.1,12,5,5.0,15.0,0.95,X-Ray Tube Anode
4.8,9123.0,31099.0,25,51.7,63.5,13,4.95,0.54,0.21,39.0,30.9,1,23.7,6.1,37.7,105,400.9,80.5,8,2,33.8,115.0,0.69,X-Ray Tube Anode
2.4,5318.0,14009.0,59,20.4,41.9,2,4.49,0.23,0.04,35.6,26.0,2,31.9,6.1,32.5,92,408.2,92.5,5,1,56.7,185.0,0.49,Coolant Loop Unit
5.5,13124.0,51693.0,141,52.2,62.2,10,4.99,0.59,0.46,43.6,29.7,0,27.8,5.4,34.1,98,406.5,83.4,11,1,29.5,101.0,0.71,X-Ray Tube Anode
2.1,4725.0,16885.0,103,21.2,33.0,4,4.53,0.35,0.23,37.4,25.3,2,33.0,6.4,31.0,89,394.6,90.6,3,0,60.8,209.0,0.43,Coolant Loop Unit
10.7,24721.0,91029.0,86,98.0,98.2,23,5.65,1.01,0.73,51.8,34.1,1,22.5,5.0,44.0,121,414.7,58.4,18,5,5.0,14.0,0.94,X-Ray Tube Anode
4.5,9226.0,32808.0,112,54.3,55.6,13,4.88,0.47,0.26,40.2,29.7,0,24.5,5.8,32.6,97,385.2,87.7,11,0,34.2,121.0,0.68,X-Ray Tube Anode
2.3,4245.0,14366.0,86,27.2,41.8,4,4.56,0.29,0.07,35.1,28.4,2,29.5,7.3,29.6,79,399.8,90.6,5,0,60.4,211.0,0.39,Coolant Loop Unit
0.8,1681.0,5336.0,98,29.6,33.9,8,4.6,0.37,0.09,35.6,27.1,0,29.8,6.4,27.8,82,407.5,97.5,6,2,55.1,198.0,0.46,Coolant Loop Unit
7.9,16457.0,62334.0,62,58.3,70.4,9,4.88,0.61,0.38,45.2,31.1,1,27.1,6.2,36.5,109,409.8,69.8,6,1,30.5,99.0,0.71,X-Ray Tube Anode
7.8,18833.0,74112.0,8,80.6,80.5,17,5.29,0.81,0.49,43.4,29.5,1,27.4,5.7,35.6,97,392.9,70.5,14,4,5.0,18.0,0.95,X-Ray Tube Anode
4.4,8705.0,28278.0,113,35.4,49.9,8,4.66,0.37,0.38,42.7,26.4,1,27.4,5.9,28.4,82,401.2,82.1,5,0,47.9,157.0,0.49,Coolant Loop Unit
1.3,3281.0,12787.0,173,5.0,14.8,2,4.38,0.07,0.01,37.9,22.5,1,33.7,6.9,19.2,52,406.4,96.9,4,1,73.0,251.0,0.24,Coolant Loop Unit
5.2,12874.0,43450.0,146,55.2,63.9,12,5.0,0.7,0.45,45.6,30.2,1,26.3,4.9,36.1,96,398.7,84.3,8,2,21.6,76.0,0.81,X-Ray Tube Anode
4.1,8049.0,26624.0,60,28.3,45.3,5,4.6,0.36,0.38,40.3,25.5,1,33.9,7.0,28.3,81,390.5,83.2,5,2,46.5,148.0,0.54,Coolant Loop Unit
8.3,16935.0,53884.0,60,80.0,79.4,18,5.24,0.85,0.57,47.4,32.0,0,25.3,5.7,38.4,106,386.3,68.8,17,4,5.0,18.0,0.97,X-Ray Tube Anode
7.5,18120.0,50989.0,106,69.3,64.4,15,4.88,0.72,0.57,48.7,30.1,1,25.0,5.9,34.6,101,394.8,76.6,15,0,10.8,36.0,0.88,X-Ray Tube Anode
4.7,11622.0,29121.0,2,42.9,49.8,9,4.63,0.49,0.32,45.1,25.1,1,31.1,7.3,32.1,89,395.6,88.3,7,0,44.3,145.0,0.55,X-Ray Tube Anode
3.0,6343.0,18156.0,91,37.6,38.6,7,4.78,0.44,0.17,36.4,25.0,2,29.1,6.7,29.4,77,393.9,90.2,6,0,52.4,177.0,0.47,X-Ray Tube Anode
11.9,24018.0,78408.0,14,95.5,86.3,19,5.56,0.9,0.51,44.6,33.9,0,23.2,5.9,39.9,105,414.9,58.5,17,3,5.0,27.0,0.92,X-Ray Tube Anode
5.7,12405.0,38082.0,48,58.9,56.1,17,4.62,0.55,0.38,41.4,29.8,1,25.8,6.8,31.6,88,404.5,84.8,15,1,21.7,77.0,0.78,X-Ray Tube Anode
8.4,19199.0,60912.0,103,80.2,73.1,15,5.08,0.84,0.53,44.7,29.5,1,24.8,5.3,36.2,101,397.7,70.3,14,3,5.0,13.0,0.94,X-Ray Tube Anode
2.1,4215.0,16736.0,56,20.4,27.5,2,4.45,0.29,0.11,38.6,23.7,0,33.2,7.1,24.1,70,398.2,92.3,1,1,68.7,232.0,0.31,Coolant Loop Unit
6.1,14088.0,42623.0,12,54.4,52.7,9,4.72,0.64,0.42,46.1,24.6,1,27.7,6.9,33.9,95,398.7,76.3,5,0,38.0,120.0,0.61,X-Ray Tube Anode
0.8,1500.0,4766.0,55,10.0,18.5,3,4.2,0.23,0.09,40.2,26.4,1,26.7,7.5,24.0,71,404.8,98.2,1,2,68.0,226.0,0.35,Coolant Loop Unit
6.3,11581.0,31271.0,156,45.3,60.1,7,4.81,0.47,0.31,41.5,29.3,0,26.5,5.7,35.1,97,391.4,75.0,5,2,40.0,144.0,0.59,Coolant Loop Unit
11.6,23988.0,61696.0,110,89.5,83.3,20,5.51,0.96,0.82,48.8,34.8,0,24.6,5.7,38.0,105,392.4,57.2,16,3,5.0,22.0,0.97,X-Ray Tube Anode
4.9,10070.0,36888.0,4,39.4,45.5,6,4.37,0.49,0.38,45.3,27.2,0,31.1,6.6,29.7,88,399.8,81.0,3,2,44.9,155.0,0.56,X-Ray Tube Anode
0.9,1917.0,6433.0,36,18.0,33.3,4,4.39,0.3,0.17,39.3,26.4,2,29.6,7.2,25.4,73,377.9,97.4,2,0,67.4,231.0,0.33,Coolant Loop Unit
0.9,1835.0,6681.0,178,11.6,30.7,2,4.41,0.32,0.09,37.2,27.0,3,28.6,5.6,26.8,77,393.5,95.1,4,0,67.0,235.0,0.35,Coolant Loop Unit
5.0,10045.0,27371.0,131,46.3,60.9,9,4.87,0.62,0.36,39.0,31.8,2,26.1,5.4,36.4,96,407.2,84.3,6,2,36.7,126.0,0.63,Coolant Loop Unit
2.3,4527.0,15202.0,1,18.1,26.3,4,4.47,0.3,0.1,36.6,25.9,2,32.2,7.6,26.1,77,406.3,87.9,6,0,64.4,218.0,0.35,Coolant Loop Unit
0.8,1550.0,4464.0,17,5.0,19.4,4,4.52,0.17,0.14,34.6,24.3,1,32.0,7.6,27.2,81,387.1,95.3,6,0,69.6,236.0,0.3,Coolant Loop Unit
9.2,22830.0,64884.0,62,81.5,86.6,16,5.18,0.89,0.64,50.6,32.4,2,20.8,5.6,39.3,104,399.1,67.2,15,3,5.0,16.0,0.95,X-Ray Tube Anode
5.8,12053.0,30340.0,48,45.9,49.6,9,4.95,0.48,0.29,40.1,26.4,1,29.3,6.7,33.2,98,389.4,79.4,6,2,36.3,122.0,0.6,X-Ray Tube Anode
3.8,8078.0,21776.0,62,23.2,26.7,4,4.38,0.28,0.26,39.2,24.6,0,32.3,6.9,24.5,65,393.9,87.8,4,0,64.5,228.0,0.35,Coolant Loop Unit
10.9,23911.0,70870.0,69,91.4,77.0,20,5.31,0.96,0.66,45.0,31.3,2,25.7,5.8,37.0,108,395.0,58.3,17,3,5.0,12.0,0.96,X-Ray Tube Anode
1.8,4568.0,12220.0,147,13.8,20.2,1,4.18,0.18,0.36,45.9,26.5,2,27.9,6.6,27.8,87,405.2,92.7,0,0,69.9,235.0,0.3,Coolant Loop Unit
11.5,22631.0,90045.0,103,86.3,90.2,19,5.37,0.91,0.69,49.4,32.2,0,25.2,4.5,46.5,123,407.5,55.9,16,12,5.0,8.0,0.95,High Voltage Power Supply
4.1,9359.0,27732.0,110,48.9,49.8,10,4.77,0.55,0.43,44.6,29.6,1,27.5,5.6,31.3,89,395.9,86.5,7,2,31.8,113.0,0.69,X-Ray Tube Anode
10.7,24661.0,66473.0,162,98.0,97.1,20,5.43,0.94,0.8,50.4,33.5,0,21.1,3.5,44.4,116,387.9,60.1,17,5,5.0,19.0,0.95,X-Ray Tube Anode
7.4,16541.0,46293.0,177,73.6,81.5,15,5.04,0.76,0.49,40.9,33.6,0,21.5,4.2,37.6,108,385.5,75.5,12,1,13.8,56.0,0.83,X-Ray Tube Anode
10.0,18633.0,63010.0,175,75.8,75.1,14,5.2,0.85,0.51,44.7,32.0,1,21.5,4.7,41.6,119,409.0,64.0,17,5,5.0,14.0,0.98,X-Ray Tube Anode
11.8,26868.0,69750.0,91,98.0,79.3,19,5.44,0.99,0.63,47.7,32.4,2,21.3,5.6,35.1,99,397.7,58.0,16,3,5.0,13.0,0.98,X-Ray Tube Anode
3.8,7041.0,26712.0,114,36.3,37.1,8,4.49,0.43,0.17,39.6,27.9,1,27.5,5.5,28.4,83,398.3,93.6,5,0,50.6,166.0,0.52,Coolant Loop Unit
11.6,25617.0,100987.0,178,97.7,88.0,22,5.23,1.0,0.79,51.2,33.8,2,21.9,4.9,40.3,107,390.8,61.6,19,5,5.0,19.0,0.95,X-Ray Tube Anode
5.0,11540.0,33121.0,89,61.9,61.4,10,4.94,0.68,0.33,40.2,31.0,1,28.0,5.5,37.7,100,407.3,83.6,6,1,33.6,112.0,0.65,X-Ray Tube Anode
4.9,9609.0,30509.0,154,34.8,46.5,7,4.72,0.4,0.34,37.9,30.8,0,27.9,5.6,34.7,101,404.8,81.8,6,1,45.4,156.0,0.58,Coolant Loop Unit
4.4,10547.0,26717.0,56,43.8,49.4,8,5.0,0.51,0.17,38.9,30.4,0,25.1,6.3,27.6,87,396.5,82.5,5,0,50.4,169.0,0.5,X-Ray Tube Anode
6.7,12250.0,42398.0,78,52.0,65.1,13,4.87,0.52,0.41,41.7,30.5,1,25.2,5.5,35.9,104,392.5,74.1,8,1,27.1,99.0,0.75,X-Ray Tube Anode
2.3,5433.0,16956.0,14,25.6,38.6,5,4.66,0.29,0.28,45.2,26.0,2,30.7,7.0,28.2,81,401.4,95.2,4,0,56.4,198.0,0.42,Coolant Loop Unit
6.9,14575.0,42341.0,25,64.7,69.1,11,4.73,0.65,0.3,42.0,30.8,1,24.4,6.0,35.7,99,385.1,73.2,7,0,31.7,108.0,0.69,X-Ray Tube Anode
6.7,13138.0,36922.0,132,46.5,60.5,7,5.06,0.54,0.43,46.1,26.4,2,28.2,5.4,33.4,93,403.8,77.2,6,1,36.6,130.0,0.64,Coolant Loop Unit
9.3,17539.0,61053.0,32,75.9,66.0,15,5.2,0.79,0.63,48.0,31.2,1,26.3,6.8,37.9,104,397.5,64.9,16,3,5.0,16.0,0.98,X-Ray Tube Anode
10.1,24888.0,77757.0,82,98.0,83.2,21,5.37,0.98,0.85,54.3,30.4,3,24.0,4.9,39.9,114,401.4,61.1,19,4,5.0,17.0,0.97,X-Ray Tube Anode
5.6,10300.0,28526.0,78,41.2,41.0,8,4.67,0.51,0.28,38.6,28.6,1,27.3,7.3,31.9,98,399.6,78.4,6,0,51.9,166.0,0.48,X-Ray Tube Anode
4.0,7713.0,27253.0,106,29.3,33.3,7,4.39,0.38,0.32,38.5,29.0,1,27.5,6.8,25.2,75,406.7,87.3,5,3,46.2,160.0,0.58,Coolant Loop Unit
3.5,7116.0,23822.0,20,22.0,35.7,3,4.34,0.28,0.35,42.8,24.1,1,34.0,6.6,28.9,84,407.3,90.1,2,2,53.2,181.0,0.46,Coolant Loop Unit
2.7,6118.0,23173.0,74,28.3,36.2,4,4.83,0.3,0.25,42.1,26.3,1,28.8,6.4,29.3,76,408.3,90.2,4,0,59.6,207.0,0.43,Coolant Loop Unit
1.2,2537.0,6789.0,10,5.0,22.0,2,4.11,0.1,0.22,34.0,23.0,0,36.3,7.3,21.8,66,400.8,94.6,4,1,75.0,259.0,0.26,Coolant Loop Unit
4.4,8379.0,30822.0,123,35.4,54.4,6,4.47,0.35,0.27,39.5,25.9,2,31.8,5.7,29.3,85,399.3,85.2,5,1,46.0,153.0,0.55,Coolant Loop Unit
3.6,7226.0,25365.0,34,28.1,32.8,5,4.43,0.36,0.27,46.6,25.8,0,29.9,7.7,23.8,72,394.6,85.9,6,0,54.5,184.0,0.51,X-Ray Tube Anode
11.6,22846.0,61056.0,155,80.7,77.3,19,4.99,0.78,0.61,49.8,32.2,0,22.0,5.1,36.9,100,395.3,57.3,16,4,5.0,15.0,0.91,X-Ray Tube Anode
6.9,13478.0,47742.0,40,46.4,44.5,11,4.76,0.49,0.4,48.3,28.5,0,27.8,6.3,31.4,93,402.8,72.2,7,2,37.9,134.0,0.59,X-Ray Tube Anode
4.5,9382.0,29669.0,127,40.8,44.9,7,4.85,0.46,0.33,40.5,27.6,0,30.4,6.5,29.0,78,400.1,86.6,5,0,48.6,173.0,0.54,X-Ray Tube Anode
7.2,16452.0,64450.0,33,61.6,63.7,13,4.85,0.71,0.43,43.2,27.1,3,26.4,5.8,37.9,100,409.7,72.4,7,3,16.7,61.0,0.85,X-Ray Tube Anode
2.1,4101.0,11124.0,71,11.9,37.3,2,4.14,0.25,0.14,41.0,26.7,0,29.1,6.4,29.1,81,398.1,88.9,3,0,69.9,248.0,0.3,Coolant Loop Unit
5.6,11531.0,39945.0,137,40.0,45.8,8,4.72,0.46,0.42,46.1,25.3,1,28.4,6.3,29.8,85,388.5,78.8,8,1,35.6,124.0,0.67,X-Ray Tube Anode
7.7,15971.0,49077.0,144,58.0,51.9,11,4.89,0.69,0.64,48.8,26.1,3,28.1,6.0,32.1,92,401.2,74.8,11,1,24.0,77.0,0.74,X-Ray Tube Anode
6.1,15205.0,59835.0,133,74.0,69.5,16,5.24,0.67,0.29,37.6,28.8,0,26.1,5.5,34.2,95,407.4,79.9,10,0,25.3,79.0,0.79,X-Ray Tube Anode
5.1,12639.0,37852.0,98,41.6,42.0,7,4.63,0.57,0.55,50.5,28.6,0,28.2,6.3,28.8,84,404.1,80.6,10,0,39.6,130.0,0.63,X-Ray Tube Anode
11.9,28154.0,111020.0,124,98.0,83.2,21,5.34,1.02,0.78,59.7,32.8,0,21.6,4.8,41.3,108,403.8,56.0,17,4,5.0,15.0,0.98,X-Ray Tube Anode
10.6,20920.0,80587.0,151,81.0,79.1,17,5.15,0.83,0.69,45.4,32.0,2,23.7,4.2,39.8,107,408.1,68.6,17,3,5.0,14.0,0.92,X-Ray Tube Anode
7.7,14170.0,41171.0,43,51.4,47.4,10,4.83,0.52,0.52,50.7,26.4,0,27.3,6.6,29.1,87,401.7,70.0,13,1,27.0,92.0,0.75,X-Ray Tube Anode
7.0,14250.0,52799.0,114,60.1,61.3,11,4.86,0.62,0.56,45.8,28.8,0,26.8,5.3,37.0,101,386.8,74.5,13,0,23.0,77.0,0.77,X-Ray Tube Anode
7.6,15174.0,60596.0,89,61.1,65.0,10,4.85,0.68,0.4,42.7,27.7,1,27.2,5.6,33.7,94,406.7,70.4,7,0,30.9,105.0,0.74,X-Ray Tube Anode
2.8,6064.0,17459.0,179,22.7,34.3,3,4.19,0.34,0.19,40.1,28.2,2,29.4,6.8,27.9,83,402.2,91.9,4,0,62.8,226.0,0.38,Coolant Loop Unit
5.0,11825.0,37311.0,13,49.1,44.7,9,4.7,0.57,0.36,39.3,30.7,2,25.6,7.1,31.3,89,399.0,84.1,5,0,46.8,163.0,0.51,X-Ray Tube Anode
1.0,2290.0,7511.0,128,9.5,36.3,1,4.42,0.15,0.08,36.7,27.2,0,33.0,5.8,29.2,90,390.2,92.7,2,0,76.0,260.0,0.25,Coolant Loop Unit
6.0,14274.0,41999.0,152,55.4,56.1,12,4.99,0.55,0.54,42.0,29.8,0,27.1,5.9,30.7,85,393.6,78.9,11,2,23.6,86.0,0.73,X-Ray Tube Anode
6.7,13839.0,34914.0,139,62.8,69.6,11,4.88,0.68,0.41,45.5,30.1,0,27.0,5.7,37.0,109,385.2,68.5,8,1,27.4,89.0,0.75,X-Ray Tube Anode
3.1,7115.0,20137.0,52,16.9,28.3,5,4.6,0.29,0.11,44.1,23.0,1,30.6,7.7,26.1,81,395.7,88.6,6,1,64.1,214.0,0.35,Coolant Loop Unit
11.6,23393.0,68374.0,17,86.3,79.9,18,5.23,0.88,0.62,46.8,30.3,0,23.9,5.6,38.8,109,395.2,52.0,15,4,5.0,22.0,0.95,X-Ray Tube Anode
11.0,20193.0,63919.0,165,74.5,69.9,15,4.89,0.84,0.46,44.7,29.7,2,24.0,4.8,35.9,103,399.0,61.8,11,1,10.2,35.0,0.9,X-Ray Tube Anode
8.8,20172.0,55608.0,13,72.2,67.4,13,4.82,0.75,0.57,47.2,29.5,2,27.5,5.7,34.3,90,412.5,67.4,12,0,17.0,58.0,0.82,X-Ray Tube Anode
6.6,11987.0,45668.0,84,48.6,44.5,9,4.97,0.54,0.42,47.3,26.4,1,26.6,7.0,29.8,85,407.6,71.7,8,1,38.3,125.0,0.65,X-Ray Tube Anode
10.5,21917.0,77967.0,97,91.7,81.4,23,5.24,0.96,0.58,49.0,31.8,3,21.6,5.1,39.5,110,400.3,63.9,20,3,5.0,15.0,0.94,X-Ray Tube Anode
2.0,4066.0,10685.0,106,5.0,31.3,2,4.08,0.21,0.13,40.5,24.5,1,32.4,6.1,25.5,78,394.0,92.2,4,1,68.2,230.0,0.33,Coolant Loop Unit
9.6,21919.0,76170.0,96,83.9,82.5,17,4.87,0.79,0.61,47.0,35.2,1,21.0,5.7,35.7,97,390.8,62.8,16,6,5.0,15.0,0.96,X-Ray Tube Anode
1.9,4522.0,15738.0,8,15.5,23.8,1,4.33,0.18,0.18,40.3,22.8,2,34.0,7.4,27.1,75,408.5,94.5,1,0,68.2,243.0,0.32,Coolant Loop Unit
9.6,19391.0,76290.0,56,75.3,74.5,17,5.16,0.76,0.61,38.3,32.3,1,22.2,5.5,37.5,110,389.7,65.1,18,3,5.0,28.0,0.93,X-Ray Tube Anode
3.7,8694.0,21775.0,104,24.5,45.0,4,4.39,0.48,0.35,44.6,27.0,2,29.6,5.8,32.1,88,390.7,87.4,3,1,49.8,175.0,0.46,Coolant Loop Unit
10.6,21234.0,60982.0,83,82.4,81.7,16,5.03,0.83,0.8,48.9,32.5,1,23.0,4.7,43.4,119,420.5,61.0,17,3,5.0,17.0,0.97,X-Ray Tube Anode
11.4,23990.0,93361.0,44,88.7,75.0,20,5.18,0.89,0.7,49.4,31.8,2,23.8,5.9,44.7,130,398.4,58.8,21,4,5.0,14.0,0.93,X-Ray Tube Anode
2.2,5105.0,19902.0,103,17.7,39.8,4,4.6,0.29,0.25,42.6,27.0,1,29.3,6.1,30.2,87,416.6,96.0,6,1,55.9,185.0,0.48,Coolant Loop Unit
5.8,13301.0,47628.0,112,39.4,43.6,9,4.46,0.5,0.28,36.5,25.5,0,29.6,5.6,31.0,93,397.2,77.0,6,1,43.4,149.0,0.55,Coolant Loop Unit
11.8,29349.0,107085.0,169,98.0,87.7,20,5.28,0.99,0.8,55.9,32.0,0,21.3,4.7,39.1,103,410.0,58.7,19,5,5.0,23.0,0.98,X-Ray Tube Anode
6.1,11862.0,31282.0,149,41.7,49.7,7,4.88,0.53,0.34,42.2,28.2,0,26.7,5.9,27.5,84,402.1,78.7,4,0,50.5,176.0,0.5,X-Ray Tube Anode
10.4,23611.0,77228.0,42,92.3,91.7,21,5.38,0.87,0.6,52.5,33.2,1,22.3,5.9,37.2,102,394.4,59.1,17,5,5.0,18.0,0.98,X-Ray Tube Anode
7.3,16190.0,46098.0,157,67.2,75.6,15,5.03,0.67,0.44,41.9,29.5,1,25.6,4.6,39.0,108,392.9,74.5,12,1,10.9,40.0,0.9,X-Ray Tube Anode
4.8,11754.0,32581.0,145,46.7,61.3,12,4.66,0.58,0.35,37.4,31.3,1,26.5,5.3,33.0,97,382.2,77.4,9,0,33.8,115.0,0.67,X-Ray Tube Anode
3.8,7230.0,26863.0,30,35.3,34.8,6,4.63,0.42,0.2,39.4,22.4,2,29.9,7.2,25.5,82,392.0,91.9,5,1,52.0,175.0,0.46,X-Ray Tube Anode
2.8,6600.0,17836.0,26,23.5,44.9,3,4.4,0.25,0.43,46.3,27.0,0,32.1,6.9,32.2,91,405.5,93.3,3,1,56.2,186.0,0.45,Coolant Loop Unit
9.3,20353.0,65190.0,125,86.4,71.5,20,5.11,0.81,0.63,51.0,29.2,1,24.8,5.3,38.6,101,399.4,60.7,19,4,5.0,15.0,0.97,X-Ray Tube Anode
4.9,9852.0,38501.0,19,48.4,49.2,9,4.62,0.5,0.47,42.0,28.2,1,28.0,6.6,30.6,86,395.4,85.1,6,0,42.2,145.0,0.58,X-Ray Tube Anode
6.4,13602.0,37797.0,53,56.6,59.9,10,5.0,0.61,0.53,41.8,30.7,0,27.9,5.4,35.0,93,399.1,77.0,11,1,26.0,86.0,0.76,X-Ray Tube Anode
6.2,12531.0,49710.0,85,50.0,54.6,12,4.79,0.57,0.33,41.4,26.4,2,26.0,6.2,31.1,91,407.6,73.0,9,0,35.4,115.0,0.65,X-Ray Tube Anode
7.1,15745.0,62843.0,17,66.3,68.5,11,5.04,0.68,0.47,47.0,33.8,0,27.7,6.4,34.8,93,388.9,68.7,7,2,23.4,80.0,0.79,X-Ray Tube Anode
10.5,25323.0,84413.0,174,98.0,88.2,22,5.4,1.0,0.69,51.6,32.9,0,19.8,4.1,40.2,109,402.7,62.3,20,4,5.0,19.0,0.95,X-Ray Tube Anode
11.8,25895.0,71347.0,104,98.0,97.3,20,5.44,0.96,0.73,55.7,34.2,2,23.7,5.5,45.4,129,388.0,62.8,19,9,5.0,15.0,0.97,X-Ray Tube Anode
5.2,11631.0,34592.0,105,52.9,51.8,10,4.8,0.64,0.28,40.1,26.1,2,25.4,5.8,35.7,98,377.7,87.9,7,2,33.6,114.0,0.67,X-Ray Tube Anode
10.0,21667.0,67963.0,104,93.1,80.7,19,5.25,1.07,0.59,42.5,31.6,2,23.0,4.8,43.1,110,395.0,64.8,19,7,5.0,4.0,0.98,X-Ray Tube Anode
9.3,17059.0,50561.0,173,68.6,76.4,16,4.9,0.7,0.53,50.3,32.6,0,23.8,4.8,39.4,106,396.1,63.5,14,0,11.4,42.0,0.88,X-Ray Tube Anode
7.1,13929.0,40685.0,177,58.4,52.4,10,4.69,0.65,0.45,45.4,28.6,0,29.0,5.4,34.6,97,397.3,79.7,7,1,34.0,117.0,0.66,X-Ray Tube Anode
11.5,24649.0,97569.0,147,98.0,90.8,23,5.21,1.0,0.73,51.9,33.1,2,23.4,3.7,45.0,126,399.1,56.0,19,10,5.0,24.0,0.94,X-Ray Tube Anode
2.8,5659.0,15450.0,124,13.0,32.7,1,4.3,0.22,0.2,41.6,25.8,1,30.8,6.7,26.8,72,404.2,88.2,3,2,64.8,219.0,0.34,Coolant Loop Unit
1.8,3385.0,12187.0,81,22.1,35.6,5,4.22,0.33,0.21,43.4,24.2,1,31.8,6.5,28.1,86,394.0,94.9,5,2,52.8,183.0,0.46,Coolant Loop Unit
10.3,22219.0,55561.0,37,75.5,76.7,14,4.9,0.8,0.62,48.6,29.1,1,25.6,6.2,35.3,98,389.3,66.8,12,3,5.0,23.0,0.98,X-Ray Tube Anode
5.6,11245.0,38167.0,121,50.7,48.9,10,4.96,0.53,0.46,48.7,29.6,0,28.1,6.1,30.2,85,408.6,76.2,8,0,39.4,134.0,0.65,X-Ray Tube Anode
10.2,20282.0,78572.0,70,83.3,85.3,15,5.23,0.92,0.44,46.4,33.6,2,23.0,5.1,39.9,101,410.1,63.1,12,4,5.0,19.0,0.95,X-Ray Tube Anode
10.8,22885.0,67097.0,154,89.3,75.3,18,5.2,0.91,0.71,48.7,32.6,2,22.0,5.3,35.5,97,401.6,63.3,20,5,5.0,18.0,0.98,X-Ray Tube Anode
1.2,2307.0,6408.0,130,12.4,26.7,3,4.69,0.19,0.15,37.6,24.0,1,28.6,6.3,26.5,74,403.6,87.5,2,0,70.3,231.0,0.29,Coolant Loop Unit
10.7,26110.0,90800.0,59,98.0,80.1,20,5.13,1.1,0.69,52.1,31.4,1,22.2,4.9,41.5,114,407.9,56.1,21,5,5.0,19.0,0.96,X-Ray Tube Anode
5.7,13615.0,48592.0,118,44.0,51.7,7,4.87,0.49,0.38,41.3,30.1,1,27.7,5.3,27.5,84,408.0,74.3,4,3,36.6,120.0,0.66,Coolant Loop Unit
6.4,14621.0,51643.0,133,69.8,72.3,13,5.02,0.74,0.48,48.2,28.8,1,24.3,5.2,37.9,101,390.3,77.5,8,1,21.6,69.0,0.78,X-Ray Tube Anode
7.7,14443.0,43027.0,37,58.4,69.7,11,5.02,0.63,0.51,46.7,32.1,0,25.6,6.7,35.0,96,398.0,73.8,10,2,23.3,82.0,0.75,X-Ray Tube Anode
11.2,26134.0,75221.0,31,98.0,93.4,20,5.39,0.98,0.61,49.5,32.3,2,24.1,5.2,41.9,113,386.6,63.6,17,3,5.0,23.0,0.96,X-Ray Tube Anode
0.7,1703.0,6699.0,99,13.1,30.0,1,4.08,0.24,0.15,42.5,24.3,3,31.8,7.0,22.2,65,402.1,97.5,2,2,62.5,216.0,0.36,Coolant Loop Unit
6.0,13987.0,54337.0,94,56.3,68.1,12,4.89,0.56,0.39,44.6,30.1,1,25.3,5.7,36.5,102,404.7,85.1,9,0,27.3,96.0,0.73,X-Ray Tube Anode
8.4,15807.0,50360.0,176,57.7,60.0,11,4.94,0.65,0.56,47.6,27.5,1,28.5,4.9,35.1,97,388.9,71.5,13,0,25.4,88.0,0.75,X-Ray Tube Anode
8.8,19832.0,74751.0,6,78.4,76.1,15,4.81,0.72,0.43,44.2,28.3,1,25.6,5.4,37.9,101,405.2,72.2,12,5,5.0,21.0,0.96,X-Ray Tube Anode
8.5,20179.0,64138.0,15,81.9,79.3,17,5.47,0.77,0.78,51.8,31.6,0,24.2,5.9,40.5,118,407.5,72.2,18,6,5.0,25.0,0.96,X-Ray Tube Anode
2.0,4510.0,14145.0,143,29.8,39.0,5,4.6,0.46,0.1,38.1,27.5,0,28.7,6.4,29.9,87,411.9,92.7,6,1,56.4,189.0,0.44,Coolant Loop Unit
3.9,8882.0,24293.0,16,45.3,58.5,9,4.84,0.45,0.4,47.9,30.8,3,25.2,6.7,29.2,83,398.7,90.0,7,2,30.9,102.0,0.71,X-Ray Tube Anode
4.6,9809.0,30798.0,20,42.8,43.7,6,4.54,0.39,0.31,39.9,28.2,1,28.5,6.8,30.7,82,403.8,84.8,6,1,49.8,173.0,0.53,X-Ray Tube Anode
9.8,21161.0,69960.0,77,98.0,89.7,22,5.48,0.92,0.55,45.0,35.7,10,22.0,4.8,40.7,115,410.5,63.1,19,3,5.0,8.0,0.97,X-Ray Tube Anode
3.7,6760.0,17127.0,44,10.9,32.1,3,4.49,0.29,0.25,44.4,27.9,1,29.7,6.9,25.6,84,390.5,86.6,2,0,64.3,218.0,0.38,Coolant Loop Unit
2.9,6569.0,20799.0,170,30.0,49.1,5,4.6,0.28,0.31,40.1,29.0,2,29.1,5.2,35.3,95,398.9,87.8,4,2,44.6,153.0,0.54,Coolant Loop Unit
11.5,21375.0,78491.0,46,95.5,94.6,21,5.35,0.91,0.5,46.6,34.1,0,23.5,5.1,43.4,124,389.7,56.4,13,3,5.0,14.0,0.95,X-Ray Tube Anode
0.6,1267.0,4459.0,95,9.4,26.8,3,4.18,0.11,0.14,36.3,27.1,2,29.6,6.8,27.0,74,400.3,94.8,3,0,67.3,219.0,0.34,Coolant Loop Unit
12.0,24008.0,82893.0,162,85.4,82.6,18,5.19,0.85,0.69,45.1,28.6,0,25.2,4.7,40.4,108,398.2,59.0,17,5,5.0,24.0,0.98,X-Ray Tube Anode
8.3,18073.0,69839.0,64,83.4,76.3,17,5.12,0.83,0.58,48.3,30.4,1,24.0,5.1,40.8,110,394.9,65.9,17,4,5.0,14.0,0.91,X-Ray Tube Anode
10.0,18986.0,47978.0,157,82.0,76.8,17,5.27,0.81,0.56,50.6,28.4,1,26.3,4.7,39.4,117,404.9,64.7,19,4,5.0,14.0,0.97,X-Ray Tube Anode
3.9,8881.0,29623.0,131,38.3,54.9,7,4.53,0.54,0.24,40.1,29.6,3,29.7,5.6,32.6,96,393.9,83.9,7,0,44.2,157.0,0.57,Coolant Loop Unit
0.7,1566.0,5765.0,9,7.0,33.5,3,4.37,0.1,0.01,30.8,24.9,4,32.1,7.1,26.5,77,396.8,93.7,3,2,65.2,207.0,0.36,Detector Array
9.0,17201.0,56971.0,153,84.8,87.2,18,5.09,0.86,0.56,47.7,37.0,10,22.1,4.6,40.0,116,408.9,67.3,15,3,5.0,25.0,0.92,X-Ray Tube Anode
10.1,18904.0,56444.0,42,79.2,68.2,15,5.11,0.83,0.61,46.1,29.4,2,24.5,5.6,35.4,104,416.1,64.1,13,3,5.0,28.0,0.95,X-Ray Tube Anode
9.0,17146.0,46370.0,174,66.6,73.7,13,5.09,0.65,0.56,39.5,31.0,2,23.8,5.2,39.5,107,411.5,73.6,12,1,16.3,51.0,0.87,X-Ray Tube Anode
2.1,5173.0,19818.0,73,14.2,38.9,4,4.26,0.25,0.22,39.6,26.1,0,31.6,6.8,29.6,81,402.1,88.4,2,0,72.5,244.0,0.25,Coolant Loop Unit
9.2,19884.0,63752.0,84,85.6,77.1,18,5.32,0.85,0.66,51.0,30.5,1,24.1,5.5,36.9,104,405.9,67.8,15,3,5.0,19.0,0.96,X-Ray Tube Anode
9.3,19873.0,75857.0,59,87.4,81.5,18,5.33,0.91,0.69,53.8,29.9,2,22.9,5.4,43.5,119,402.4,67.7,17,5,5.0,18.0,0.94,X-Ray Tube Anode
8.1,15135.0,51137.0,21,61.0,68.3,12,4.89,0.64,0.3,46.9,28.3,2,23.7,6.0,39.7,117,383.8,70.5,7,2,24.7,89.0,0.79,X-Ray Tube Anode
9.3,20992.0,73709.0,150,79.5,76.9,17,5.33,0.71,0.42,46.2,28.0,1,26.1,4.5,37.9,105,387.1,70.7,11,4,5.0,19.0,0.97,X-Ray Tube Anode
10.2,24625.0,91270.0,157,98.0,98.5,21,5.39,1.05,0.84,56.4,34.6,2,21.2,3.7,45.0,123,397.7,64.0,18,3,5.0,21.0,0.96,X-Ray Tube Anode
7.6,17982.0,62735.0,63,64.8,64.5,15,5.14,0.79,0.42,40.4,29.1,2,27.1,5.3,35.8,102,415.4,75.2,11,0,18.9,81.0,0.8,X-Ray Tube Anode
1.5,3400.0,10529.0,73,29.4,44.8,6,4.82,0.36,0.05,41.0,30.3,3,26.5,6.5,32.1,93,390.5,91.8,5,2,44.5,143.0,0.55,Coolant Loop Unit
6.1,11316.0,37008.0,61,39.4,53.4,6,4.64,0.41,0.33,46.0,26.5,1,29.0,6.6,32.9,101,405.8,73.9,3,2,41.8,149.0,0.57,Coolant Loop Unit
1.4,2617.0,9695.0,64,5.0,23.4,2,4.36,0.22,0.01,34.1,27.0,0,31.4,6.7,23.5,65,390.0,93.6,3,1,77.9,272.0,0.2,Coolant Loop Unit
5.2,9515.0,29121.0,69,28.9,47.3,5,4.45,0.45,0.27,43.1,30.0,1,28.4,6.9,27.4,76,407.3,80.2,5,1,51.2,169.0,0.49,Coolant Loop Unit
5.2,10261.0,31626.0,168,32.2,43.4,6,4.43,0.38,0.25,42.2,29.1,0,31.1,5.1,26.9,84,404.5,79.8,6,2,48.7,162.0,0.47,Coolant Loop Unit
1.3,2386.0,6307.0,129,7.7,23.6,2,4.26,0.16,0.09,41.5,25.2,1,32.1,7.0,24.5,75,389.9,95.4,2,0,76.6,263.0,0.25,Coolant Loop Unit
4.5,8942.0,34622.0,106,32.0,34.6,7,4.38,0.38,0.31,41.4,25.6,2,27.1,6.2,31.1,95,400.9,81.8,5,2,43.3,141.0,0.56,Coolant Loop Unit
1.8,3676.0,9693.0,65,22.9,33.9,3,4.33,0.22,0.12,35.4,28.0,0,29.2,7.3,26.2,79,405.2,91.5,4,0,70.9,238.0,0.28,Coolant Loop Unit
9.8,24096.0,83668.0,122,98.0,93.3,22,5.46,0.97,0.66,48.1,32.0,3,20.1,4.8,44.3,121,401.8,69.1,21,3,5.0,18.0,0.92,X-Ray Tube Anode
11.4,25387.0,79203.0,62,98.0,97.0,22,5.3,1.07,0.75,54.1,34.0,2,24.1,5.9,43.7,119,409.5,56.2,20,6,5.0,14.0,0.96,X-Ray Tube Anode
1.3,3175.0,9870.0,103,37.5,41.3,8,4.76,0.43,0.22,34.0,26.9,1,29.3,6.1,26.0,72,405.7,98.3,6,1,47.1,159.0,0.57,X-Ray Tube Anode
11.5,26381.0,92844.0,60,98.0,85.7,21,5.42,0.93,0.88,45.4,30.9,0,22.6,4.4,45.2,127,414.8,61.4,18,9,5.0,13.0,0.94,X-Ray Tube Anode
6.5,12230.0,31806.0,46,48.1,46.7,10,5.05,0.56,0.36,45.6,28.0,2,25.6,5.9,29.2,83,412.7,79.6,7,0,38.3,126.0,0.64,X-Ray Tube Anode
3.9,9133.0,30967.0,5,26.3,42.2,5,4.59,0.3,0.44,45.5,28.2,2,29.7,7.0,26.9,77,404.0,88.6,7,3,42.1,145.0,0.59,Coolant Loop Unit
1.4,2758.0,10087.0,113,10.4,36.5,4,4.49,0.19,0.19,39.3,25.0,2,33.2,6.5,28.6,86,406.6,93.8,4,1,63.4,215.0,0.36,Coolant Loop Unit
6.3,14062.0,52625.0,150,58.6,63.9,10,4.96,0.56,0.33,38.3,30.4,0,27.1,4.9,34.6,96,398.3,75.1,6,2,35.5,121.0,0.68,X-Ray Tube Anode
9.6,19647.0,54142.0,70,69.1,70.7,13,5.08,0.67,0.47,40.3,27.1,1,27.2,5.8,34.3,99,403.3,64.3,11,1,21.5,77.0,0.75,X-Ray Tube Anode
8.6,21565.0,82941.0,160,82.3,78.7,17,5.36,0.88,0.58,45.8,29.9,2,26.6,5.0,41.6,112,405.4,68.8,14,4,5.0,18.0,0.95,X-Ray Tube Anode
1.1,2138.0,7451.0,11,11.2,19.6,3,4.43,0.21,0.22,41.0,23.7,1,34.3,8.0,22.1,62,395.6,91.7,2,0,70.7,239.0,0.29,Coolant Loop Unit
1.3,2671.0,10209.0,138,6.5,29.1,3,4.31,0.12,0.08,35.0,26.0,0,31.8,6.4,27.8,83,412.2,95.5,2,1,72.1,241.0,0.29,Coolant Loop Unit
5.1,12584.0,40619.0,167,44.5,53.2,9,4.76,0.51,0.23,42.9,29.7,0,28.4,5.1,32.5,89,396.9,79.8,6,1,43.3,149.0,0.54,Coolant Loop Unit
3.9,7080.0,23455.0,98,34.6,47.4,8,4.7,0.38,0.22,37.0,27.8,1,31.5,6.5,29.5,86,402.5,85.9,5,0,50.4,181.0,0.51,X-Ray Tube Anode
3.2,7257.0,28149.0,31,18.8,41.1,4,4.32,0.23,0.09,35.3,27.8,0,28.7,7.5,28.3,86,398.5,87.3,2,2,66.4,230.0,0.3,Coolant Loop Unit
3.7,8611.0,33153.0,12,25.7,43.7,4,4.4,0.39,0.2,41.4,27.0,0,30.6,6.8,29.9,83,411.8,88.7,3,1,59.2,194.0,0.42,Coolant Loop Unit
9.7,23235.0,73706.0,108,94.4,91.7,20,5.55,0.99,0.62,47.6,33.6,0,20.8,4.2,42.4,113,389.0,66.5,18,4,5.0,7.0,0.94,X-Ray Tube Anode
11.2,27765.0,80842.0,80,98.0,97.1,21,5.66,0.98,0.8,51.7,34.2,1,21.3,5.2,42.6,117,389.8,58.0,16,3,5.0,13.0,0.96,X-Ray Tube Anode
5.2,12809.0,39575.0,166,53.7,67.4,11,4.7,0.59,0.47,43.5,29.3,0,28.9,5.1,38.6,110,395.2,81.2,8,1,29.0,91.0,0.7,X-Ray Tube Anode
10.9,20155.0,62112.0,67,78.8,76.8,15,5.05,0.81,0.64,46.7,30.7,0,23.2,5.6,39.3,107,397.0,54.3,16,3,5.0,11.0,0.93,X-Ray Tube Anode
4.2,9970.0,29214.0,52,37.4,38.4,7,4.82,0.46,0.22,40.9,27.5,0,30.4,7.5,27.6,86,400.4,83.0,6,1,52.6,167.0,0.51,X-Ray Tube Anode
6.0,13467.0,39094.0,133,62.0,62.5,11,5.02,0.62,0.38,44.8,32.2,0,24.5,4.7,32.0,91,389.8,78.9,6,2,29.5,101.0,0.74,X-Ray Tube Anode
3.1,6983.0,26478.0,139,34.8,50.1,8,4.72,0.46,0.24,41.0,29.8,1,29.9,5.7,32.4,89,402.0,85.3,6,1,45.5,149.0,0.52,Coolant Loop Unit
7.9,14865.0,38719.0,25,59.9,52.5,11,5.05,0.66,0.43,42.5,26.6,1,29.4,6.8,32.1,87,389.6,73.8,6,0,36.6,119.0,0.64,X-Ray Tube Anode
11.8,26516.0,93243.0,35,98.0,79.7,20,5.34,0.97,0.74,50.6,29.9,0,21.8,6.5,37.8,108,401.1,54.0,16,4,5.0,14.0,0.97,X-Ray Tube Anode
7.4,18509.0,51071.0,163,74.3,63.4,19,5.14,0.74,0.41,48.7,28.8,1,26.4,5.1,36.9,106,409.5,73.9,11,1,14.4,46.0,0.85,X-Ray Tube Anode
4.6,11252.0,33945.0,22,39.2,52.1,7,4.71,0.49,0.26,36.4,28.4,0,30.0,6.5,30.2,82,406.9,82.4,8,1,47.1,159.0,0.53,X-Ray Tube Anode
7.9,16754.0,43430.0,165,65.8,66.1,12,4.86,0.68,0.46,50.9,30.0,0,25.1,5.1,37.1,101,397.2,74.4,8,0,26.0,81.0,0.75,X-Ray Tube Anode
1.9,3498.0,10161.0,96,10.1,24.4,3,4.37,0.16,0.01,35.5,26.8,0,32.0,7.2,20.8,66,395.1,90.6,5,1,65.9,229.0,0.35,Coolant Loop Unit
10.7,22014.0,80408.0,117,87.2,73.2,18,5.43,0.87,0.69,49.6,32.7,1,21.4,5.7,39.4,108,420.6,60.9,17,6,5.0,18.0,0.94,X-Ray Tube Anode
6.3,14950.0,57221.0,20,56.2,64.0,9,4.82,0.64,0.34,45.3,29.7,0,29.9,6.9,32.6,98,405.5,81.0,8,0,34.4,119.0,0.67,X-Ray Tube Anode
5.7,12985.0,36776.0,106,56.1,55.7,12,4.9,0.52,0.45,38.7,28.3,1,25.9,5.1,34.7,96,405.2,83.2,8,2,28.3,94.0,0.71,X-Ray Tube Anode
7.2,15355.0,49063.0,4,68.0,62.9,14,5.05,0.69,0.51,50.3,30.3,0,25.0,6.1,37.1,103,408.1,68.0,12,3,14.1,53.0,0.85,X-Ray Tube Anode
7.7,14129.0,45292.0,18,53.5,60.5,12,4.8,0.63,0.38,49.0,30.9,0,26.3,6.8,35.3,96,404.6,67.7,8,1,27.3,95.0,0.71,X-Ray Tube Anode
1.3,2782.0,10600.0,51,5.0,24.7,3,4.36,0.14,0.2,42.8,25.8,0,32.0,7.4,24.6,77,404.5,98.6,6,0,70.0,239.0,0.29,Coolant Loop Unit
8.4,17772.0,64763.0,20,76.8,71.0,17,5.02,0.8,0.58,41.5,29.9,0,25.6,6.2,38.2,111,402.9,73.3,14,5,5.0,22.0,0.96,X-Ray Tube Anode
3.3,8041.0,26292.0,122,33.6,46.4,5,4.8,0.46,0.24,42.6,26.6,2,30.0,5.7,33.8,105,402.6,89.9,7,1,47.5,153.0,0.49,Coolant Loop Unit
8.7,19588.0,68677.0,137,75.4,68.2,14,5.2,0.82,0.54,51.8,28.5,1,23.7,5.3,37.0,103,397.8,68.2,13,4,5.0,18.0,0.92,X-Ray Tube Anode
10.0,20099.0,75794.0,80,91.4,89.9,22,5.16,0.9,0.67,54.5,33.1,2,20.9,4.9,44.5,120,399.4,64.1,17,4,5.0,14.0,0.95,X-Ray Tube Anode
9.7,21126.0,53116.0,154,80.0,70.6,15,5.41,0.81,0.63,44.7,31.4,0,26.7,5.1,35.1,98,412.3,60.5,17,4,5.0,13.0,0.95,X-Ray Tube Anode
6.9,12654.0,39281.0,102,34.7,37.4,6,4.64,0.46,0.47,48.4,27.6,0,30.7,6.7,26.3,79,406.9,73.7,5,1,48.6,169.0,0.49,Coolant Loop Unit
6.5,16080.0,62084.0,25,58.7,66.7,12,4.8,0.67,0.29,46.7,31.7,1,23.8,6.3,38.4,104,393.5,79.0,11,0,30.6,111.0,0.73,X-Ray Tube Anode
2.1,4398.0,15878.0,169,30.5,45.5,6,4.73,0.37,0.18,38.9,29.7,2,29.2,5.7,30.1,86,407.5,91.2,5,0,53.4,188.0,0.45,Coolant Loop Unit
9.4,20100.0,66615.0,59,77.9,68.2,20,5.21,0.8,0.46,40.8,28.1,0,26.6,5.8,35.2,98,399.5,68.8,12,4,5.0,17.0,0.94,X-Ray Tube Anode
3.6,7419.0,24441.0,45,25.6,30.2,4,4.24,0.34,0.25,42.9,26.2,0,33.2,7.8,24.2,73,394.1,89.5,4,0,61.4,207.0,0.37,Coolant Loop Unit
6.2,14149.0,42755.0,41,56.8,66.5,13,4.8,0.68,0.48,48.8,30.6,1,25.5,6.5,33.7,91,403.4,80.1,9,1,23.5,86.0,0.78,X-Ray Tube Anode
3.8,8532.0,27991.0,38,42.2,55.1,7,4.75,0.53,0.42,43.7,28.5,1,29.6,6.4,32.0,98,393.3,87.2,6,2,40.3,132.0,0.63,X-Ray Tube Anode
2.0,4691.0,16340.0,117,18.1,29.2,4,4.09,0.3,0.1,33.6,24.3,1,32.4,6.9,23.3,70,392.9,91.1,4,2,64.5,228.0,0.34,Coolant Loop Unit
7.7,15385.0,48116.0,19,66.3,69.6,12,5.01,0.64,0.42,47.1,32.5,3,23.9,6.9,34.3,104,410.3,72.6,8,1,20.0,66.0,0.82,X-Ray Tube Anode
1.1,2273.0,8118.0,14,7.6,17.8,4,4.31,0.15,0.1,35.0,23.3,0,31.9,7.5,22.2,66,390.3,92.1,4,0,73.5,250.0,0.27,Coolant Loop Unit
9.1,17196.0,65203.0,127,73.6,71.6,13,4.91,0.75,0.43,45.7,27.3,1,24.8,4.9,41.2,108,401.7,62.2,9,1,17.9,58.0,0.81,X-Ray Tube Anode
4.2,9379.0,25625.0,149,39.0,37.6,6,4.71,0.52,0.38,48.0,26.5,1,29.5,6.1,28.2,76,407.1,85.1,6,1,44.8,152.0,0.56,Coolant Loop Unit
0.5,917.0,2913.0,143,5.0,21.3,2,4.26,0.13,0.07,31.5,24.2,1,30.0,6.8,20.1,63,393.5,95.5,3,2,70.6,235.0,0.27,Coolant Loop Unit
6.4,14149.0,44031.0,3,58.7,52.6,9,4.73,0.69,0.44,47.3,31.1,1,25.7,6.6,33.6,102,408.9,74.6,7,2,32.3,108.0,0.67,X-Ray Tube Anode
1.0,2502.0,8836.0,37,5.7,23.5,1,4.41,0.12,0.17,38.0,25.6,0,31.3,7.7,24.8,72,405.1,94.9,5,1,74.3,253.0,0.24,Coolant Loop Unit
3.7,8909.0,25612.0,117,24.6,35.7,3,4.62,0.3,0.28,40.7,25.8,5,27.2,6.4,26.0,80,427.6,88.8,3,3,50.1,170.0,0.49,Detector Array
8.6,18247.0,63142.0,174,72.8,69.9,15,5.03,0.78,0.47,46.9,30.1,1,25.6,5.3,38.8,107,401.4,72.3,10,0,23.5,67.0,0.77,X-Ray Tube Anode
1.2,2590.0,9885.0,16,5.0,14.4,2,4.23,0.22,0.11,35.2,23.4,0,33.6,7.6,20.7,65,415.2,91.9,2,2,70.4,252.0,0.33,Coolant Loop Unit
10.2,18821.0,58858.0,142,80.1,73.3,17,5.27,0.81,0.48,42.1,34.1,2,21.2,4.6,41.6,109,390.6,69.4,12,3,5.0,25.0,0.95,X-Ray Tube Anode
0.5,1234.0,4773.0,9,5.0,28.6,2,4.23,0.02,0.09,31.7,26.4,2,31.7,7.4,29.5,87,393.9,98.3,4,0,72.1,239.0,0.26,Coolant Loop Unit
3.3,7928.0,31633.0,7,43.1,47.5,6,4.43,0.41,0.34,46.2,25.6,3,26.8,6.9,30.8,92,409.1,89.0,7,2,35.0,116.0,0.65,X-Ray Tube Anode
9.0,17782.0,47284.0,142,68.5,72.2,13,5.09,0.73,0.43,43.3,30.3,0,25.6,4.6,39.9,106,395.8,64.5,10,0,27.1,91.0,0.69,X-Ray Tube Anode
4.1,8667.0,24697.0,134,34.5,41.5,6,4.49,0.34,0.16,40.2,26.9,1,30.9,6.1,32.5,90,396.5,84.4,5,1,53.2,184.0,0.49,Coolant Loop Unit
1.7,3991.0,15666.0,15,5.0,22.0,4,4.2,0.1,0.16,37.1,23.0,1,31.9,7.4,25.0,73,415.3,92.9,4,1,65.6,225.0,0.33,Coolant Loop Unit
4.6,11207.0,44129.0,72,36.0,46.5,5,4.85,0.42,0.29,37.8,24.9,1,29.2,7.2,30.4,93,405.7,77.5,5,0,59.5,197.0,0.44,Coolant Loop Unit
3.6,7112.0,18821.0,162,15.0,39.5,3,4.36,0.11,0.24,42.3,27.6,1,33.7,5.9,28.8,87,404.6,86.2,2,0,61.0,219.0,0.41,Coolant Loop Unit
10.2,22272.0,56181.0,104,97.7,80.6,19,5.37,0.96,0.67,50.7,30.5,0,21.9,5.2,37.7,112,402.6,65.7,17,4,5.0,15.0,0.95,X-Ray Tube Anode
4.1,7939.0,21767.0,129,28.1,30.3,4,4.61,0.29,0.09,36.3,27.5,0,28.1,6.0,26.1,79,403.3,83.1,5,0,64.3,228.0,0.35,Coolant Loop Unit
9.6,17914.0,71547.0,96,82.3,79.7,16,5.26,0.77,0.58,48.7,31.6,0,23.9,5.4,39.1,105,386.3,63.2,17,6,5.0,14.0,0.94,X-Ray Tube Anode
10.8,26222.0,72635.0,122,83.4,87.4,17,5.06,0.81,0.66,46.5,31.8,2,27.4,4.4,42.5,124,401.6,64.5,15,3,5.0,22.0,0.94,X-Ray Tube Anode
5.5,13033.0,42406.0,115,64.5,75.0,14,4.97,0.63,0.4,46.9,27.4,2,27.0,5.5,34.6,93,394.7,80.4,8,0,22.6,79.0,0.77,X-Ray Tube Anode
11.0,25569.0,96463.0,148,98.0,88.3,20,5.38,1.01,0.68,53.8,34.4,2,20.8,3.8,42.5,118,408.4,60.4,19,6,5.0,13.0,0.94,X-Ray Tube Anode
4.8,8876.0,22461.0,80,38.2,46.1,7,4.7,0.5,0.24,42.6,28.0,1,29.4,6.3,29.7,81,394.6,82.6,6,1,47.6,165.0,0.54,X-Ray Tube Anode
11.6,27700.0,94366.0,7,98.0,91.5,20,5.42,0.96,0.92,54.2,32.3,2,23.6,5.9,39.2,113,395.8,60.2,17,4,5.0,18.0,0.98,X-Ray Tube Anode
1.5,3216.0,9378.0,135,17.1,33.1,2,4.79,0.22,0.16,38.7,24.6,0,32.2,6.4,27.7,86,389.3,96.3,2,1,64.0,222.0,0.36,Coolant Loop Unit
8.4,17135.0,65001.0,50,65.5,68.6,13,4.81,0.67,0.58,52.5,32.6,0,26.1,5.8,38.2,109,405.3,72.6,15,0,18.6,59.0,0.84,X-Ray Tube Anode
6.2,13486.0,39448.0,130,44.4,58.6,11,4.88,0.44,0.42,48.1,27.4,1,29.6,6.1,33.6,95,411.6,78.7,9,0,35.9,122.0,0.61,X-Ray Tube Anode
5.0,9241.0,32623.0,47,27.3,44.0,6,4.71,0.28,0.35,48.6,26.7,0,29.6,6.4,27.2,79,393.0,85.5,7,1,46.3,161.0,0.54,Coolant Loop Unit
7.8,18116.0,63611.0,14,62.7,63.8,12,5.03,0.58,0.57,45.1,30.5,0,25.6,5.9,34.9,104,394.8,66.3,12,0,23.1,69.0,0.77,X-Ray Tube Anode
8.6,18974.0,53738.0,31,78.9,74.5,17,5.05,0.74,0.58,45.1,33.1,0,25.0,5.4,39.6,100,408.2,72.2,15,6,5.0,11.0,0.92,X-Ray Tube Anode
0.6,1062.0,2711.0,50,5.0,26.3,0,4.51,0.23,0.17,39.1,24.8,1,28.5,6.8,26.1,75,399.7,96.5,2,0,71.1,242.0,0.28,Coolant Loop Unit
2.4,4675.0,14557.0,41,5.6,23.0,3,3.94,0.12,0.19,40.3,23.7,0,28.6,7.6,23.1,75,401.9,87.1,3,0,78.2,267.0,0.24,Coolant Loop Unit
8.7,16782.0,49235.0,14,70.1,68.2,12,4.94,0.58,0.68,49.5,30.0,1,24.5,6.1,36.8,100,404.4,71.7,12,1,12.1,41.0,0.83,X-Ray Tube Anode
8.2,15020.0,55776.0,133,42.7,40.2,8,4.89,0.45,0.53,45.4,28.2,1,27.6,6.5,27.3,86,398.2,70.6,10,2,33.0,116.0,0.67,X-Ray Tube Anode
11.6,25674.0,95008.0,5,98.0,82.1,19,5.32,0.9,0.64,53.0,33.5,0,23.1,6.0,41.0,111,397.2,61.2,17,5,5.0,16.0,0.94,X-Ray Tube Anode
9.3,22096.0,70387.0,157,98.0,88.4,21,5.62,0.98,0.63,48.5,30.5,3,22.3,4.5,41.8,112,392.7,65.9,19,5,5.0,22.0,0.96,X-Ray Tube Anode
11.4,20721.0,70654.0,5,72.4,77.1,15,4.84,0.75,0.63,45.3,31.4,0,26.5,5.3,37.5,101,391.9,60.1,16,2,5.9,22.0,0.96,X-Ray Tube Anode
8.6,15737.0,53606.0,113,71.4,65.5,17,4.89,0.75,0.47,42.1,27.7,0,26.2,5.7,37.6,104,385.0,68.5,11,1,15.9,48.0,0.85,X-Ray Tube Anode
3.9,8644.0,32336.0,118,37.4,46.6,6,4.57,0.43,0.34,43.1,28.9,0,27.2,6.5,30.4,85,401.3,85.3,4,0,51.6,176.0,0.5,Coolant Loop Unit
1.7,4063.0,12748.0,96,12.3,25.5,4,4.41,0.19,0.22,48.9,25.7,0,33.2,6.9,24.6,85,401.3,91.3,5,0,63.2,214.0,0.39,Coolant Loop Unit
9.5,19255.0,56092.0,36,73.4,63.5,13,5.05,0.69,0.45,42.1,28.2,0,26.1,5.8,36.2,98,403.7,62.2,7,0,30.7,101.0,0.69,X-Ray Tube Anode
7.9,16169.0,46851.0,79,69.9,78.1,12,4.97,0.73,0.58,46.9,33.7,0,22.4,4.7,39.7,109,407.1,68.3,17,2,5.9,12.0,0.89,X-Ray Tube Anode
1.1,2337.0,7724.0,19,9.0,33.4,2,4.52,0.23,0.07,43.8,26.5,2,32.5,7.7,23.8,72,401.8,96.0,3,1,65.6,217.0,0.36,Coolant Loop Unit
4.6,9244.0,29337.0,22,16.2,22.9,5,4.62,0.34,0.25,39.0,25.1,2,32.3,7.6,22.7,62,388.9,81.1,5,0,61.4,205.0,0.37,Coolant Loop Unit
11.5,20920.0,66111.0,162,98.0,93.0,19,5.31,0.97,0.56,48.7,32.9,0,20.4,3.6,41.6,109,394.5,60.4,18,3,5.0,22.0,0.96,X-Ray Tube Anode
6.3,14477.0,38172.0,56,61.4,59.9,10,4.68,0.65,0.5,51.6,29.2,0,26.5,6.3,36.1,111,392.1,76.7,11,0,29.1,97.0,0.68,X-Ray Tube Anode
5.5,12256.0,43850.0,17,48.6,63.9,8,4.46,0.56,0.36,40.0,29.1,1,28.3,6.3,32.5,96,392.3,78.4,5,3,29.8,107.0,0.69,X-Ray Tube Anode
5.8,12717.0,35871.0,17,45.1,47.6,9,4.78,0.58,0.34,41.5,26.6,0,25.9,7.5,33.3,93,404.5,84.1,6,1,44.3,146.0,0.57,X-Ray Tube Anode
2.9,6731.0,18815.0,146,25.4,32.6,5,4.6,0.3,0.2,37.8,27.8,1,31.2,5.9,25.6,74,400.5,87.0,5,1,57.5,192.0,0.42,Coolant Loop Unit
4.7,10773.0,33602.0,173,53.2,58.6,8,4.85,0.61,0.19,34.7,28.3,0,26.2,5.3,35.6,96,392.9,82.9,4,2,44.8,150.0,0.52,X-Ray Tube Anode
4.8,9240.0,26257.0,78,39.1,54.0,6,4.66,0.41,0.23,44.7,27.7,1,27.3,6.6,35.7,103,405.9,87.6,4,1,45.7,154.0,0.52,Coolant Loop Unit
1.1,2256.0,7615.0,56,12.0,22.3,4,4.22,0.22,0.01,33.5,24.5,1,31.3,7.5,23.6,66,398.3,97.9,3,0,72.0,246.0,0.3,Coolant Loop Unit
9.3,17612.0,53843.0,80,60.5,66.5,12,5.02,0.69,0.5,43.3,32.1,1,26.6,5.6,35.3,98,394.1,67.3,12,0,25.9,91.0,0.73,X-Ray Tube Anode
5.3,10002.0,31742.0,50,37.2,37.3,9,4.9,0.37,0.37,41.8,28.2,0,30.1,6.8,27.6,77,403.3,78.4,6,1,46.6,165.0,0.53,X-Ray Tube Anode
10.0,22631.0,74813.0,58,90.9,92.0,18,4.96,0.89,0.7,53.1,32.5,0,25.5,4.9,41.3,114,411.0,58.1,18,3,5.0,6.0,0.94,X-Ray Tube Anode
10.3,24680.0,69235.0,18,98.0,80.2,22,5.36,1.03,0.81,53.1,33.5,0,20.8,5.6,35.4,101,394.9,55.2,19,5,5.0,27.0,0.92,X-Ray Tube Anode
2.9,7268.0,19869.0,135,25.7,46.3,4,4.36,0.36,0.33,39.8,27.7,0,30.2,5.6,32.2,89,392.5,87.6,7,0,55.5,183.0,0.44,Coolant Loop Unit
8.1,18052.0,68971.0,76,79.6,75.6,17,4.93,0.87,0.49,47.0,29.8,0,25.7,5.9,33.9,94,403.6,76.0,14,4,5.0,18.0,0.97,X-Ray Tube Anode
5.9,11441.0,36045.0,10,36.6,44.6,6,4.47,0.47,0.36,45.3,26.6,0,29.8,7.4,26.0,78,401.4,75.9,4,3,43.9,154.0,0.55,X-Ray Tube Anode
10.6,19905.0,62066.0,69,80.2,85.6,15,5.22,0.8,0.58,47.6,34.3,0,21.8,5.5,41.0,113,396.6,58.8,13,4,5.0,20.0,0.91,X-Ray Tube Anode
3.0,7062.0,18032.0,85,27.5,49.0,4,4.59,0.46,0.07,35.8,31.0,0,28.9,6.3,29.6,91,395.2,87.9,3,0,64.5,225.0,0.37,Coolant Loop Unit
8.3,18291.0,59391.0,131,61.0,65.7,13,5.15,0.66,0.44,47.7,30.4,2,26.5,5.4,37.0,101,401.2,70.4,10,0,26.8,96.0,0.73,X-Ray Tube Anode
7.5,16722.0,55704.0,83,66.5,59.1,13,5.0,0.55,0.48,45.1,28.2,2,25.3,5.3,37.7,102,390.7,73.6,10,3,10.0,36.0,0.9,X-Ray Tube Anode
3.9,9144.0,30525.0,109,31.9,42.5,6,4.32,0.37,0.28,46.0,26.9,3,30.1,6.5,28.6,89,396.7,88.8,6,2,41.9,146.0,0.59,Coolant Loop Unit
2.1,4747.0,16902.0,44,30.3,41.8,6,4.53,0.35,0.22,37.5,25.9,0,30.1,6.8,27.4,75,394.5,89.1,4,0,59.8,197.0,0.37,Coolant Loop Unit
8.0,19058.0,52720.0,142,73.0,71.4,14,4.87,0.8,0.6,45.8,29.6,0,23.2,4.6,41.8,127,392.7,74.8,14,1,10.4,32.0,0.89,X-Ray Tube Anode
9.0,16543.0,47616.0,132,69.0,69.7,16,4.85,0.7,0.35,40.0,29.3,1,26.6,5.6,38.2,97,402.0,69.5,11,2,16.3,51.0,0.84,X-Ray Tube Anode
4.1,9594.0,35654.0,18,28.5,30.3,7,4.63,0.41,0.35,41.9,25.5,0,30.2,7.3,27.1,80,414.8,82.8,5,0,56.0,179.0,0.44,X-Ray Tube Anode
7.9,18963.0,74347.0,93,77.7,78.6,14,5.16,0.83,0.57,47.5,31.6,0,21.5,5.5,40.8,112,387.6,68.5,16,6,5.0,12.0,0.95,X-Ray Tube Anode
5.0,10089.0,27281.0,38,37.0,50.2,7,4.73,0.38,0.37,39.1,27.8,1,28.2,6.8,30.3,83,406.9,77.4,8,1,42.7,140.0,0.6,X-Ray Tube Anode
8.7,19565.0,63516.0,148,72.0,62.7,15,5.01,0.74,0.66,49.7,29.2,2,25.7,4.9,35.0,93,400.8,72.0,13,2,5.0,12.0,0.96,X-Ray Tube Anode
2.8,5638.0,15905.0,172,45.2,53.1,11,4.86,0.47,0.19,40.9,29.5,0,26.5,5.7,30.7,91,368.4,88.3,8,1,42.3,147.0,0.59,X-Ray Tube Anode
10.7,26528.0,68710.0,51,98.0,90.0,23,5.31,0.99,0.86,49.5,32.5,1,22.9,4.9,44.0,114,397.1,60.5,20,4,5.0,13.0,0.95,X-Ray Tube Anode
3.8,6938.0,20734.0,19,26.1,41.9,4,4.68,0.3,0.16,37.0,26.8,3,29.5,6.3,29.9,89,427.4,86.4,6,2,50.0,174.0,0.45,Coolant Loop Unit
4.7,10433.0,28330.0,120,48.9,46.0,10,4.84,0.54,0.25,42.3,27.3,0,29.4,6.3,31.5,94,383.6,79.1,7,0,42.4,136.0,0.57,X-Ray Tube Anode
1.2,2239.0,7981.0,68,5.0,26.0,2,4.23,0.13,0.14,34.9,27.4,1,31.8,7.2,20.6,60,409.5,99.5,4,0,72.5,243.0,0.27,Coolant Loop Unit
1.8,4097.0,13522.0,66,19.6,29.3,5,4.47,0.27,0.13,36.9,24.8,1,33.9,7.1,27.1,82,403.4,93.8,7,1,59.6,201.0,0.4,Coolant Loop Unit
6.4,12370.0,33595.0,141,53.6,57.6,8,4.84,0.68,0.4,47.1,29.8,3,24.6,5.8,32.7,89,392.8,77.4,5,0,33.7,121.0,0.66,X-Ray Tube Anode
3.6,7029.0,17669.0,158,30.1,46.5,6,4.8,0.35,0.4,49.1,26.5,0,30.1,5.2,27.2,85,404.0,86.2,5,1,46.8,159.0,0.54,Coolant Loop Unit
10.1,21692.0,80527.0,98,98.0,92.7,21,5.41,0.89,0.66,50.8,33.7,2,22.1,4.3,41.2,113,403.4,59.5,19,3,5.0,18.0,0.97,X-Ray Tube Anode
0.7,1633.0,4513.0,158,5.0,15.9,4,4.26,0.2,0.11,36.9,24.7,2,32.8,6.2,21.7,70,399.5,99.8,4,1,63.9,212.0,0.34,Coolant Loop Unit
4.9,9467.0,32278.0,179,50.2,56.9,8,4.77,0.6,0.23,38.6,30.5,2,28.8,5.0,32.8,103,397.5,88.8,7,2,33.9,120.0,0.66,X-Ray Tube Anode
4.4,8325.0,25021.0,88,37.1,55.3,8,4.77,0.33,0.14,40.7,28.1,2,26.5,6.1,32.7,94,396.9,81.1,7,0,52.8,179.0,0.5,Coolant Loop Unit
0.7,1684.0,5688.0,176,14.0,22.9,7,4.47,0.19,0.09,40.4,23.1,1,32.9,7.1,24.5,75,402.4,93.7,8,2,56.3,183.0,0.4,Coolant Loop Unit
1.9,4151.0,12342.0,33,19.3,40.6,3,4.39,0.3,0.25,36.9,25.7,2,31.3,6.8,28.1,77,404.2,89.7,2,1,63.2,218.0,0.36,Coolant Loop Unit
5.3,12818.0,33716.0,105,66.3,70.5,14,4.82,0.72,0.37,45.8,31.9,2,23.8,5.4,36.2,103,407.8,78.4,11,0,21.7,75.0,0.74,X-Ray Tube Anode
6.2,11735.0,33263.0,74,44.4,56.5,7,4.6,0.5,0.4,41.9,31.9,1,28.7,5.5,33.9,94,398.7,81.8,5,3,34.4,115.0,0.65,Coolant Loop Unit
5.1,11597.0,32264.0,82,50.4,50.9,11,4.78,0.55,0.47,42.8,29.4,0,27.3,6.0,32.1,90,402.9,77.9,7,4,28.1,94.0,0.72,X-Ray Tube Anode
6.6,12967.0,40743.0,19,62.3,59.4,11,5.15,0.61,0.51,45.7,27.2,0,25.7,5.6,36.8,103,389.7,83.0,10,1,28.0,90.0,0.68,X-Ray Tube Anode
7.3,14025.0,48911.0,71,51.6,64.3,11,4.78,0.44,0.46,48.1,30.9,0,27.2,6.8,33.1,100,386.1,78.9,11,2,23.8,87.0,0.77,X-Ray Tube Anode
0.6,1399.0,4052.0,57,13.6,26.7,3,4.27,0.32,0.1,38.1,23.8,1,33.2,6.4,25.0,78,396.5,99.3,3,1,64.9,224.0,0.34,Coolant Loop Unit
5.8,12933.0,32566.0,147,51.6,47.4,12,4.55,0.52,0.27,41.9,27.2,1,28.2,5.6,34.6,89,390.7,80.4,8,1,32.8,106.0,0.69,X-Ray Tube Anode
11.6,26963.0,88396.0,79,98.0,90.6,21,5.6,0.99,0.72,51.9,33.2,0,21.6,4.9,40.3,113,399.9,61.1,18,4,5.0,17.0,0.96,X-Ray Tube Anode
6.5,13045.0,44467.0,169,40.6,40.9,8,4.77,0.46,0.38,44.7,27.4,2,27.3,6.5,28.0,74,403.3,74.8,5,0,48.1,160.0,0.51,X-Ray Tube Anode
8.3,17525.0,69125.0,42,69.4,74.5,13,5.15,0.77,0.45,44.5,31.0,2,23.9,5.9,35.9,99,400.7,66.6,11,1,17.3,52.0,0.82,X-Ray Tube Anode
4.1,8515.0,28818.0,116,42.0,52.2,6,4.85,0.48,0.3,43.4,27.4,1,29.6,5.3,30.2,87,395.9,85.1,3,0,51.7,184.0,0.51,Coolant Loop Unit
9.4,23398.0,75030.0,4,77.0,81.4,15,5.1,0.8,0.83,51.2,33.4,1,25.3,5.7,40.0,108,393.2,62.1,13,4,5.0,15.0,0.95,X-Ray Tube Anode
9.4,18820.0,63238.0,4,76.9,79.5,17,5.14,0.66,0.67,51.8,30.8,1,24.2,5.9,41.6,114,405.7,63.9,17,5,5.0,13.0,0.92,X-Ray Tube Anode
6.5,13031.0,50715.0,5,59.3,53.7,11,5.13,0.59,0.42,46.7,30.3,0,29.7,6.5,36.1,93,408.7,78.6,6,0,35.9,116.0,0.62,X-Ray Tube Anode
11.7,24013.0,89871.0,41,85.8,77.7,19,5.26,0.91,0.75,53.7,29.3,0,24.0,5.4,39.0,110,400.1,59.2,21,4,5.0,16.0,0.95,X-Ray Tube Anode
1.9,4267.0,12735.0,108,12.0,33.9,3,4.43,0.24,0.11,39.6,26.4,1,31.0,6.2,28.3,86,393.9,96.4,6,0,65.5,212.0,0.37,Coolant Loop Unit
0.7,1374.0,3923.0,87,10.1,25.4,3,4.45,0.14,0.2,40.9,23.2,0,31.6,6.6,25.8,74,406.0,95.7,2,2,66.9,227.0,0.32,Coolant Loop Unit
9.4,22837.0,66090.0,104,98.0,98.0,22,5.47,0.9,0.53,50.3,32.5,0,22.2,4.1,45.0,118,390.0,71.6,19,3,5.0,23.0,0.93,X-Ray Tube Anode
9.8,19427.0,63268.0,117,90.5,88.1,20,5.27,0.92,0.64,42.3,31.8,2,23.2,4.3,45.2,123,391.5,62.8,18,8,5.0,22.0,0.95,X-Ray Tube Anode
1.9,4569.0,16521.0,101,13.6,19.8,4,4.36,0.08,0.21,42.2,26.7,1,31.8,6.9,22.7,64,405.2,95.2,2,1,67.1,231.0,0.34,Coolant Loop Unit
3.6,6655.0,21661.0,75,20.1,41.7,2,4.56,0.22,0.17,44.6,29.0,4,29.4,6.8,30.8,88,387.2,87.1,2,1,60.0,216.0,0.41,Detector Array
0.7,1586.0,4126.0,75,19.6,25.7,3,4.55,0.36,0.08,34.8,26.4,0,31.4,6.5,24.2,76,389.8,99.9,4,2,59.4,203.0,0.37,Coolant Loop Unit
3.9,9430.0,33812.0,13,31.7,35.0,4,4.76,0.46,0.21,37.4,26.2,2,27.2,6.9,24.5,69,409.7,83.3,7,0,55.8,185.0,0.45,Coolant Loop Unit
9.4,18013.0,66811.0,142,76.1,78.0,15,5.2,0.81,0.44,48.6,31.6,2,23.5,4.8,37.5,103,386.9,68.8,13,4,5.0,21.0,0.96,X-Ray Tube Anode
6.5,15998.0,46943.0,25,81.5,84.3,16,5.27,0.85,0.35,39.9,34.0,1,22.8,5.8,37.0,100,397.4,77.9,11,4,10.2,35.0,0.89,X-Ray Tube Anode
4.5,9533.0,33330.0,115,44.2,51.6,11,4.66,0.4,0.37,41.0,29.2,0,27.3,6.5,34.0,95,414.0,80.7,7,0,42.6,145.0,0.6,X-Ray Tube Anode
4.8,11756.0,36913.0,172,53.3,53.1,11,4.75,0.54,0.46,45.6,28.4,1,24.5,5.6,35.2,103,404.8,89.1,7,2,24.3,84.0,0.77,X-Ray Tube Anode
0.5,1172.0,4494.0,82,14.9,27.5,3,4.5,0.22,0.01,32.8,27.5,2,31.9,7.0,23.4,81,391.8,96.9,1,1,73.5,248.0,0.25,Coolant Loop Unit
3.9,7939.0,29914.0,10,36.0,42.0,7,4.55,0.39,0.41,46.6,28.3,2,26.4,7.1,26.3,79,402.8,87.8,5,1,41.9,152.0,0.59,X-Ray Tube Anode
7.9,15328.0,50399.0,50,67.6,63.9,12,5.01,0.69,0.46,42.7,30.0,1,24.6,6.0,33.4,96,403.4,73.1,7,2,24.0,73.0,0.72,X-Ray Tube Anode
11.7,23554.0,83317.0,172,91.5,78.9,18,5.5,0.99,0.7,51.5,30.8,0,23.4,4.1,41.0,111,391.2,54.4,17,3,5.0,21.0,0.94,X-Ray Tube Anode
10.2,19101.0,73062.0,142,85.7,82.2,17,5.41,0.84,0.44,45.6,31.0,0,26.9,4.8,38.8,113,404.2,66.2,11,3,5.0,18.0,0.94,X-Ray Tube Anode
0.8,1466.0,4755.0,15,9.2,34.4,0,4.36,0.17,0.19,44.3,25.6,3,31.5,7.1,27.6,84,410.6,92.8,1,1,61.8,212.0,0.4,Coolant Loop Unit
10.8,20294.0,60270.0,16,69.4,64.7,15,4.99,0.76,0.61,51.9,30.4,2,26.0,6.3,34.2,97,412.6,59.9,17,2,5.0,15.0,0.98,X-Ray Tube Anode
9.5,19927.0,72344.0,2,81.7,70.9,20,5.16,0.76,0.67,48.2,31.8,0,21.7,5.8,39.1,107,403.6,66.8,18,6,5.0,25.0,0.94,X-Ray Tube Anode
9.5,22330.0,63196.0,158,72.0,77.1,14,5.19,0.71,0.74,47.6,29.1,0,24.3,4.7,41.0,111,406.5,66.1,14,1,9.0,35.0,0.94,X-Ray Tube Anode
5.8,10951.0,33761.0,30,49.5,59.5,11,4.79,0.51,0.45,47.4,26.2,0,27.1,6.0,31.7,95,392.8,80.8,8,1,30.7,101.0,0.72,X-Ray Tube Anode
5.1,9602.0,36474.0,82,36.5,54.2,7,4.55,0.43,0.25,38.6,27.1,2,28.2,6.3,29.7,82,413.8,74.3,7,1,40.1,142.0,0.57,Coolant Loop Unit
4.0,8965.0,32153.0,31,51.1,49.1,10,5.0,0.54,0.27,40.0,27.3,0,29.3,6.6,31.1,88,393.0,80.9,11,2,35.4,122.0,0.67,X-Ray Tube Anode
1.3,2433.0,7557.0,77,13.6,22.4,1,4.39,0.21,0.07,33.3,26.5,1,30.1,7.2,23.0,73,394.6,96.7,2,0,73.4,247.0,0.25,Coolant Loop Unit
3.1,5838.0,16475.0,148,30.7,42.4,4,4.48,0.34,0.28,43.1,26.7,3,30.5,5.7,32.4,91,396.6,87.6,4,2,46.9,151.0,0.53,Coolant Loop Unit
3.3,6394.0,19400.0,177,17.2,34.3,3,4.48,0.2,0.25,38.5,26.5,0,29.5,6.2,28.2,76,395.8,88.5,3,0,64.9,225.0,0.4,Coolant Loop Unit
6.1,14843.0,43434.0,114,64.8,65.0,14,5.12,0.71,0.53,46.6,30.4,0,25.3,5.6,34.7,99,390.7,79.1,15,1,17.7,57.0,0.83,X-Ray Tube Anode
9.1,21602.0,59712.0,35,81.3,78.9,18,5.02,0.81,0.72,50.7,29.9,0,20.9,5.3,42.7,117,397.7,64.3,14,4,5.0,20.0,0.94,X-Ray Tube Anode
5.9,12182.0,44039.0,23,57.5,53.8,11,4.86,0.65,0.24,40.8,30.6,1,26.1,6.2,31.4,91,412.2,74.4,8,0,38.6,139.0,0.62,X-Ray Tube Anode
1.2,2632.0,7576.0,106,5.0,23.1,2,4.22,0.09,0.23,42.0,23.8,1,32.4,7.2,20.9,59,395.0,97.4,4,1,67.3,225.0,0.3,Coolant Loop Unit
11.5,25057.0,79712.0,97,98.0,91.8,20,5.44,0.95,0.79,51.7,35.4,2,21.3,3.8,43.7,111,395.3,56.7,19,4,5.0,24.0,0.97,X-Ray Tube Anode
11.3,25790.0,79402.0,115,93.9,84.4,21,5.42,0.93,0.71,48.4,31.9,0,25.9,5.4,39.1,108,411.3,60.1,16,3,5.0,11.0,0.94,X-Ray Tube Anode
9.5,21707.0,86246.0,100,87.8,85.1,18,5.17,0.88,0.66,43.9,31.7,2,23.4,4.6,43.6,118,384.1,65.5,15,3,5.0,24.0,0.9,X-Ray Tube Anode
11.9,26658.0,82283.0,55,98.0,87.6,20,5.15,1.02,0.75,51.8,30.8,2,18.8,5.5,39.2,103,406.5,54.1,17,3,5.0,26.0,0.94,X-Ray Tube Anode
6.8,13430.0,35187.0,8,59.5,58.3,11,5.07,0.61,0.46,44.6,29.3,2,24.6,6.7,34.6,97,398.3,74.0,9,0,33.8,119.0,0.65,X-Ray Tube Anode
11.6,21145.0,55712.0,168,84.3,75.1,17,5.04,0.9,0.58,45.7,34.4,1,22.9,4.5,38.7,110,403.9,61.7,15,4,5.0,19.0,0.96,X-Ray Tube Anode
1.4,2902.0,9826.0,59,5.0,21.7,5,4.3,0.16,0.17,38.8,25.2,1,31.9,7.4,19.8,63,402.4,95.0,6,2,63.9,222.0,0.34,Coolant Loop Unit
4.7,11404.0,38763.0,128,41.3,39.4,8,4.68,0.47,0.36,45.5,27.1,1,27.3,6.2,29.5,86,411.1,81.7,7,3,35.9,120.0,0.65,X-Ray Tube Anode
3.1,6798.0,21265.0,32,31.0,45.1,6,4.6,0.33,0.2,42.7,26.4,2,28.1,7.1,31.6,90,390.9,89.6,4,2,50.1,164.0,0.49,Coolant Loop Unit
2.8,6557.0,20641.0,93,22.1,42.4,4,4.71,0.34,0.24,35.7,28.0,1,31.9,6.1,29.8,89,389.3,93.7,3,2,51.8,172.0,0.48,Coolant Loop Unit
2.1,5286.0,13642.0,7,32.6,39.9,9,5.05,0.35,0.41,42.9,27.0,0,30.8,7.4,27.2,76,402.9,91.7,7,1,45.0,164.0,0.57,X-Ray Tube Anode
7.7,14661.0,48012.0,2,59.2,52.4,10,4.67,0.63,0.39,46.4,28.2,1,28.5,6.0,35.8,100,391.0,78.8,10,0,33.8,109.0,0.68,X-Ray Tube Anode
9.5,21667.0,70570.0,85,95.3,96.4,19,5.49,0.95,0.61,53.2,34.3,1,21.1,4.9,46.6,123,406.5,67.0,17,8,5.0,22.0,0.98,X-Ray Tube Anode
7.2,16246.0,44259.0,134,66.6,61.9,12,4.98,0.69,0.43,42.0,26.7,1,27.7,5.4,36.6,96,403.5,73.3,8,1,24.7,83.0,0.74,X-Ray Tube Anode
2.2,5444.0,14459.0,106,19.6,26.2,2,4.59,0.26,0.15,42.4,25.0,1,27.1,7.0,20.6,63,402.7,92.7,4,1,61.1,206.0,0.39,Coolant Loop Unit
9.8,24471.0,65713.0,36,94.1,83.3,21,5.47,0.91,0.77,47.8,30.2,1,22.8,5.8,38.7,108,394.6,71.6,16,4,5.0,25.0,0.96,X-Ray Tube Anode
7.8,17820.0,47251.0,160,63.2,69.0,11,5.17,0.59,0.58,51.3,30.3,2,25.0,5.5,36.3,102,399.7,76.0,10,1,17.3,59.0,0.85,X-Ray Tube Anode
5.0,9782.0,33400.0,45,47.9,49.4,10,4.82,0.6,0.31,41.0,26.8,0,27.7,6.6,31.7,92,398.1,77.6,9,1,40.8,143.0,0.59,X-Ray Tube Anode
8.3,19468.0,54406.0,42,74.4,73.6,14,4.96,0.75,0.65,54.0,29.8,0,25.3,5.4,39.8,106,413.6,65.8,14,1,10.0,46.0,0.87,X-Ray Tube Anode
3.5,6541.0,18821.0,53,30.3,39.6,6,4.7,0.37,0.29,39.9,24.7,3,29.9,7.5,25.3,72,397.8,86.2,5,0,56.1,190.0,0.46,X-Ray Tube Anode
4.5,10488.0,28951.0,110,37.7,38.8,6,4.67,0.43,0.32,41.0,28.3,0,26.8,6.5,29.4,89,394.7,90.2,5,2,49.8,172.0,0.53,Coolant Loop Unit
11.1,26933.0,106029.0,9,98.0,85.2,24,5.34,1.04,0.65,48.8,31.2,5,21.7,6.0,37.9,108,408.2,61.0,20,4,5.0,21.0,0.96,X-Ray Tube Anode
3.8,7943.0,30039.0,87,36.2,49.8,6,4.56,0.52,0.33,37.6,27.0,0,29.8,6.0,32.9,98,392.4,83.6,4,1,51.3,173.0,0.47,Coolant Loop Unit
5.9,13235.0,37665.0,114,47.0,55.1,12,4.91,0.53,0.42,38.9,30.9,0,27.5,5.6,31.0,86,414.6,84.7,11,2,33.5,116.0,0.71,X-Ray Tube Anode
10.7,22559.0,67481.0,75,87.0,73.3,16,5.48,0.88,0.65,50.9,31.7,1,25.9,5.6,40.2,112,387.3,64.6,16,5,5.0,23.0,0.95,X-Ray Tube Anode
8.6,18197.0,51222.0,177,62.8,57.2,12,4.77,0.61,0.5,48.9,25.8,2,27.7,5.4,34.4,96,414.3,68.0,8,0,26.5,94.0,0.72,X-Ray Tube Anode
1.2,2452.0,7938.0,130,5.9,26.9,1,4.36,0.08,0.17,40.7,27.3,0,33.6,6.7,24.3,72,400.1,93.1,1,1,72.7,248.0,0.29,Coolant Loop Unit
2.2,5120.0,12950.0,11,20.7,40.7,4,4.39,0.2,0.21,36.0,29.4,1,27.4,6.7,29.1,82,396.7,94.5,3,1,60.9,193.0,0.42,Coolant Loop Unit
0.6,1449.0,5082.0,50,5.0,20.5,1,4.04,0.11,0.07,38.0,26.8,1,32.4,8.0,20.8,62,414.0,94.2,1,1,74.7,247.0,0.22,Coolant Loop Unit
7.8,19067.0,62631.0,163,82.8,79.9,17,5.22,0.74,0.46,42.2,32.6,0,24.7,4.1,40.9,118,397.9,70.5,12,3,6.5,31.0,0.95,X-Ray Tube Anode
5.6,10858.0,41781.0,122,44.6,44.6,8,4.61,0.56,0.42,45.6,25.7,3,29.4,6.2,28.0,90,391.7,79.8,7,3,28.3,91.0,0.74,X-Ray Tube Anode
2.0,4931.0,13544.0,143,44.4,47.3,7,4.5,0.52,0.23,43.5,27.6,5,26.4,5.8,31.6,86,399.5,90.5,5,2,40.0,142.0,0.6,Detector Array
11.5,26674.0,98858.0,75,98.0,79.0,21,5.26,0.97,0.78,53.3,29.3,2,23.8,6.4,37.9,113,405.0,56.1,19,3,5.0,11.0,0.95,X-Ray Tube Anode
6.6,13030.0,48056.0,31,38.2,52.1,10,4.5,0.5,0.18,43.5,27.0,1,28.3,6.4,31.2,86,399.4,77.2,6,1,44.9,148.0,0.55,X-Ray Tube Anode
3.3,6062.0,16311.0,92,22.5,33.8,8,4.37,0.25,0.21,39.1,24.4,3,31.7,6.2,27.2,81,397.7,88.1,4,0,55.9,193.0,0.47,Coolant Loop Unit
6.3,12436.0,38526.0,156,48.7,60.4,9,4.59,0.5,0.36,42.3,28.3,0,27.5,5.5,32.8,94,397.5,77.9,8,1,35.0,127.0,0.63,X-Ray Tube Anode
8.3,20278.0,55871.0,153,76.2,77.5,17,5.06,0.69,0.54,47.1,31.5,1,23.6,4.5,44.0,116,404.7,64.0,16,3,5.0,20.0,0.94,X-Ray Tube Anode
1.4,3088.0,8901.0,92,12.9,35.6,3,4.25,0.26,0.19,35.2,25.6,2,34.7,7.0,26.5,82,390.7,97.6,2,0,70.3,241.0,0.34,Coolant Loop Unit
3.7,8433.0,24413.0,153,28.6,35.7,7,4.6,0.32,0.33,41.1,25.6,1,28.9,6.4,29.7,89,403.6,80.6,9,2,42.8,139.0,0.56,Coolant Loop Unit
9.8,19365.0,64569.0,75,80.1,69.8,18,5.25,0.82,0.6,47.3,29.9,0,25.0,5.9,34.2,93,412.2,65.8,17,3,5.0,6.0,0.92,X-Ray Tube Anode
5.8,13329.0,41547.0,92,38.0,56.1,7,4.7,0.49,0.49,44.9,31.0,1,28.5,5.6,28.9,88,411.3,85.7,6,1,41.7,140.0,0.58,Coolant Loop Unit
6.8,12348.0,48423.0,129,58.5,65.3,10,4.87,0.7,0.3,42.3,33.1,0,25.0,5.7,36.2,101,411.8,78.0,7,1,34.2,117.0,0.68,X-Ray Tube Anode
5.5,11298.0,30388.0,42,32.6,49.5,6,4.55,0.39,0.31,37.5,27.3,0,30.9,7.5,32.0,94,393.1,79.0,4,1,55.0,187.0,0.45,Coolant Loop Unit
1.0,2250.0,8910.0,110,6.9,15.1,2,4.16,0.18,0.12,34.1,24.3,1,33.4,6.9,24.3,73,413.4,94.0,1,1,73.1,260.0,0.26,Coolant Loop Unit
2.4,4577.0,13026.0,162,12.4,25.8,2,4.23,0.17,0.12,41.1,23.8,1,29.3,6.2,27.1,78,398.8,90.3,3,1,66.9,220.0,0.34,Coolant Loop Unit
5.6,13363.0,48898.0,18,55.9,64.0,13,4.98,0.69,0.46,39.2,30.8,0,27.2,6.2,34.3,100,403.3,82.8,8,1,34.8,117.0,0.7,X-Ray Tube Anode
2.9,5708.0,17173.0,77,21.4,26.5,4,4.19,0.28,0.16,40.4,24.5,0,33.6,6.9,25.9,81,400.1,90.7,7,0,65.7,232.0,0.34,Coolant Loop Unit
1.1,2425.0,6584.0,133,11.7,29.5,1,4.33,0.21,0.22,38.7,24.5,2,30.6,6.5,24.6,72,394.9,95.4,1,1,68.1,235.0,0.36,Coolant Loop Unit
10.2,21257.0,80498.0,20,93.9,84.3,21,5.28,0.92,0.54,47.4,35.1,3,19.9,5.6,39.2,111,401.3,66.4,17,3,5.0,12.0,0.96,X-Ray Tube Anode
11.8,26127.0,77423.0,127,98.0,79.0,20,5.47,1.04,0.92,59.9,29.4,0,22.9,4.9,40.3,110,406.3,53.9,17,3,5.0,6.0,0.93,X-Ray Tube Anode
9.6,18042.0,62935.0,75,72.5,65.4,17,4.86,0.76,0.69,49.9,26.2,1,26.3,5.4,36.4,104,404.6,63.6,16,1,5.0,15.0,0.98,X-Ray Tube Anode
10.3,18696.0,62624.0,62,78.5,70.6,16,5.14,0.84,0.54,48.8,31.6,1,24.3,6.2,35.4,102,403.2,61.4,15,5,5.0,12.0,0.94,X-Ray Tube Anode
3.3,7999.0,25658.0,32,47.7,45.6,11,4.82,0.55,0.36,43.0,26.9,0,29.7,6.9,29.8,88,393.5,90.9,8,0,43.1,144.0,0.54,X-Ray Tube Anode
11.5,22964.0,74490.0,178,98.0,91.2,24,5.09,0.97,0.63,48.5,32.0,1,21.5,4.5,45.6,130,398.8,59.4,19,8,5.0,28.0,0.96,X-Ray Tube Anode
2.8,6563.0,23615.0,166,23.9,31.6,5,4.33,0.36,0.31,41.0,29.9,1,29.9,6.3,24.8,80,402.1,96.8,8,0,54.7,181.0,0.44,Coolant Loop Unit
11.4,28598.0,75261.0,28,98.0,84.2,19,5.36,1.0,0.8,54.7,33.2,4,23.4,4.5,42.9,118,387.2,61.5,18,4,5.0,14.0,0.98,X-Ray Tube Anode
11.9,23260.0,81463.0,74,96.2,95.3,22,5.43,0.92,0.57,45.3,33.3,0,22.5,5.2,40.9,104,404.8,55.1,17,5,5.0,22.0,0.96,X-Ray Tube Anode
8.7,17245.0,66284.0,81,61.3,62.2,11,4.96,0.6,0.23,36.6,28.4,0,25.6,6.2,31.0,88,403.4,71.5,7,3,30.3,104.0,0.69,X-Ray Tube Anode
11.8,26677.0,69005.0,22,98.0,86.4,22,5.46,0.99,0.74,51.5,33.0,0,20.5,5.6,41.6,108,411.5,55.7,17,3,5.0,24.0,0.97,X-Ray Tube Anode
7.0,17454.0,47317.0,171,58.0,65.1,12,4.73,0.67,0.54,47.4,27.2,1,24.9,5.9,35.3,98,396.5,73.1,14,1,18.6,67.0,0.81,X-Ray Tube Anode
3.5,8506.0,30410.0,164,15.7,39.2,2,4.15,0.32,0.38,38.0,25.9,3,28.8,6.3,28.7,85,399.5,86.6,3,0,60.4,202.0,0.4,Coolant Loop Unit
5.5,11891.0,37527.0,96,40.0,38.5,10,4.69,0.37,0.37,43.1,26.6,2,26.4,6.9,27.9,78,400.0,80.7,7,1,41.9,145.0,0.53,X-Ray Tube Anode
7.3,17264.0,53611.0,122,70.0,68.0,15,4.86,0.73,0.59,44.3,30.5,2,27.5,4.6,39.3,105,405.5,74.0,15,2,5.0,18.0,0.93,X-Ray Tube Anode
1.3,2540.0,6872.0,123,11.2,30.0,2,4.2,0.22,0.08,38.7,25.4,2,31.2,7.1,26.5,81,396.5,95.0,5,1,66.4,217.0,0.34,Coolant Loop Unit
7.7,19021.0,62013.0,52,64.8,61.7,12,5.12,0.7,0.53,41.3,28.4,0,29.4,6.4,35.0,100,410.0,69.3,14,3,13.3,56.0,0.84,X-Ray Tube Anode
11.8,29165.0,78448.0,164,97.6,93.8,23,5.4,1.03,0.91,60.8,34.6,1,22.4,3.6,47.6,129,398.2,57.7,21,8,5.0,12.0,0.94,X-Ray Tube Anode
2.7,5143.0,16535.0,156,32.3,52.1,4,4.5,0.42,0.01,34.2,25.8,2,27.4,5.7,34.2,98,401.8,90.5,2,0,65.6,223.0,0.36,Coolant Loop Unit
9.6,19322.0,70437.0,78,78.1,83.5,16,5.03,0.75,0.57,44.9,31.6,0,24.0,4.5,41.7,113,394.3,67.9,13,3,5.0,15.0,0.96,X-Ray Tube Anode
10.9,20461.0,59078.0,164,94.3,81.3,19,5.42,0.9,0.56,46.6,31.0,2,24.1,4.8,42.6,118,390.8,59.3,18,4,5.0,18.0,0.97,X-Ray Tube Anode
11.4,22594.0,72779.0,70,98.0,83.1,20,5.41,1.0,0.76,53.4,33.5,0,22.6,5.3,39.9,111,399.1,52.0,20,3,5.0,18.0,0.95,X-Ray Tube Anode
11.5,27367.0,109140.0,137,98.0,97.7,22,5.19,1.03,0.74,53.9,33.0,3,21.6,4.0,44.9,126,393.2,62.0,19,3,5.0,20.0,0.94,X-Ray Tube Anode
6.5,13415.0,47354.0,21,54.1,57.1,12,4.56,0.59,0.45,44.1,29.5,1,28.2,6.8,35.1,95,391.8,78.0,7,2,29.7,99.0,0.73,X-Ray Tube Anode
11.7,21857.0,82226.0,64,84.2,73.1,16,5.49,0.78,0.71,46.2,31.3,2,22.3,5.3,37.5,104,399.7,53.9,16,3,5.0,22.0,0.95,X-Ray Tube Anode
9.2,18782.0,58644.0,76,80.9,80.8,17,4.99,0.78,0.43,40.9,28.9,0,25.1,5.3,40.7,116,389.3,62.3,10,3,7.0,20.0,0.91,X-Ray Tube Anode
2.4,5867.0,21426.0,61,22.2,31.2,2,4.55,0.33,0.2,40.2,25.6,2,31.7,7.4,26.1,78,397.4,92.7,3,1,60.6,203.0,0.43,Coolant Loop Unit
6.0,13410.0,34339.0,95,48.9,49.6,9,5.01,0.52,0.37,46.2,25.3,1,27.9,6.0,31.7,89,400.2,77.1,7,1,38.0,121.0,0.62,X-Ray Tube Anode
8.8,18322.0,49182.0,40,56.5,67.1,11,4.9,0.61,0.61,51.9,30.6,2,27.0,5.6,39.7,104,408.6,64.1,11,3,14.9,52.0,0.87,X-Ray Tube Anode
3.3,6410.0,17977.0,4,25.0,30.7,6,4.41,0.38,0.27,41.6,24.6,2,30.4,7.9,24.5,78,398.9,84.1,7,0,56.2,199.0,0.44,X-Ray Tube Anode
7.9,19592.0,60791.0,31,87.1,72.3,17,5.03,0.82,0.55,50.1,32.5,0,23.6,6.0,40.6,113,403.1,71.0,16,3,5.0,16.0,0.97,X-Ray Tube Anode
8.2,19391.0,73076.0,155,87.6,76.7,17,5.04,0.87,0.48,51.4,30.9,0,24.3,5.6,36.5,105,389.8,68.1,12,4,5.0,26.0,0.96,X-Ray Tube Anode
2.4,4735.0,14297.0,153,19.4,35.7,4,4.49,0.25,0.26,44.3,25.1,2,30.5,6.3,27.5,81,390.0,89.2,3,2,55.7,184.0,0.44,Coolant Loop Unit
7.0,12941.0,45058.0,69,44.7,43.7,6,4.95,0.52,0.39,46.3,29.0,1,29.8,6.8,28.6,80,406.9,74.7,5,2,38.1,123.0,0.61,X-Ray Tube Anode
9.4,17244.0,61458.0,70,76.2,72.8,15,5.06,0.82,0.38,40.9,29.4,1,25.5,5.7,39.0,113,394.4,69.3,10,3,10.4,42.0,0.91,X-Ray Tube Anode
6.2,11753.0,39716.0,5,46.9,55.4,12,4.68,0.45,0.24,43.2,30.0,1,28.1,6.9,29.2,84,392.1,78.9,8,1,37.1,125.0,0.63,X-Ray Tube Anode
0.6,1410.0,4282.0,115,5.0,30.5,2,4.36,0.14,0.12,39.1,26.4,2,33.4,6.8,26.6,78,391.9,97.4,3,0,72.5,242.0,0.27,Coolant Loop Unit
0.6,1480.0,4980.0,91,5.0,18.1,3,4.16,0.19,0.01,37.2,23.6,1,33.4,7.4,23.9,72,397.3,100.0,1,2,77.2,264.0,0.22,Coolant Loop Unit
4.6,9892.0,29809.0,8,56.4,65.8,12,4.92,0.51,0.46,49.0,27.9,3,25.7,5.9,34.9,96,405.1,80.1,9,4,13.2,47.0,0.86,X-Ray Tube Anode
11.2,26652.0,69983.0,9,98.0,83.3,22,5.38,0.98,0.69,51.2,33.9,0,23.1,5.4,39.2,105,382.5,59.8,20,4,5.0,22.0,0.92,X-Ray Tube Anode
3.1,6610.0,26371.0,15,33.2,46.8,6,4.54,0.34,0.23,39.7,28.4,1,29.2,7.1,28.3,82,421.0,86.2,3,0,55.5,187.0,0.46,X-Ray Tube Anode
7.8,17898.0,48159.0,105,64.7,63.9,14,4.97,0.65,0.54,43.7,28.5,3,25.2,5.6,36.3,106,400.5,71.3,14,1,14.6,43.0,0.84,X-Ray Tube Anode
3.1,7062.0,18420.0,7,28.9,32.5,5,4.81,0.23,0.18,38.1,26.3,2,31.5,7.1,22.9,66,393.0,88.2,4,0,57.6,194.0,0.43,Coolant Loop Unit
4.2,8070.0,30809.0,72,31.6,46.4,6,4.67,0.45,0.09,37.5,29.1,2,27.2,6.5,27.5,71,398.7,82.4,3,0,58.3,198.0,0.42,Coolant Loop Unit
10.3,21047.0,62146.0,115,90.4,77.7,20,5.45,0.9,0.63,49.6,31.5,0,22.5,5.7,38.9,112,392.2,62.0,18,4,5.0,23.0,0.95,X-Ray Tube Anode
8.9,19950.0,69334.0,15,90.7,77.0,17,5.15,0.88,0.52,47.2,31.6,2,22.6,6.0,39.4,102,401.4,69.9,15,3,5.0,9.0,0.95,X-Ray Tube Anode
1.6,2954.0,8842.0,165,5.0,20.7,0,4.42,0.16,0.14,40.9,26.0,0,29.9,6.6,24.1,71,393.5,93.1,2,1,79.7,269.0,0.21,Coolant Loop Unit
5.4,11148.0,34417.0,83,36.0,48.3,8,4.73,0.37,0.34,45.0,30.1,1,28.1,6.4,31.8,89,401.1,71.3,5,3,40.8,140.0,0.57,Coolant Loop Unit
0.8,1817.0,5256.0,39,12.4,23.4,2,4.12,0.16,0.12,37.4,24.6,0,30.6,7.2,21.6,65,396.1,98.2,3,3,66.5,234.0,0.33,Coolant Loop Unit
6.0,15060.0,45398.0,134,56.2,53.0,11,4.96,0.68,0.58,45.1,26.4,1,27.9,5.7,29.1,80,404.7,79.5,14,0,26.7,87.0,0.73,X-Ray Tube Anode
8.1,17309.0,53936.0,57,75.8,63.2,15,5.03,0.87,0.47,46.4,27.6,0,28.2,5.2,37.4,105,413.8,66.8,10,3,14.8,46.0,0.83,X-Ray Tube Anode
1.9,4417.0,15816.0,92,14.7,29.7,5,4.14,0.2,0.13,44.6,24.5,2,31.4,6.4,23.5,73,394.3,97.0,5,3,53.4,185.0,0.45,Coolant Loop Unit
3.8,8036.0,26256.0,81,22.2,34.1,4,4.49,0.35,0.13,38.8,24.7,0,31.5,6.7,27.8,83,399.6,84.9,5,3,57.4,184.0,0.41,Coolant Loop Unit
5.1,11964.0,46845.0,147,33.8,38.3,5,4.69,0.42,0.35,41.9,24.1,0,30.0,5.6,25.4,70,405.3,84.3,4,0,53.9,180.0,0.46,Coolant Loop Unit
11.1,24550.0,62917.0,127,98.0,79.7,20,5.4,0.91,0.74,52.8,34.3,0,21.4,4.9,41.4,114,409.8,60.4,18,5,5.0,20.0,0.93,X-Ray Tube Anode
11.9,28860.0,93927.0,159,98.0,87.2,19,5.36,0.94,0.78,54.0,33.3,0,23.3,4.3,42.5,124,403.0,55.8,17,4,5.0,19.0,0.97,X-Ray Tube Anode
1.0,2122.0,7165.0,75,16.2,37.1,1,4.35,0.32,0.14,39.8,25.7,2,29.6,7.2,29.2,86,394.0,96.6,1,1,66.9,228.0,0.32,Coolant Loop Unit
9.3,20566.0,79804.0,79,84.9,83.7,16,5.59,0.79,0.58,52.0,32.0,0,25.1,6.0,41.5,110,390.4,65.1,15,3,5.0,9.0,0.95,X-Ray Tube Anode
4.8,10700.0,27540.0,10,12.7,36.1,2,4.18,0.33,0.23,41.2,23.7,2,30.7,7.2,26.1,79,402.2,81.8,1,0,67.7,224.0,0.34,Coolant Loop Unit
5.0,10489.0,35244.0,107,46.0,42.4,7,4.88,0.49,0.35,46.8,28.8,1,29.7,6.4,28.1,81,405.4,76.7,9,2,37.7,135.0,0.59,X-Ray Tube Anode
9.2,17440.0,65931.0,87,58.1,70.0,11,4.9,0.7,0.5,46.7,27.5,1,26.6,6.0,37.1,111,404.2,66.0,9,3,19.8,67.0,0.83,X-Ray Tube Anode
11.1,20636.0,59078.0,67,67.6,64.1,12,4.88,0.69,0.61,53.0,30.5,1,24.2,5.9,34.1,89,405.2,56.6,13,2,13.7,45.0,0.85,X-Ray Tube Anode
11.4,20718.0,79026.0,62,67.0,76.7,13,5.0,0.74,0.56,50.9,28.4,2,26.3,5.7,31.9,91,389.8,59.0,14,1,9.8,29.0,0.93,X-Ray Tube Anode
7.1,17210.0,43518.0,131,52.2,51.6,12,4.62,0.64,0.46,47.8,27.6,0,25.2,5.2,32.1,86,395.4,75.5,8,1,31.8,108.0,0.69,X-Ray Tube Anode
4.6,9055.0,32586.0,146,38.5,46.3,6,4.57,0.52,0.3,44.1,29.4,1,26.5,6.0,28.9,86,398.7,83.0,4,1,46.5,156.0,0.5,Coolant Loop Unit
9.6,18617.0,72601.0,153,68.6,65.1,15,5.02,0.69,0.53,53.5,27.4,2,27.0,5.7,34.6,102,402.0,68.3,15,0,12.1,45.0,0.88,X-Ray Tube Anode
3.4,7841.0,27331.0,107,19.2,30.6,4,4.2,0.23,0.4,47.0,25.4,0,32.6,6.2,27.1,79,402.2,93.1,4,1,56.1,185.0,0.42,Coolant Loop Unit
7.0,14141.0,44666.0,148,56.8,66.6,13,4.96,0.61,0.49,43.3,30.9,0,25.3,4.5,39.7,109,402.7,74.2,10,0,25.4,91.0,0.78,X-Ray Tube Anode
4.6,9960.0,25572.0,93,31.0,46.6,8,4.43,0.31,0.36,43.6,28.3,1,30.9,6.8,33.6,89,384.3,83.0,4,0,50.4,180.0,0.5,Coolant Loop Unit
8.1,15408.0,59786.0,86,69.5,78.5,16,4.82,0.74,0.45,44.0,31.5,0,24.4,5.1,40.5,110,389.4,68.9,12,0,19.8,70.0,0.76,X-Ray Tube Anode
3.3,8069.0,25866.0,178,43.9,53.0,8,4.56,0.45,0.1,43.5,29.1,1,28.0,5.0,32.0,88,400.4,81.9,4,1,44.4,145.0,0.58,Coolant Loop Unit
2.7,6477.0,16475.0,121,24.2,36.2,6,4.82,0.37,0.16,42.2,25.4,0,30.7,6.4,29.6,85,401.2,89.9,4,2,54.2,188.0,0.47,Coolant Loop Unit
11.1,26595.0,94006.0,79,98.0,80.4,21,5.08,0.95,0.71,56.7,34.5,0,24.1,5.1,37.0,102,398.7,62.3,17,3,5.0,15.0,0.96,X-Ray Tube Anode
1.7,3483.0,11225.0,10,24.9,47.4,3,4.56,0.24,0.12,35.4,25.3,0,31.8,6.5,29.0,81,403.2,93.2,2,0,69.3,233.0,0.31,Coolant Loop Unit
6.3,14745.0,39613.0,149,59.7,62.8,12,4.8,0.71,0.44,48.0,31.3,1,25.5,4.6,35.6,94,405.3,74.4,9,2,23.0,79.0,0.74,X-Ray Tube Anode
3.0,5778.0,16302.0,29,37.0,49.9,7,4.59,0.44,0.26,36.6,28.3,0,32.2,7.4,26.2,76,391.1,85.5,5,0,57.9,196.0,0.45,X-Ray Tube Anode
0.9,1712.0,4444.0,96,5.0,21.6,4,4.35,0.15,0.12,32.8,25.5,0,31.9,7.7,23.2,69,386.2,91.9,3,3,70.1,236.0,0.29,High Voltage Power Supply
0.9,1658.0,5575.0,10,5.0,24.5,3,4.34,0.2,0.19,37.9,26.1,0,31.8,7.5,21.9,63,396.8,95.5,4,2,66.9,231.0,0.36,Coolant Loop Unit
2.5,5560.0,19087.0,13,9.8,35.7,0,4.22,0.23,0.17,43.3,27.1,0,31.6,8.3,26.1,77,405.3,87.2,1,1,76.0,259.0,0.24,Coolant Loop Unit
10.5,22179.0,72273.0,47,83.4,71.7,16,5.0,0.81,0.66,46.6,29.4,0,23.9,6.3,36.0,103,402.0,65.8,14,3,5.0,7.0,0.95,X-Ray Tube Anode
3.7,8107.0,30202.0,151,36.7,41.5,7,4.73,0.41,0.29,41.4,26.6,0,31.2,5.9,27.8,89,397.7,88.1,7,2,44.3,156.0,0.52,Coolant Loop Unit
11.4,20634.0,78235.0,50,73.3,64.3,16,5.16,0.7,0.62,52.2,27.5,0,25.7,6.9,32.2,93,409.8,62.1,13,2,9.8,39.0,0.89,X-Ray Tube Anode
7.2,15067.0,51579.0,132,54.9,64.2,12,4.82,0.52,0.55,49.7,29.3,1,27.8,4.5,36.4,103,417.0,77.7,13,1,17.6,63.0,0.85,X-Ray Tube Anode
5.5,12713.0,32026.0,116,40.9,39.8,8,4.76,0.5,0.45,51.6,27.3,1,24.4,6.2,30.2,81,405.8,78.5,4,0,44.8,156.0,0.57,X-Ray Tube Anode
7.2,15130.0,53603.0,113,55.3,50.3,10,4.8,0.62,0.35,42.7,29.0,2,27.1,6.7,32.3,94,412.6,76.4,7,2,28.5,96.0,0.73,X-Ray Tube Anode
6.4,14898.0,46585.0,85,70.3,65.2,13,4.92,0.77,0.44,43.3,30.4,0,24.7,5.6,36.3,105,388.0,75.7,8,1,23.4,74.0,0.78,X-Ray Tube Anode
9.2,18112.0,60644.0,53,75.3,73.0,15,5.1,0.84,0.53,43.4,28.1,0,25.6,6.2,38.2,107,401.0,66.0,13,3,9.8,34.0,0.9,X-Ray Tube Anode
3.7,8881.0,30851.0,130,30.9,39.8,7,4.65,0.42,0.46,44.0,25.9,1,28.0,5.8,29.3,90,395.8,85.3,8,2,38.1,137.0,0.61,Coolant Loop Unit
4.6,10086.0,30515.0,68,50.1,46.0,9,4.85,0.59,0.29,38.1,26.5,0,27.8,6.2,29.0,82,405.6,80.6,8,1,40.6,139.0,0.58,X-Ray Tube Anode
10.8,20998.0,81383.0,79,84.2,88.1,16,5.29,0.75,0.53,41.3,30.6,3,24.4,5.2,44.7,121,390.1,60.8,15,4,5.0,25.0,0.94,X-Ray Tube Anode
11.4,22378.0,60442.0,57,90.6,92.5,17,5.17,0.9,0.68,55.9,31.8,0,22.7,5.3,41.5,116,399.7,58.8,17,3,5.0,26.0,0.95,X-Ray Tube Anode
10.8,24108.0,84554.0,97,98.0,84.2,21,5.61,1.03,0.73,51.3,32.1,1,23.4,5.1,44.1,114,395.0,63.3,18,5,5.0,17.0,0.93,X-Ray Tube Anode
5.3,12675.0,31771.0,135,48.0,58.2,12,4.72,0.47,0.38,51.2,31.1,0,26.9,5.3,35.5,103,406.5,79.7,8,0,37.3,125.0,0.63,X-Ray Tube Anode
9.5,19810.0,77001.0,147,86.6,82.2,17,5.22,0.88,0.56,44.8,30.4,1,24.9,4.3,40.8,107,396.0,64.2,17,4,5.0,15.0,0.95,X-Ray Tube Anode
6.0,11841.0,31601.0,172,54.1,52.6,10,4.65,0.61,0.44,43.4,26.6,0,29.1,6.3,29.3,84,387.5,80.1,8,3,27.5,93.0,0.72,X-Ray Tube Anode
6.2,14975.0,39569.0,63,58.7,56.4,10,4.88,0.65,0.38,41.1,27.9,1,28.5,6.3,33.5,90,403.7,74.5,9,1,31.7,103.0,0.65,X-Ray Tube Anode
2.9,6474.0,19418.0,65,14.7,30.1,2,4.46,0.25,0.2,37.4,26.1,1,30.4,7.4,25.0,77,406.9,88.6,1,1,67.2,231.0,0.31,Coolant Loop Unit
7.3,15425.0,47207.0,39,61.8,61.6,11,5.06,0.69,0.42,46.9,31.2,1,25.1,6.6,36.2,97,392.9,75.4,7,4,23.5,85.0,0.76,X-Ray Tube Anode
2.6,5655.0,15955.0,109,31.7,38.0,6,4.81,0.39,0.29,43.0,26.4,2,31.9,6.2,26.2,66,405.4,92.2,6,1,47.4,152.0,0.48,Coolant Loop Unit
4.3,8380.0,28305.0,26,40.1,54.2,8,4.76,0.39,0.3,44.1,26.3,1,27.5,6.6,34.1,96,400.8,87.9,6,1,45.0,162.0,0.57,X-Ray Tube Anode
10.3,23133.0,73201.0,172,98.0,88.2,20,5.42,1.01,0.58,51.8,30.7,1,22.3,3.9,46.1,131,400.8,64.0,16,8,5.0,14.0,0.98,X-Ray Tube Anode
2.9,5910.0,15078.0,12,19.7,36.9,2,4.37,0.29,0.13,41.2,26.7,3,30.2,7.5,25.3,70,382.6,89.3,6,0,59.8,202.0,0.42,Detector Array
1.3,3292.0,9808.0,150,19.4,27.4,2,4.33,0.2,0.29,38.3,26.8,0,29.1,6.3,27.0,78,409.2,99.2,6,1,58.9,202.0,0.42,Coolant Loop Unit
1.3,2763.0,10267.0,77,5.0,24.2,4,4.41,0.21,0.21,38.1,27.6,0,31.5,7.7,26.1,82,402.8,92.0,3,2,64.6,215.0,0.33,Coolant Loop Unit
11.3,24224.0,85621.0,142,98.0,85.0,22,5.52,1.01,0.76,52.2,30.4,1,24.9,4.0,45.0,121,402.2,61.7,18,7,5.0,14.0,0.96,X-Ray Tube Anode
6.3,13900.0,49865.0,86,64.4,65.6,14,4.81,0.61,0.42,55.5,30.1,0,22.9,5.9,37.6,106,403.3,77.2,10,0,24.8,80.0,0.78,X-Ray Tube Anode
5.2,12717.0,45110.0,30,58.1,66.3,11,5.01,0.58,0.51,48.5,28.4,2,26.1,7.1,37.9,102,402.0,74.3,13,2,20.7,70.0,0.77,X-Ray Tube Anode
9.8,23193.0,68801.0,172,93.6,90.9,19,5.42,0.91,0.58,48.1,31.6,1,23.2,3.9,44.0,127,411.9,69.4,16,4,5.0,14.0,0.98,X-Ray Tube Anode
10.1,21395.0,56686.0,166,83.4,75.5,18,5.03,0.82,0.68,52.0,29.6,0,26.8,4.8,39.0,104,408.8,61.2,15,5,5.0,19.0,0.97,X-Ray Tube Anode
4.3,9950.0,28941.0,170,31.8,46.2,6,4.66,0.4,0.28,39.3,27.0,3,27.1,5.5,34.2,99,396.4,92.4,5,2,44.5,145.0,0.53,Coolant Loop Unit
8.5,18736.0,70218.0,52,73.1,80.0,15,4.92,0.71,0.53,47.4,30.3,1,26.4,5.9,34.4,93,421.9,69.8,14,0,11.6,42.0,0.86,X-Ray Tube Anode
9.4,20091.0,79775.0,63,69.9,71.4,15,4.67,0.79,0.64,52.0,34.3,2,23.9,4.9,37.4,108,406.2,63.4,16,1,5.0,11.0,0.94,X-Ray Tube Anode
8.0,15532.0,50336.0,120,59.4,54.5,12,4.89,0.69,0.45,44.9,27.9,0,27.1,5.3,31.7,88,415.6,73.3,8,0,36.5,129.0,0.63,X-Ray Tube Anode
2.2,4767.0,11986.0,105,5.0,27.1,0,4.3,0.18,0.14,35.9,26.7,0,33.4,6.4,25.5,72,401.8,90.0,3,2,71.0,245.0,0.28,Coolant Loop Unit
10.6,20850.0,56505.0,162,72.9,63.1,16,5.06,0.76,0.57,47.2,28.6,2,25.4,5.5,36.1,101,401.0,62.2,15,2,9.5,22.0,0.85,X-Ray Tube Anode
6.7,16350.0,48773.0,39,72.2,78.0,16,5.5,0.8,0.33,41.2,34.7,2,23.8,5.6,40.1,106,390.1,77.2,11,0,19.3,70.0,0.78,X-Ray Tube Anode
3.7,7627.0,25688.0,41,36.4,45.8,7,4.69,0.41,0.31,37.8,28.0,2,28.9,6.4,30.2,92,385.8,86.2,4,1,46.7,146.0,0.53,Coolant Loop Unit
5.4,13295.0,34736.0,121,50.9,53.3,12,4.83,0.52,0.32,40.4,29.7,0,27.3,5.9,32.7,91,400.2,80.2,10,2,33.2,107.0,0.67,X-Ray Tube Anode
0.9,2026.0,7930.0,108,8.6,17.2,0,4.37,0.24,0.25,36.4,23.2,0,30.7,7.1,24.1,72,397.3,94.2,1,0,79.9,277.0,0.22,Coolant Loop Unit
2.0,4418.0,13464.0,165,19.3,31.1,4,4.36,0.29,0.14,34.5,27.2,1,30.5,6.1,25.6,75,403.2,85.6,4,1,61.7,207.0,0.37,Coolant Loop Unit
9.3,20283.0,78472.0,65,84.8,87.4,18,5.36,0.83,0.7,46.9,33.0,0,24.0,5.0,41.2,107,394.5,67.6,14,4,5.0,25.0,0.95,X-Ray Tube Anode
0.5,946.0,3471.0,118,6.6,15.0,2,4.33,0.14,0.01,38.1,23.2,2,30.1,6.7,20.3,64,405.8,98.9,2,1,73.0,252.0,0.27,Coolant Loop Unit
5.3,10915.0,39655.0,79,33.0,42.6,7,4.64,0.36,0.4,48.3,25.5,3,31.0,7.1,28.6,81,407.2,86.7,8,2,34.7,116.0,0.64,X-Ray Tube Anode
6.5,12168.0,41493.0,160,29.1,49.0,4,4.46,0.46,0.45,40.4,27.5,1,30.8,6.2,27.8,80,413.9,78.7,3,0,51.5,172.0,0.5,Coolant Loop Unit
1.1,2523.0,8679.0,8,5.0,21.4,0,4.03,0.15,0.22,44.6,24.1,0,32.8,7.2,25.7,86,418.9,92.0,2,0,75.0,263.0,0.26,Coolant Loop Unit
11.7,24700.0,85387.0,97,97.6,86.9,19,5.3,0.99,0.59,44.5,33.7,0,20.1,4.8,43.5,127,406.0,52.0,17,4,5.0,15.0,0.98,X-Ray Tube Anode
3.1,7269.0,25029.0,18,36.8,47.3,7,4.68,0.47,0.19,41.4,27.3,0,27.9,7.0,27.8,84,416.2,81.2,5,0,56.3,182.0,0.46,X-Ray Tube Anode
4.0,7814.0,26025.0,173,33.1,42.5,5,4.53,0.34,0.3,42.5,24.2,3,26.6,5.3,32.7,95,403.5,85.2,5,0,47.6,157.0,0.49,Coolant Loop Unit
4.0,7652.0,30451.0,96,34.9,37.8,6,4.66,0.47,0.27,42.8,27.5,0,28.4,6.8,27.1,73,402.2,86.9,3,0,55.1,188.0,0.47,X-Ray Tube Anode
3.1,6566.0,23626.0,33,19.1,23.7,4,4.39,0.24,0.25,37.0,26.8,0,29.1,7.6,22.0,64,392.1,89.3,6,1,60.6,202.0,0.37,Coolant Loop Unit
0.5,1266.0,4640.0,5,5.0,25.7,5,4.32,0.24,0.05,30.8,22.6,3,32.7,8.0,24.2,72,400.7,98.2,4,0,69.5,248.0,0.33,Detector Array
8.9,20417.0,77763.0,127,82.2,86.0,19,5.04,0.82,0.72,48.4,35.0,6,24.4,5.6,37.6,104,397.4,72.1,16,4,5.0,14.0,0.94,X-Ray Tube Anode
11.6,24321.0,68669.0,74,91.2,76.0,20,5.32,0.97,0.91,56.2,33.2,2,22.0,4.8,38.5,110,392.4,59.5,17,3,5.0,14.0,0.96,X-Ray Tube Anode
3.1,6658.0,17482.0,126,18.1,26.9,3,4.32,0.14,0.24,46.1,24.3,1,31.9,7.2,25.3,76,387.6,85.4,2,3,52.2,173.0,0.5,Coolant Loop Unit
8.1,15104.0,48701.0,164,58.6,58.4,10,4.67,0.57,0.49,42.7,27.3,1,27.0,5.1,38.1,109,399.8,68.9,7,2,21.6,78.0,0.79,X-Ray Tube Anode
9.0,22482.0,73541.0,151,95.2,92.8,19,5.32,0.94,0.65,49.1,34.7,0,20.6,4.6,41.1,109,391.2,68.8,15,4,5.0,16.0,0.97,X-Ray Tube Anode
10.3,23247.0,87032.0,168,85.7,75.4,19,5.46,0.77,0.77,49.8,29.0,1,26.6,4.9,36.6,106,398.9,63.7,19,5,5.0,21.0,0.94,X-Ray Tube Anode
5.4,10719.0,33934.0,5,41.2,56.5,7,4.48,0.5,0.4,43.8,27.8,1,29.6,7.2,31.4,90,406.4,80.1,7,3,42.3,150.0,0.56,X-Ray Tube Anode
4.0,8804.0,29550.0,34,46.1,43.3,7,4.77,0.53,0.2,33.6,25.2,0,27.1,6.9,28.3,86,392.9,83.7,6,1,54.0,185.0,0.46,X-Ray Tube Anode
4.2,7959.0,26189.0,24,27.7,48.2,8,4.65,0.3,0.21,44.2,27.8,3,30.1,6.4,32.2,91,390.1,81.5,5,5,35.6,123.0,0.66,High Voltage Power Supply
8.7,21530.0,55059.0,145,86.2,81.5,17,5.58,0.87,0.54,47.0,34.0,1,22.6,4.8,43.6,119,389.4,73.6,15,3,5.0,11.0,0.95,X-Ray Tube Anode
9.9,19018.0,65094.0,95,75.2,75.8,15,5.03,0.82,0.77,54.8,31.7,1,25.3,6.0,40.0,117,394.6,61.6,18,3,5.0,9.0,0.98,X-Ray Tube Anode
2.6,5834.0,21830.0,71,21.8,32.6,3,4.37,0.19,0.26,39.9,27.4,1,28.0,7.0,25.3,71,395.0,88.2,4,1,60.4,198.0,0.41,Coolant Loop Unit
4.8,9397.0,25713.0,92,50.9,61.3,8,4.64,0.49,0.25,41.1,28.8,0,26.8,5.6,37.7,114,389.4,82.5,8,3,37.0,126.0,0.62,X-Ray Tube Anode
10.9,25031.0,84893.0,125,98.0,81.9,19,5.55,0.97,0.66,53.0,32.0,2,23.1,4.8,40.5,112,407.6,62.1,19,3,5.0,29.0,0.95,X-Ray Tube Anode
9.8,22915.0,77691.0,22,79.1,66.3,14,5.02,0.81,0.73,51.4,28.1,0,23.6,6.3,36.3,99,404.5,65.5,15,5,5.0,14.0,0.94,X-Ray Tube Anode
11.8,26861.0,73768.0,15,98.0,86.5,21,5.32,0.98,0.84,54.0,32.2,3,22.9,5.7,41.8,120,387.8,52.8,19,3,5.0,22.0,0.96,X-Ray Tube Anode
9.2,20459.0,54937.0,101,84.0,85.9,17,4.93,0.9,0.66,47.1,31.2,0,23.4,4.9,42.4,110,391.5,68.0,16,6,5.0,20.0,0.94,X-Ray Tube Anode
5.0,12176.0,48341.0,15,45.7,57.1,9,4.88,0.54,0.34,40.9,28.6,0,27.8,7.0,34.1,100,406.8,84.8,11,2,30.1,103.0,0.7,X-Ray Tube Anode
7.3,13528.0,41808.0,153,64.9,65.8,13,5.15,0.72,0.44,41.5,29.5,2,27.5,5.9,37.1,101,389.5,74.3,9,1,22.4,75.0,0.81,X-Ray Tube Anode
8.1,16460.0,46764.0,53,59.6,63.2,11,5.04,0.57,0.5,43.7,29.1,1,30.6,6.4,35.8,95,392.4,76.9,9,0,27.2,90.0,0.74,X-Ray Tube Anode
1.4,2768.0,7631.0,149,24.8,30.0,6,4.26,0.33,0.05,39.8,28.8,3,29.5,6.6,24.9,76,398.3,98.4,6,2,57.1,192.0,0.43,Coolant Loop Unit
6.8,16848.0,58990.0,102,68.1,74.5,14,5.11,0.7,0.43,49.8,33.6,1,24.2,5.7,36.2,96,393.9,74.3,12,1,17.4,62.0,0.82,X-Ray Tube Anode
8.7,17943.0,61259.0,113,79.8,81.6,18,4.91,0.89,0.56,43.6,33.9,1,26.3,5.2,41.7,118,416.7,67.1,16,3,5.0,21.0,0.98,X-Ray Tube Anode
2.4,5607.0,19429.0,32,47.0,56.0,10,4.77,0.53,0.22,40.9,31.4,2,28.5,6.5,33.2,89,403.6,87.5,8,0,39.2,131.0,0.62,X-Ray Tube Anode
9.5,21602.0,56856.0,21,87.8,80.8,17,5.28,0.86,0.67,48.8,33.8,1,25.5,5.5,41.4,111,402.2,66.0,17,4,5.0,15.0,0.97,X-Ray Tube Anode
7.2,14055.0,53975.0,172,55.4,68.1,10,4.91,0.64,0.49,49.9,30.1,2,26.9,4.7,36.4,102,399.6,74.8,7,1,29.6,98.0,0.69,X-Ray Tube Anode
11.5,22527.0,69470.0,83,81.6,84.7,17,5.26,0.86,0.77,52.4,32.0,1,25.1,5.1,42.5,106,406.9,62.5,14,4,5.0,22.0,0.92,X-Ray Tube Anode
1.0,1973.0,5859.0,14,6.9,27.7,3,4.28,0.12,0.04,35.9,25.7,0,31.8,7.6,23.7,73,402.3,95.5,3,1,74.1,256.0,0.28,Coolant Loop Unit
3.6,7414.0,23678.0,15,21.4,32.4,5,4.16,0.27,0.3,39.3,25.6,0,30.7,7.8,24.6,71,396.1,84.3,7,3,54.0,191.0,0.48,High Voltage Power Supply
7.4,14569.0,44947.0,148,56.8,62.1,11,4.96,0.59,0.5,41.4,27.9,0,27.3,5.3,37.6,103,386.9,76.4,7,3,28.7,94.0,0.69,X-Ray Tube Anode
3.9,7093.0,26919.0,34,51.5,57.6,8,4.83,0.63,0.21,42.0,29.4,2,27.7,6.3,35.3,100,394.9,81.8,9,1,39.4,131.0,0.62,X-Ray Tube Anode
8.7,21054.0,81981.0,164,85.2,77.5,17,5.09,0.88,0.62,49.7,29.0,2,24.6,4.8,40.0,117,397.3,69.9,15,4,5.0,25.0,0.98,X-Ray Tube Anode
9.2,22849.0,67524.0,83,87.0,77.0,19,5.01,0.92,0.64,50.1,31.4,0,25.7,5.5,38.0,102,403.8,67.4,16,6,5.0,24.0,0.94,X-Ray Tube Anode
1.7,3424.0,12995.0,9,12.0,26.6,5,4.58,0.18,0.31,40.0,23.7,2,32.8,7.4,24.1,72,407.4,93.5,5,4,49.5,163.0,0.5,High Voltage Power Supply
6.4,13056.0,47944.0,158,48.9,55.7,9,4.97,0.56,0.41,43.5,28.6,0,27.8,5.1,34.1,101,400.0,75.8,6,2,35.1,115.0,0.69,X-Ray Tube Anode
6.4,11466.0,44672.0,77,54.2,56.5,13,4.96,0.65,0.39,46.0,29.1,1,27.2,6.3,32.0,88,400.7,80.4,8,1,31.5,108.0,0.71,X-Ray Tube Anode
4.7,10804.0,30994.0,163,42.5,45.0,9,4.61,0.46,0.32,44.9,26.9,1,27.9,5.7,31.2,90,390.4,83.4,7,0,44.2,156.0,0.54,X-Ray Tube Anode
11.2,26700.0,89856.0,141,98.0,93.8,20,5.0,0.99,0.72,47.4,30.8,1,21.3,4.8,42.6,112,393.1,61.0,21,5,5.0,12.0,0.94,X-Ray Tube Anode
10.0,19057.0,55491.0,174,73.7,72.2,15,5.2,0.7,0.45,43.1,28.9,1,26.9,4.9,41.3,118,385.5,66.1,12,3,8.2,28.0,0.91,X-Ray Tube Anode
8.5,16284.0,60840.0,9,63.1,55.5,13,5.01,0.63,0.57,43.4,29.4,0,27.6,6.6,28.3,81,395.1,65.0,16,1,13.4,51.0,0.87,X-Ray Tube Anode
8.7,20506.0,51430.0,36,74.9,69.8,15,5.04,0.76,0.66,50.1,29.5,1,23.5,5.5,35.7,100,402.6,65.4,14,1,9.1,30.0,0.92,X-Ray Tube Anode
5.8,12964.0,43393.0,117,48.8,61.9,9,4.95,0.49,0.37,45.8,30.3,3,25.4,5.6,36.4,99,405.3,76.4,7,1,32.0,108.0,0.65,X-Ray Tube Anode
11.1,20313.0,61118.0,3,67.4,72.3,13,5.14,0.77,0.52,45.6,30.7,2,26.5,5.8,40.4,113,394.6,60.4,12,3,9.8,40.0,0.89,X-Ray Tube Anode
8.5,18977.0,56628.0,19,58.9,57.7,11,4.93,0.59,0.57,45.6,28.6,1,26.2,6.0,32.2,95,408.5,66.8,10,1,29.1,97.0,0.67,X-Ray Tube Anode
8.9,17911.0,62103.0,156,76.6,82.4,17,5.12,0.83,0.49,44.7,32.4,3,22.7,5.2,40.0,108,411.8,65.6,12,3,5.0,23.0,0.97,X-Ray Tube Anode
10.4,21424.0,80922.0,23,71.7,61.7,16,5.07,0.75,0.6,55.2,28.4,2,23.3,6.2,35.2,102,406.9,62.0,14,2,5.0,16.0,0.95,X-Ray Tube Anode
3.7,8541.0,29157.0,104,37.4,55.4,6,4.75,0.44,0.18,42.5,29.3,2,27.5,6.2,33.6,93,409.5,89.2,7,2,43.5,142.0,0.56,Coolant Loop Unit
9.8,23159.0,87535.0,135,88.6,77.0,18,5.13,0.97,0.68,52.3,30.6,0,23.9,4.5,40.0,109,392.6,67.6,14,4,5.0,20.0,0.94,X-Ray Tube Anode
2.7,5711.0,16544.0,105,30.4,31.4,5,4.63,0.26,0.22,40.8,29.6,2,28.3,6.4,28.1,84,388.5,91.3,6,0,57.6,193.0,0.42,Coolant Loop Unit
4.5,11013.0,36115.0,142,30.3,39.9,6,4.43,0.36,0.43,44.4,25.1,1,28.1,5.7,29.8,86,407.3,85.1,5,1,46.3,152.0,0.55,Coolant Loop Unit
4.4,9088.0,28860.0,46,41.1,46.0,9,4.89,0.42,0.28,38.4,27.0,1,27.7,6.9,30.2,90,411.0,83.8,6,0,46.7,169.0,0.51,X-Ray Tube Anode
11.8,27505.0,69244.0,143,98.0,89.4,21,5.46,0.88,0.76,48.5,32.3,2,23.3,4.6,45.8,123,413.3,58.7,19,9,5.0,19.0,0.94,X-Ray Tube Anode
10.4,22136.0,73829.0,15,91.4,89.9,21,5.19,0.86,0.52,44.6,30.8,3,25.8,5.0,42.2,121,386.6,62.9,17,4,5.0,15.0,0.93,X-Ray Tube Anode
8.6,20794.0,72620.0,51,92.2,91.4,19,5.32,0.93,0.69,47.4,34.1,1,22.5,4.6,42.8,124,400.4,69.4,18,4,5.0,15.0,0.9,X-Ray Tube Anode
8.9,21581.0,73113.0,110,86.9,78.8,17,5.11,0.85,0.7,48.5,30.8,0,25.4,5.3,38.8,111,390.9,68.7,15,4,5.0,25.0,0.98,X-Ray Tube Anode
7.0,12961.0,46717.0,8,32.3,41.2,8,4.81,0.44,0.4,43.4,23.4,0,31.5,7.7,26.5,86,398.6,73.8,4,1,48.9,174.0,0.52,X-Ray Tube Anode
11.4,27972.0,93904.0,69,98.0,81.6,20,5.62,0.97,0.69,50.1,32.8,1,21.4,5.8,39.3,105,406.8,53.3,19,4,5.0,14.0,0.93,X-Ray Tube Anode
6.2,14759.0,38376.0,179,61.6,54.1,12,5.04,0.64,0.35,40.8,27.5,0,28.2,5.0,32.3,93,403.0,79.4,7,0,34.3,118.0,0.66,X-Ray Tube Anode
4.9,11478.0,30699.0,63,44.0,53.6,11,4.96,0.48,0.31,43.4,28.3,4,29.7,6.1,33.2,97,388.3,82.3,8,1,33.1,111.0,0.65,X-Ray Tube Anode
2.4,4609.0,15646.0,68,11.7,19.5,1,4.36,0.2,0.25,39.9,25.4,1,30.7,7.5,23.3,66,398.5,85.9,1,0,71.8,248.0,0.29,Coolant Loop Unit
9.5,22552.0,65681.0,144,87.3,85.8,18,5.36,0.86,0.67,50.5,31.7,1,23.5,4.8,42.1,115,395.8,67.8,17,3,5.0,15.0,0.98,X-Ray Tube Anode
8.9,21427.0,56127.0,152,97.4,88.9,21,5.55,0.93,0.5,43.8,32.1,0,21.7,4.5,43.5,121,407.4,68.8,20,3,5.0,7.0,0.97,X-Ray Tube Anode
4.9,9852.0,30979.0,6,32.0,36.4,5,4.58,0.44,0.35,44.7,30.1,0,26.5,7.1,28.6,78,394.2,77.2,7,1,50.7,167.0,0.45,Coolant Loop Unit
0.8,1948.0,6489.0,119,5.0,24.3,4,4.27,0.11,0.03,34.2,21.7,2,34.6,6.9,22.1,74,401.3,100.0,3,0,73.2,254.0,0.24,Coolant Loop Unit
10.1,18621.0,55736.0,57,62.7,57.6,17,5.09,0.65,0.5,50.9,27.0,1,29.3,6.2,33.7,97,397.4,63.3,18,2,11.4,35.0,0.86,X-Ray Tube Anode
0.6,1203.0,4306.0,31,5.0,22.3,5,4.36,0.17,0.16,37.8,23.0,2,32.6,7.6,26.2,80,414.2,100.0,3,0,70.8,245.0,0.28,Coolant Loop Unit
8.6,18700.0,64808.0,6,88.2,87.7,18,5.14,0.91,0.61,48.1,35.2,1,21.6,6.0,39.9,110,405.6,72.4,14,5,5.0,19.0,0.95,X-Ray Tube Anode
11.7,25683.0,77030.0,157,98.0,87.8,23,5.05,0.94,0.82,54.9,31.6,1,24.3,4.8,47.1,125,399.0,63.0,18,10,5.0,13.0,0.98,X-Ray Tube Anode
5.5,12458.0,45253.0,67,55.0,51.5,12,4.83,0.63,0.38,45.8,28.5,0,28.8,6.4,30.8,89,397.1,79.8,7,1,34.2,116.0,0.63,X-Ray Tube Anode
3.2,5802.0,20151.0,131,15.4,35.2,3,4.07,0.27,0.28,43.8,25.5,0,29.8,6.4,27.9,82,399.9,88.4,2,3,57.3,192.0,0.43,Coolant Loop Unit
8.6,21276.0,73534.0,156,78.1,68.4,16,4.99,0.81,0.57,52.9,31.1,1,24.6,4.9,37.7,103,417.5,70.9,17,3,5.0,15.0,0.9,X-Ray Tube Anode
9.9,18123.0,60354.0,74,79.5,80.4,15,5.02,0.79,0.51,48.3,31.6,2,27.1,5.4,36.9,106,404.7,65.3,15,3,5.0,8.0,0.93,X-Ray Tube Anode
6.8,12890.0,32446.0,114,62.2,63.1,12,4.86,0.64,0.37,42.9,30.0,1,28.8,5.8,33.4,93,402.5,77.3,9,0,28.0,95.0,0.69,X-Ray Tube Anode
11.6,21032.0,74552.0,97,79.0,74.4,19,5.27,0.8,0.61,46.9,32.9,2,22.4,5.5,39.4,112,405.5,58.1,22,4,5.0,14.0,0.91,X-Ray Tube Anode
1.1,2404.0,7365.0,176,21.0,41.7,2,4.61,0.23,0.01,34.8,27.7,2,27.9,5.5,29.5,84,404.6,90.0,1,1,65.3,222.0,0.36,Coolant Loop Unit
6.3,15464.0,60524.0,80,60.0,66.2,10,5.0,0.64,0.44,49.2,28.8,0,27.1,5.5,34.3,106,405.3,75.6,7,2,26.1,91.0,0.73,X-Ray Tube Anode
8.8,19857.0,74005.0,123,85.1,70.3,19,5.32,0.91,0.7,46.1,30.9,1,25.0,5.0,40.0,108,405.5,69.7,16,5,5.0,20.0,0.95,X-Ray Tube Anode
10.4,24757.0,83718.0,138,98.0,84.5,21,5.47,1.03,0.62,46.2,35.8,11,22.5,5.1,41.6,110,392.2,63.7,18,4,5.0,14.0,0.92,X-Ray Tube Anode
2.6,4634.0,13339.0,33,6.7,32.1,2,3.91,0.14,0.07,35.8,26.7,3,32.3,6.5,26.2,76,389.6,96.0,3,1,64.6,216.0,0.38,Coolant Loop Unit
9.7,21140.0,59311.0,140,88.2,72.1,20,5.26,0.95,0.51,43.8,30.9,3,24.1,4.5,43.1,124,405.6,64.0,17,7,5.0,16.0,0.93,X-Ray Tube Anode
6.9,14547.0,43794.0,44,69.6,69.6,14,4.77,0.82,0.65,48.1,28.3,3,25.3,5.7,34.8,96,402.9,76.2,14,1,11.2,44.0,0.91,X-Ray Tube Anode
5.1,10876.0,34965.0,13,39.0,51.9,6,4.74,0.44,0.38,48.7,29.3,1,27.1,7.0,28.9,82,395.6,83.4,6,0,45.6,152.0,0.57,X-Ray Tube Anode
2.0,3728.0,10977.0,152,6.5,27.0,4,3.96,0.19,0.13,36.9,26.5,0,32.7,6.3,24.7,70,394.5,93.4,5,2,66.7,223.0,0.34,Coolant Loop Unit
10.5,23819.0,77944.0,172,98.0,93.8,19,5.35,0.87,0.69,51.4,33.7,2,21.0,3.7,45.3,126,404.1,60.1,17,7,5.0,11.0,0.96,X-Ray Tube Anode
2.3,4969.0,13654.0,57,20.9,39.2,5,4.53,0.23,0.2,34.4,26.9,1,27.8,6.9,28.8,77,404.1,92.2,5,1,56.2,194.0,0.42,Coolant Loop Unit
4.1,9489.0,37637.0,96,35.3,48.6,6,4.46,0.42,0.25,37.2,32.1,2,27.8,6.3,29.4,85,388.0,81.8,8,1,46.0,155.0,0.51,Coolant Loop Unit
3.8,8207.0,21846.0,144,32.8,49.4,7,4.74,0.34,0.23,42.8,29.2,0,29.0,6.0,28.5,81,400.4,84.3,4,0,54.0,179.0,0.46,Coolant Loop Unit
10.5,20038.0,78108.0,109,66.8,69.7,13,5.08,0.8,0.57,52.6,32.2,3,27.9,5.9,37.7,103,399.0,61.7,11,1,14.9,47.0,0.86,X-Ray Tube Anode
